id,en,cn,brand,hall,booth,scope,cats,catalogues
official_0,"LANXI JIEKE SPORTS APPARATUS MANUFACTURING CO., LTD.",兰溪市捷克运动器材制造有限公司,JAK,E1,E1-0001,,,Lanxi Jieke Catalog2026.pdf
official_1,REBORN BICYCLE COMPANY LTD.,深圳市松展商贸有限公司,SINOPNE,E1,E1-0009,,,
official_2,"NINGBO K.S.D. VEHICLE ACCESSORIES CO., LTD.",宁波市镇海凯盛达车辆配件有限公司,KSD,E1,E1-0011,,,
official_3,ANHUI ELITE INDUSTRIAL,安徽易瑞德实业有限公司,ELITE,E1,E1-0013,,,
official_4,"HEBEI XUHUA BICYCLE CO., LTD.",邢台旭华车业有限公司,XUHUA,E1,E1-0015,,,
official_5,"XINGTAI WEILIAN BICYCLE CO., LTD.",邢台市唯链自行车有限公司,WEILIAN,E1,E1-0017,,,
official_6,EAST SUN,同心石（上海）贸易有限公司,EAST SUN,E1,E1-0019,,,
official_7,"DONGGUAN ZHIYU TECHNOLOGY CO., LTD.",东莞智宇科技有限公司,ZHIYU,E1,E1-0022,,,
official_8,"DFS TECH (SHENZHEN) CO., LTD.",深圳市东升创科技有限公司,DFS,E1,E1-0023,,,
official_9,"TIANJIN KEYO BICYCLE CO., LTD.",天津凯欧自行车有限公司,KEYO,E1,E1-0025,,,
official_10,"HANGZHOU HONGXING CHAIN MANUFACTURING CO., LTD.",杭州红星链条制造有限公司,HONGXING,E1,E1-0028,,,
official_11,"PINGXIANG COUNTY YIZHE BICYCLE CO., LTD.",平乡县亿浙车业有限公司,YIZHE,E1,E1-0029,,,
official_12,"DSK CO., LTD.",东莞市吉全运动器材有限公司,DSK,E1,E1-0031,,,
official_13,"GIANT CO., LTD.",捷安特投资有限公司【捷安特（昆山）有限公司/鼎镁新材料科技股份有限公司】,GIANT / D.MAG,E1,"E1-0105, E1-0113",,,
official_14,"GUANGZHOU KESPOR BICYCLE CO., LTD.",广州凯斯博自行车有限公司,KESPOR,E1,E1-0116,,,
official_15,"TIANJIN LEIFA INDUSTRY AND TRADE CO., LTD.",天津市雷发工贸有限公司,LEIFA,E1,E1-0121,,,
official_16,"KOMDA INDUSTRIAL (DONGGUAN) CO., LTD.",东莞镁迪电子有限公司,KOMDA,E1,E1-0123,,,
official_17,"SHANGHAI ROLLINGSTONE BICYCLE CO., LTD.",上海唯德自行车有限公司,ROLLING STONE,E1,E1-0126,,,
official_18,"HUIZHOU SINBAO BICYCLE CO., LTD.",惠州市信宝自行车有限公司,SINBAO,E1,E1-0131,,,
official_19,"HANGZHOU WANGZHENG BICYCLE CO., LTD.",杭州王征车业有限公司,WANG ZHENG,E1,E1-0133,,,
official_20,"SHENZHEN LEBYCLE BIKE TECHNOLOGY CO., LTD.",深圳市乐享单车科技有限公司,MALEVI,E1,E1-0136,,,
official_21,"TANGSHAN JINTAI METAL PRODUCTS CO., LTD.",唐山市金泰金属制品有限公司,JINTAI,E1,E1-0139,,,
official_22,"TIANJIN DONGYA CHAIN CO., LTD.",天津市东亚链条有限公司,DYC,E1,E1-0142,,,
official_23,"SHANGHAI PHOENIX BICYCLE CO., LTD.",上海凤凰自行车有限公司,PHOENIX / PHOENIX BICYCLE,E1,"E1-0201, W5-0901",,,
official_24,"TIANJIN TIANHENG INTELLIGENT TECHNOLOGY CO., LTD.",天津天恒智能科技有限公司,DUSHIMA,E1,E1-0316,,,
official_25,"DONGGUAN DAIDAILE TECHNOLOGY CO., LTD.",东莞市代戴乐科技有限公司,DAIDAILE,E1,E1-0321,,,
official_26,"TIANJIN DUSHIMA BICYCLE CO., LTD.",天津都市玛科技有限公司,DUSHIMA,E1,E1-0326,,,
official_27,"TIANJIN ANBU CYCLE CO., LTD.",天津安步车业有限公司,ANBU,E1,E1-0331,,,
official_28,"TIANJIN MALEVI SPORTS EQUIPMENT CO., LTD.",天津玛乐维运动器材有限公司,MALEVI,E1,E1-0336,,,
official_29,"TIANJIN SHENGRUI BICYCLE CO., LTD.",天津晟瑞自行车有限公司,SHENGRUI,E1,E1-0342,,,
official_30,"HONGRUI TIANCHENG TECHNOLOGY (TIANJIN) CO., LTD.",鸿瑞天成科技（天津）有限公司,HONGRUI TIANCHENG,E1,E1-0345,,,
official_31,"MERIDA BICYCLE (SHANDONG) CO., LTD.",美利达自行车（山东）有限公司,MERIDA,E1,E1-0505,,,
official_32,"GUANGZHOU WUYANG BICYCLE CO., LTD.",广州五羊自行车有限公司,WUYANG,E1,E1-0511,,,
official_33,"TIANJIN FLYINGPIGEON BICYCLE CO., LTD.",天津飞鸽车业有限公司,FLYING PIGEON,E1,E1-0516,,,
official_34,"OYAMA TECHNOLOGY (NANTON) CO., LTD.",欧亚马电动科技（江苏）有限公司,OYAMA,E1,E1-0521,,,
official_35,YONG QI (CHINA) BICYCLE INDUSTRIAL CORP.,永祺（中国）车业股份有限公司,YONG QI,E1,E1-0526,,,
official_36,"SHENZHEN LIZHIXIN TECHNOLOGY CO., LTD.",深圳市笠智鑫科技有限公司,KESPOR,E1,E1-0531,,,笠智鑫GTMRK 2023 NEW CATALOGUE.pdf
official_37,"TIANJIN QIAN JUN BICYCLE CO., LTD.",天津市千钧自行车有限公司,ARISE BIKE,E1,E1-0536,,,
official_38,"SHENZHEN PU RUO KEN TECHNOLOGY CO., LTD.",深圳普偌肯科技有限公司,IDEAL CHINA,E1,E1-0542,,,
official_39,深圳普洛姆运动科技有限公司,深圳普洛姆运动科技有限公司,普洛姆运动,E1,E1-0544,,,
official_40,"SHENZHEN KESPOR BICYCLE CO., LTD. / HUIZHOU KESPOR BICYCLE CO., LTD.",惠州凯斯普瑞自行车有限公司,KESPOR,E1,E1-0731,,,
official_41,"TIANJIN ARISE BIKE CO., LTD.",天津市阿琳达运动器材有限公司,ARISE,E1,E1-0736,,,
official_42,"IDEAL (DONGGUAN) BIKE CO., LTD.",爱地雅（东莞）自行车有限公司,IDEAL,E1,E1-0742,,,
official_43,DONGGUAN JUSTECH CORPORATION LIMITED,东莞市杰顺车业科技有限公司,JUSTECH,E1,E1-0745,,,
official_44,"SHANGHAI FOREVER BICYCLE CO., LTD.",上海永久自行车有限公司,FOREVER,E1,E1-0901,,,
official_45,"TIANJIN FUJI-TA BICYCLE INDUSTRIAL CO., LTD.",天津富士达自行车工业股份有限公司,BATTLE,E1,E1-0905,,,
official_46,"NINGBO XINGLONG BICYCLE CO., LTD.",宁波兴隆巨创机电科技有限公司,NINGBO XINGLONG,E1,E1-0916,,,
official_47,"TIANJIN KELIN VEHICLE CO., LTD.",天津科林车业有限公司,KELIN VEHICLE,E1,E1-0921,,,
official_48,"SUZHOU KMC INDUSTRY AND TRADE CO., LTD.",苏州桂盟科恩斯工贸有限公司,KMC,E1,E1-0926,,,
official_49,"TIANJIN SHENGMEILIN BICYCLE CO., LTD.",天津市盛美林自行车有限公司,AOMEI,E1,E1-0931,,,
official_50,GUANGZHOU VIVA BICYCLE CORP. LTD.,广州威华自行车有限公司,SML,E1,E1-0936,,,
official_51,"TIANJIN KINGTY BICYCLE CO., LTD.",天津锦泰自行车有限公司,KINGTY,E1,E1-0942,,,
official_52,"TIANJIN AOMEI INDUSTRIAL CO., LTD.",天津市奥美工贸有限公司,AOMEI,E1,E1-1131,,,
official_53,HANGZHOU GOOD FAITH,杭州名诚贸易有限公司,GOOD FAITH,E1,E1-1136,,,
official_54,"DAHON TECH (SHENZHEN) CO., LTD.",大行科工（深圳）股份有限公司,DAHON GROUP / DAHON,E1,"E1-1305, E1-1701",,,
official_55,"TIANJIN AISAIKE BICYCLE CO., LTD.",天津爱赛克车业有限公司,ASK,E1,E1-1311,,,
official_56,"SHENZHEN SANDINCYCLE CO., LTD.",深圳市三鼎车业有限公司,SANDIN,E1,E1-1316,,,
official_57,"HUIZHOU SAVA BICYCLE CO., LTD.",惠州萨瓦自行车有限公司,SAVA,E1,E1-1321,,,
official_58,"TANGSHAN JINHENTONG BICYCLE PARTS CO., LTD.",唐山金亨通车料有限公司,JINHENTONG,E1,E1-1326,,,
official_59,"TIANJIN GAMMA ELECTRIC TECHNOLOGY CO., LTD.",天津捷马电动科技有限公司,GAMMA,E1,E1-1331,,,
official_60,"ACETRIKES BICYCLES (ANHUI) CO., LTD.",安徽见诚自行车有限公司,B.B.KING,E1,E1-1336,,,
official_61,"GUANGZONG TONGFENG CHILDREN'S TOYS CO., LTD.",广宗县童枫儿童玩具有限公司,FASTACE,E1,E1-1342,,,
official_62,"TIANJIN SAFEWAY SPORTS CO., LTD.",天津市赛威运动器材有限公司,SAFEWAY,E1,E1-1531,,,
official_63,"TIANJIN SAFEWAY GREEN THEH CO., LTD.",天津市绿之行科技有限公司,GREEN TECH,E1,E1-1534,,,
official_64,"BERNARD (TANGSHAN) TECHNOLGY CO., LTD.",伯纳德（唐山）科技有限公司,BERNARD TECHNOLGY,E1,E1-1536,,,
official_65,"CHENG FENG PRECISION TECHNOLOGY CO., LTD.",诚锋精密科技股份有限公司,SHANGHAI CATHAY,E1,E1-1542,,,
official_66,"SHANGHAI CATHAY I.T. CO., LTD.",上海开卅信息技术有限公司,CATHAY I,E1,E1-1544,,,
official_67,"SHENZHEN VIBEE TECHNOLOGY CO., LTD.",深圳市玮泊科技有限公司,VIBEE,E1,E1-1707,,,
official_68,"SHENZHEN GUB BIKE TRADING CO., LTD.",深圳市金盟自行车贸易有限公司,GUB,E1,E1-1709,,,2026 GUB CATALOG-SEAT.pdf|2026 GUB CATALOG.pdf|2026 GUB GLASSES NEW QUOTATION.xls|2026 GUB GLASSES QUOTATION.xls|2026 GUB CATALOG-ALL.pdf|2026 GUB CATALOG-GLASSES.pdf|2025 GUB Bike E-Catalog.pdf|GUB Bike E-Catalog 2025.pdf
official_69,TAICANAG DONGCHENG PLASTIC COMPANY,太仓东诚塑胶有限公司,DC PLASTIC,E1,E1-1712,,,
official_70,"LINHAO TECHNOLOGY (HUIZHOU) CO., LTD.",良豪科技（惠州）有限公司,SAMONIX,E1,E1-1715,,,
official_71,TAIZHOU HUANGYAN FANGDA VEHICLE FITTINGS FACTORY,台州市黄岩方大车辆配件厂,FANGDA,E1,E1-1717,,,
official_72,"JIANGYIN CHIVER CABLE CO., LTD.",无锡华萨车业有限公司/江阴华江导索有限公司,CHIVER,E1,E1-1721,,,
official_73,"AZURTEK TECHNOLOGY (NING BO) CO., LTD.",宁波欧卓车业有限公司,AZURETA,E1,E1-1723,,,
official_74,"GUANAGDONG CHICHEN CYCLING CO., LTD.",广东赤辰车业有限公司,PIJOU,E1,E1-1725,,,
official_75,惠州市普欧运动器材有限公司,惠州市普欧运动器材有限公司,惠州市普欧,E1,E1-1726,,,
official_76,"GUANGZHOU YISHIGAO ELECTRONIC CO., LTD.",广州伊仕高电子有限公司,YISHIGAO,E1,E1-1728,,,
official_77,COMPREHENSIVE TECHNOLOGY SERVICE CENTER OF KUNSHAN CUSTOMS,昆山海关综合技术服务中心,YT EASING,E1,E1-1729,,,
official_78,PINGXIANG COUNTY YUANTU BICYCLE ACCESSORIES FACTORY,平乡县远途自行车配件厂,YUANTU FACTORY,E1,E1-1730,,,
official_79,"DONGGUAN EASING HARDWARE CO., LTD.",东莞市毅鑫五金制品有限公司,EASING,E1,E1-1731,,,
official_80,"XINGTAI FURUIKE BICYCLE CO., LTD.",邢台福瑞克自行车有限公司,QIANJUN BICYCLE,E1,E1-1801,,,
official_81,"MAANSHAN YIJUN METAL PRODUCTS CO., LTD.",马鞍山益隽金属制品有限公司,YIJUN,E1,E1-1804,,,
official_82,"LANXI AOTONG FRICTION MATERIAL CO., LTD.",兰溪奥通摩擦材料有限公司,LANXI AOTONG,E1,E1-1806,,,
official_83,"GUANG ZONG DIAMOND BICYCLE FREEWHEEL CO., LTD.",广宗钻石自行车飞轮有限公司,GUANG ZONG,E1,E1-1807,,,
official_84,"TABITHA SPORTS EQUIPMENT (TIANJIN) CO., LTD.",踏比达运动器材（天津）有限公司,TABITHA,E1,E1-1811,,,
official_85,LIOW KO ELECTRONIC TECHNOLOGY (SZ) LTD.,六哥电子科技（深圳）有限公司,LIOW KO,E1,E1-1813,,,
official_86,"HANGZHOU NOVICH MACHINERY TECHNOLOGY CO., LTD.",杭州诺维奇机械科技有限公司,TONG FENG,E1,E1-1815,,,
official_87,CIXI KUANGYAN HONGPENG OUTDOOR PRODUCTS FACTORY,慈溪市匡堰洪鹏户外用品厂,KUANGYAN HONGPENG,E1,E1-1816,,,
official_88,"NANTONG YUQI METAL PRODUCTS CO., LTD.",南通雨奇金属制品有限公司,YUQI,E2,E2-0001,,,2026 EDMUND CATALOG.pdf
official_89,平乡县迈骑自行车配件厂,平乡县迈骑自行车配件厂,平乡县迈骑自行车配件厂,E2,E2-0005,,,
official_90,"FOSHAN JUDATONG TECHNOLOGY CO., LTD.",佛山市聚达通科技有限公司,JUDATONG,E2,E2-0008,,,
official_91,"HEBEI NAILI BICYCLE MANUFACTURING CO., LTD.",河北耐力自行车制造有限公司,NAILT,E2,E2-0009,,,
official_92,XON LTD.,欧马有限公司,XON,E2,E2-0011,,,
official_93,"TSAI JUNG METAL PRODUCTS (TAICANG) CO., LTD.",财荣金属制品（太仓）有限公司,TASILYUN,E2,E2-0013,,,
official_94,"CIXI KAIZHI BICYCLE CO., LTD.",慈溪市凯质车业有限公司,KAIZHI,E2,E2-0015,,,2026 KAIZHI CATALOG.pdf
official_95,"XIN RUI SHENG HARDWARE PRODUCT (SHENZHEN) CO., LTD.",深圳市鑫睿升五金制品有限公司,XRS,E2,E2-0017,,,
official_96,"TIANJIN FEIYADA STEEL BALLS CO., LTD.",天津市飞亚达钢珠有限公司,SYNERGRE,E2,E2-0021,,,
official_97,CIXI KUANGYAN AOCHIDA VEHICLE SPARE PARTS FACTORY,慈溪市匡堰镇奥驰达车业配件厂,KUANGYAN AOCHIDA,E2,E2-0022,,,
official_98,"TIANJIN BAIFENG BICYCLE PARTS CO., LTD.",天津百丰自行车零件有限公司,BAIFENG,E2,E2-0023,,,
official_99,"FEIXIANG BICYCLE TECHNOLOGY (XINGTAI) CO., LTD.",飞翔自行车科技（邢台）有限公司,FEIXIANG,E2,E2-0025,,,
official_100,HAIBO BICYCLE SPARE PARTS LTD.,平乡县海波自行车配件有限公司,FEIDIANG,E2,E2-0027,,,
official_101,"JURONG GOOD METAL PRODUCTS CO., LTD.",句容市固德五金制品有限公司,GOOD,E2,E2-0031,,,
official_102,"ZHUHAI L-TWOO SPORT TECHNOLOGY CO., LTD.",珠海蓝图运动科技股份有限公司,L-TWOO,E2,E2-0105,,,
official_103,"NINGBO TINGBO BICYCLE CO., LTD.",宁波挺博车业有限公司,TINGBO,E2,E2-0111,,,
official_104,CHANGZHOU GIMENI METALLIC PRODUCTS,常州捷美耐金属制品有限公司,GIMENI METALLIC,E2,E2-0116,,,
official_105,"CHANGZHOU JUNYUE BICYCLE CO., LTD.",常州君悦车业有限公司,JUNYUE,E2,E2-0118,,,
official_106,"JIANGSU TRAMA INDUSTRIAL TECHNOLOGY CO., LTD.",江苏川玛工业科技有限公司,TRAMA,E2,E2-0121,,,2025 Trama introduction.pdf|2026 Trama CATALOG.pdf
official_107,"TAIZHOU ANTAI BICYCLE CO., LTD.",泰州市安泰车业有限公司,ANTAI,E2,E2-0123,,,
official_108,天津市瑞安自行车有限公司,天津市瑞安自行车有限公司,瑞安,E2,E2-0126,,,
official_109,"DONGGUAN XINYUSHENG METAL PRODUCTS CO., LTD.",东莞市欣裕盛金属制品有限公司,XINYUSHENG,E2,E2-0132,,,2026 XINYUSHENG CATALOG.pdf
official_110,"KINESIS INDUSTRY CO., LTD.",广州经济技术开发区卜威工业有限公司,KINESIS,E2,E2-0134,,,
official_111,"TIANJIN YAKUO INDUSTRY TRADE CO., LTD.",大城县坤翊金属材料有限公司（天津市雅阔工贸有限公司）,YAKUO,E2,E2-0136,,,2026 YAKUO CATALOG.pdf
official_112,"SHANGHAI SUMMARUI INDUSTRY CO., LTD.",上海虎贲车业有限公司,SUMMARUI,E2,E2-0142,,,
official_113,"SHUENN-DER GOODLY PAINT CO., LTD.",佛山市顺德区固得丽涂料有限公司,SHUENN-DER GOODLY,E2,E2-0145,,,
official_114,"HAOMENG BICYCLE (SHANGHAI) CO., LTD. / MINTA AL-TECH (TAICANG) CO., LTD. / SUZHOU MAYA TRADING CO., LTD. / TAICANG TEC INTERNATIONAL TRADING CO., LTD.",浩盟车料（上海）有限公司/明达铝业科技（太仓）有限公司/苏州鑫镁亚贸易有限公司/太仓钛克国际贸易有限公司,L-TWOO,E2,E2-0201,,,
official_115,"SHENZHEN DUOTE BICYCLE CO., LTD.",深圳市多特自行车有限公司,DUOTE,E2,E2-0326,,,2026 DUOTE CATALOG.pdf
official_116,天津迈金机械科技有限公司,天津迈金机械科技有限公司,迈金,E2,E2-0329,,,
official_117,"NINGBO RISHANG HARDWARE PRODUCTS CO., LTD.",宁波日尚五金制品有限公司,RISHANG,E2,E2-0332,,,
official_118,"CHANGSHU CHANGFA ALUMINUM IND CO., LTD.",常熟市长发铝业有限公司,CHANGSHU CHANGFA,E2,E2-0336,,,
official_119,"SHENZHEN MOMO TRADING CO., LTD.",深圳市么么贸易有限公司,MOMO,E2,E2-0342,,,
official_120,"GUANGZHOU MCYCLE SPORTS PRODUCTS CO., LTD.",广州市魅骑运动用品有限公司,MCYCLE,E2,E2-0345,,,
official_121,"MAGIX NEW MATERIAL TECHNOLOGY (JIANGSU) CO., LTD.",江苏迈吉斯新材料科技有限公司,MAGIX,E2,E2-0346,,,
official_122,"VELO CYCLE (KUNSHAN) CO., LTD.",维乐车料（昆山）有限公司,SR SUNTOUR,E2,E2-0405,,,
official_123,"WELLGO CYCLE ACCESSORIES (KUNSHAN) CO., LTD.",维格车料（昆山）有限公司,PSJ,E2,E2-0407,,,WELLGO_2025_CATALOG.pdf
official_124,"JUSTEK VEHICLE CO., LTD. TIANJIN.CHINA",天津嘉思特车业股份有限公司,UDING,E2,E2-0411,,,
official_125,"SHENZHEN FDKOBE BIKE CORP CO., LTD.",深圳市锋达科技有限公司,FDKOBE,E2,E2-0416,,,
official_126,"LANXI ASIASHENG MACHINERY CO., LTD.",兰溪亚晟机械有限公司,LANXI ASIASHENG,E2,E2-0418,,,
official_127,"HUIZHOU SOLON SPORTS EQUIQMENT CO., LTD.",惠州速轮运动器材有限公司,GINEYEA,E2,E2-0421,,,
official_128,"SINGGRIL HARDWARE IND (KUNSHAN) CO., LTD.",新格五金工业（昆山）有限公司,SING KANG,E2,E2-0526,,,
official_129,"DONGTAI KANGLONG BICYCLE CO., LTD.",东台市康隆车业有限公司,DONGTAI KANGLONG,E2,E2-0528,,,
official_130,"KUNSHAN JOGON PACKING CO., LTD.",昆山久广包装制品有限公司,JOGON PACKING,E2,E2-0530,,,
official_131,"SHENZHEN WATE TECHNOLOGY INTELLIGENT MANUFACTURING CO., LTD.",深圳市瓦特技术智造有限公司/恩利,WATE,E2,E2-0532,,,
official_132,"HEBEI PUSAI BICYCLE CORP., LTD.",河北普赛自行车有限公司,PUSAI,E2,E2-0534,,,2026 PUSAI CATALOG 1.pdf|2026 PUSAI CATALOG.pdf|2026 PUSAI CATALOG-METAL PARTS.pdf|2026 PUSAI CATALOG-TIRE.pdf|2026 PUSAI CATALOG PLASTIC PART.pdf|2026 PUSAI CATALOG -SEAT.pdf|2025 PUSAI NEW CATALOGUE-已压缩.pdf
official_133,"SHENZHEN TANKE BIKE CO., LTD.",深圳碳客自行车有限公司,PUSAI,E2,E2-0536,,,
official_134,"LANXI RUIXIANG CHAIN CO., LTD.",兰溪市瑞祥链业有限公司,LANXI RUIXIANG,E2,E2-0539,,,2026 RUIXAING CATALOG.pdf
official_135,"HANDAN TENGLIN BICYCLE CO., LTD.",邯郸市腾林自行车有限公司,TENGLIN,E2,E2-0542,,,
official_136,"DESTINY RACING (HUAIAN) INTERNATIONAL CO., LTD.",明伦运动器材（淮安）有限公司,MINGLUN,E2,E2-0545,,,
official_137,"SR SUNTOUR MACHINERY (KUNSHAN) CO., LTD.",荣轮机械（昆山）有限公司,SR SUNTOUR,E2,E2-0705,,,
official_138,"PIN SHANG JIA BICYCLE (SHENZHEN) APPLIANCE CO., LTD.",品上佳自行车（深圳）有限公司,PIN SHANG,E2,E2-0711,,,
official_139,"SHENZHEN YONG DING HONG SCIENCE AND TECHNOLOGY CO., LTD.",深圳市永鼎宏科技有限公司,YONG DING,E2,E2-0716,,,
official_140,"SHENZHEN GINEYEA TECHNOLOGY CO., LTD.",深圳市景晔交通器材有限公司,GINEYEA,E2,E2-0721,,,
official_141,"XINGTAI YIFENG TECHNOLOGY CO., LTD.",邢台燚烽科技有限公司,YIFENG,E2,E2-0729,,,
official_142,"NINGBO LONGHUI BICYCLE CO., LTD.",宁波隆辉车业有限公司,LONGHUI,E2,E2-0732,,,
official_143,"SHENZHEN YIBOTONG BICYCLE PART CO., LTD.",深圳市益钵通自行车配件有限公司,YIBOTONG PART,E2,E2-0736,,,
official_144,"SHENZHEN MOTION SPORTS INDUSTRY CO., LTD.",深圳市魔迅体育实业有限公司,MOTION,E2,E2-0742,,,2026 Motion CATALOG.pdf
official_145,"KUNSHAN XERO BICYCLE MATERIAL CO., LTD.",昆山鑫元鸿车料有限公司,XERO,E2,E2-0745,,,
official_146,"NINGBO SHUNFENG BICYCLE CO., LTD.",宁波晟路车业有限公司（原顺峰）,SHENQLU,E2,E2-0901,,,
official_147,江苏美乐链条车圈有限公司/江苏华久辐条制造有限公司,江苏美乐链条车圈有限公司/江苏华久辐条制造有限公司,MEILE/HUAJIU,E2,E2-0905,,,
official_148,HL CORP (SHENZHEN),深圳信隆健康产业发展股份有限公司,HL,E2,E2-0911,,,
official_149,"NINGBO SUNRUN BICYCLE CO., LTD.",宁波日骋车业有限公司,SUNRUN,E2,"E2-0916, E2-0334",,,
official_150,NECO,江苏志庆精密五金零件有限公司,NECO,E2,E2-0921,,,2023-2024 NECO 志庆碗组Catalogue.pdf
official_151,"CIXI CITY KENLI AXLES CO., LTD.",慈溪市肯力中轴有限公司,CITY KENLI,E2,E2-0926,,,
official_152,SLHBIKE,上海箭羽贸易有限公司,SLHBIKE,E2,E2-0932,,,
official_153,TIANJIN DACHENG WEIYE TECHNOLOGY INC.,天津市大城伟业科技股份有限公司,DACHENG WEIYE,E2,E2-0934,,,
official_154,"FASTACE PRECISION METALS CO., LTD.",中山市法斯特精密五金有限公司,FASTACE,E2,E2-0936,,,
official_155,"CIONLLI BICYCLE COMPONENTS CO., LTD.",祥力自行车配件（太仓）有限公司,CIONLLI,E2,E2-0939,,,
official_156,"SUZHOU FALCON CYCLE-PARTS CO., LTD.",苏州福而康车料有限公司,FALCON CYCLE-PARTS,E2,E2-0942,,,
official_157,"YUNGFANG PLASTIC METAL (KUNSHAN) CO., LTD.",永芳塑胶（昆山）有限公司,YUNGFANG,E2,E2-0945,,,
official_158,INTRODUCTION TO QINGDAO CHOHO INDUSTRIAL,青岛征和工业股份有限公司,INTRODUCTION TO,E2,E2-1132,,,
official_159,"CHAGNZHOU ZHEGNLUN BICYCLE TECHNOLOGY CO., LTD.",常州正伦车业科技有限公司,CHAGNZHOU ZHEGNLUN,E2,E2-1136,,,
official_160,"NINGBO DOUYU PLASTIC CO., LTD.",宁波市大圆塑胶有限公司,DOUYU,E2,E2-1142,,,
official_161,"YIWU BUNGO OUTDOOR PRODUCTS CO., LTD.",义乌蹦果户外用品有限公司/慈溪市通利车业有限公司,BUNGO,E2,E2-1145,,,
official_162,"CYCLE-BAY INTERNATIONAL CO., LTD.",大甲车业,CYCLE-BAY,E2,E2-1205,,,
official_163,"HUIZHOU MINGRUI SPORTS EQUIPMENT CO., LTD.",惠州市铭瑞运动器材有限公司,MINGRUI,E2,E2-1216,,,
official_164,"XIANGYU INDUSTRIAL (TAICANG) CO., LTD.",翔宇实业（太仓）有限公司,XIANGYU,E2,E2-1218,,,
official_165,"WUXI LASCO PRECISION MACHINE CO., LTD.",无锡莱斯克精密机件有限公司,LASCO,E2,E2-1221,,,
official_166,"TEKTRO (WUXI) TECHNOLOGY CO., LTD.",伟成（无锡）金属有限公司,TEKTRO,E2,E2-1223,,,
official_167,"NINGBO ZHONGYING BICYCLE PARTS CO., LTD.",宁波钟赢车业有限公司,ZHONGYING,E2,E2-1226,,,2026 LOGAN CATALOG.pdf
official_168,"NINGBO HAOXING BICYCLE INDUSTRY CO., LTD.",宁波豪星车业有限公司,HAOXING,E2,E2-1326,,,
official_169,"TIANJIN ACCURA BICYCLE COMPONENTS CO., LTD.",天津顺泽天自行车零件有限公司（世兴恒）,ACCURA,E2,E2-1332,,,
official_170,"GUANGZHOU LEONIS MACHINERY CO., LTD.",广州市银三环机械有限公司,LEONIS,E2,E2-1334,,,
official_171,"HANGZHOU MINGYANG BICYCLE CO., LTD.",杭州铭洋车业有限公司,SLH,E2,E2-1336,,,
official_172,惠州市东鑫源五金制品有限公司,惠州市东鑫源五金制品有限公司,惠州市东鑫源五金制品,E2,E2-1339,,,
official_173,"TIANJIN RUIJIN SPORTS CO., LTD.",天津瑞锦体育用品有限公司,FASTACE,E2,E2-1342,,,
official_174,"TIANJIN AIBAIKE BICYCLE CO., LTD.",天津市艾拜克自行车股份有限公司,CIONLI,E2,"E2-1345, W5-0915, E3-1640",,,
official_175,"ASSESS PRECISION OPTICAL MACHINERY (JIANGSU) CO., LTD. / ASSESS INDUSTRY CO., LTD.",雅瑟斯精密机械（江苏）有限公司/雅瑟斯工业股份有限公司,ASSESS OPTICAL,E2,E2-1346,,,
official_176,"HUIZHOU SHUNMENG TECHNOLOGY CO., LTD.",惠州市顺盟科技有限公司,SHUNMENG,E2,E2-1505,,,2027 MOYA CATALOG.pdf
official_177,"SHENZHEN SANYUN TECHNOLOGY CO., LTD.",深圳市三云科技有限公司,SANYUN,E2,E2-1508,,,
official_178,"DONGGUAN YENYUE MACHINERY CO., LTD.",东莞元渝机械有限公司,YENYUE,E2,E2-1511,,,
official_179,"NOVATECWHEELS (SHEN ZHEN) CO., LTD.",诺飞客全球营销（深圳）有限公司,NOVATEC,E2,E2-1513,,,
official_180,"SUZHOU DAWEI PRECISION CO., LTD.",苏州达韦精密工业有限公司,DAWEI,E2,E2-1516,,,
official_181,"SUNSTART METAL PRODUCTS CO., LTD.",唐山盛斯拓金属制品有限公司,SUNSTART,E2,E2-1521,,,
official_182,"CIXI CITY SHENGFU BICYCLE INDUSTRY CO., LTD. / NINGBO SHENGJIE BICYCLE CO., LTD.",慈溪市圣福车业有限公司/宁波圣洁车业有限公司,CITY SHENGFU,E2,E2-1526,,,2026 SHENGFU CATALOG 1.pdf|2026 SHENGFU CATALOG 2.pdf
official_183,"NANTONG REPUTE BICYCLE PARTS CO., LTD.",南通瑞普特车业有限公司,REPUTE,E2,E2-1532,,,
official_184,"NINGBO FENGLAN BICYCLE CO., LTD.",宁波市丰兰车业有限公司,FENGLAN,E2,E2-1534,,,
official_185,"TIANJIN KASHIMA INDUSTRY BICYCLE CO., LTD.",天津市卡希玛车业有限公司,KASHIMA,E2,E2-1536,,,KASHIMA Saddle.pdf
official_186,"BLUESKY (KUNSHAN) PRINTING CO., LTD.",昆山市蓝天印务有限公司,BLUESKY PRINTING,E2,E2-1539,,,
official_187,"ZHEJIANG SHANYANG SPORTS EQUIPMENT CO., LTD.",浙江善阳运动器材有限公司,NOVERIC,E2,E2-1542,,,
official_188,"KUNSHAN HOVERIC SPORTS SCIENCE TECHNOLOGY CO., LTD.",昆山泓瑞凯运动科技有限公司,HOVERIC SCIENCE,E2,E2-1545,,,
official_189,东莞富厚自行车零件有限公司,东莞富厚自行车零件有限公司,FOHO,E2,E2-1701,,,
official_190,"JIANGYIN CITY JIUAN BICYCLE INDUSTRY CO., LTD.",江阴市久安车业有限公司,CITY JIUAN,E2,E2-1705,,,
official_191,"JIUHONG METAL PRODUCTS (DONGGUAN) CO., LTD.",久鸿金属制品（东莞市）有限公司,IJB,E2,E2-1707,,,2026 JIUHONG CATALOG.pdf
official_192,"FOUNDER LAND PRECISION HARDWARE (DONGGUAN) CO., LTD.",逢联精密五金（东莞）有限公司,FOUNDER,E2,E2-1709,,,
official_193,"NINGBO ZHEHANG BIKE CO., LTD.",宁波哲航车业有限公司,ZHENGYI,E2,E2-1711,,,2026 ZHEHANG CATALOG.pdf
official_194,"TIANJIN JOOD METAL PRODUCTS CO., LTD.",天津钜德成金属制品有限公司,JOOD,E2,E2-1713,,,2026 ENRICO CATALOG.pdf
official_195,"TSLG (KUNSHAN) CO., LTD.",耐落螺丝（昆山）有限公司,TSLG,E2,E2-1717,,,
official_196,"HANGZHOU XINLU CHAIN GUARD CO., LTD.",杭州鑫鹿链罩有限公司,XINLU,E2,E2-1719,,,
official_197,TAI ZHOU XRD BICYCLE PARTS,泰州市新锐达车业有限公司,TAI ZHOU,E2,E2-1721,,,
official_198,XINGTAI BEIFUTE ZIXINGCHE YOUXIANGONGSI,邢台贝浮特自行车有限公司,BEIFUTE ZIXINGCHE,E2,E2-1722,,,
official_199,恒美自行车（天津）有限公司,恒美自行车（天津）有限公司,HENGMEI,E2,E2-1725,,,
official_200,"ZEIT BICYCLE INDUSTRIAL CO., LTD.",柴特工业有限公司,ZEIT,E2,E2-1727,,,
official_201,"NINGBO FINESUN BEARING CO., LTD.",慈溪市合进成轴承有限公司,FINESUN BEARING,E2,E2-1728,,,
official_202,ALPHA CYCLING,杭州爱赛客科技有限公司,ALPHA,E2,E2-1729,,,
official_203,"TIANJIN HAIYUE TECHNOLOGY CO., LTD.",天津海越科技有限公司,HAIYUE,E2,E2-1731,,,
official_204,"SHANGHAI HUIMEI PLASTIC CO., LTD.",上海汇美塑料制品有限公司,HUIMEI,E2,E2-1801,,,
official_205,邢台正锋自行车零件有限公司,邢台正锋自行车零件有限公司,正锋自行车零件,E2,E2-1803,,,
official_206,"MING SHIJU CO., LTD.",名师车有限公司,MING SHIJU,E2,E2-1805,,,
official_207,"XINGTAI SHENGXIN BICYCLE CO., LTD.",邢台市胜鑫自行车有限公司,SHENGXIN,E2,E2-1806,,,
official_208,天津耀胜运动器材有限公司（天津市武清区东鑫自行车零件厂）,天津耀胜运动器材有限公司（天津市武清区东鑫自行车零件厂）,耀胜运动器材有限公司（天津市武清区东鑫自行车零件厂）,E2,E2-1808,,,
official_209,"SHENZHEN MOZO TECHNOLOGY CO., LTD.",深圳市摩大科技有限公司,MOZO,E2,E2-1811,,,
official_210,"LIDROP TECHNOLOGY (SHENZHEN) CO., LTD.",一丁点科技（深圳）有限公司,LIDROP,E2,E2-1813,,,
official_211,"SHENZHEN WEIKAILONG CAR INDUSTRY CO., LTD.",深圳市威凯龙车业有限公司,WEIKAILONG CAR,E2,E2-1815,,,
official_212,"JIANGSU SAFORT METAL PRODUCTS CO., LTD.",江苏喜富德金属制品有限公司,SAFORT,E2,E2-1817,,,
official_213,"TIANJIN MEGHNA BICYCLE CO., LTD.",天津美格纳自行车有限公司,MEGHNA,E3,E3-0001,,,
official_214,"HANGZHOU ZHONGXING BICYCLE CO., LTD.",杭州中兴车业有限公司,ZHONGXING,E3,E3-0006,,,2026 ZHONGXING CATALOG.pdf
official_215,"WENZHOU LITTLE SQUIRREL HARDWARE CO., LTD.",温州小松鼠五金有限公司,LITTLE SQUIRREL,E3,E3-0008,,,
official_216,"HEBEI BAISIKE BICYCLE CO., LTD.",河北佰思克车业有限公司,BAISIKE,E3,E3-0009,,,
official_217,"NINGBO JITENG VEHICLE PARTS CO., LTD.",宁波吉腾车辆配件有限公司,JITENG,E3,E3-0013,,,2026 JITENG CATALOG.pdf
official_218,"HANGZHOU ZIFENG BICYCLE CO., LTD.",浙江自凤自行车有限公司,ZIFENG,E3,E3-0015,,,2026 ZIFENG CATALOG.pdf
official_219,"CIXI KAIYU MANIPULATE CABLE CO., LTD.",慈溪市凯宇操纵索有限公司,KAIYU MANIPULATE,E3,E3-0017,,,
official_220,"NINGBO BIKEBEARING CO., LTD.",宁波百克轴承有限公司,BIKEBEARING,E3,E3-0021,,,
official_221,TJXHD ZIXINGBIKE,天津鑫辉达自行车有限公司,TJXHD ZIXINGBIKE,E3,E3-0022,,,
official_222,"FOSHAN HONGZUAN SPORTING GOODS CO., LTD.",佛山市鸿钻运动用品有限公司,HONGZUAN,E3,E3-0023,,,
official_223,"CIXI DAFENG BICYCLE CO., LTD.",慈溪大丰车业有限公司,DAFENG,E3,"E3-0025, E5-0013",,,2026 XUANBANG CATALOG.pdf
official_224,SINMAT TECHNOLOGY CORP.,南宜国际材料有限公司,SINMAT,E3,E3-0029,,,
official_225,QINGDAO ROADUP VEHICLE PARTS,青岛路达普车辆配件有限公司,ROADUP,E3,E3-0031,,,
official_226,"NINGBO AOYANG BICYCLE CO., LTD.",宁波奥洋车业有限公司,NINGBO SHENGDA,E3,E3-0105,,,
official_227,HENGYANG CHEYE,慈溪市恒阳车业有限公司,HENGYANG CHEYE,E3,E3-0109,,,
official_228,"NINGBO ZHIDE BICYCLE INDUSTRY CO., LTD.",宁波智德车业有限公司,ZHIDE,E3,E3-0112,,,
official_229,"TIANJIN SSEART NEW MATERIAL CO., LTD.",天津盛达新材料有限公司,SSEART,E3,E3-0114,,,
official_230,"JIAXING XIUSHUI CHAINGUARD CO., LTD.",嘉兴市秀水链罩股份有限公司,RIXIN,E3,E3-0116,,,2026 XULTHIN CATALOG-BASKET.pdf|2026 XULTHIN CATALOG.pdf
official_231,"TAIZHOU RIXIN BICYCLE INDUSTRY CO., LTD.",台州市日新车业股份有限公司,XINLAN,E3,E3-0121,,,
official_232,"TIANJIN XINLAN WEIYE TECHNOLOGY CO., LTD.",天津鑫岚伟业科技有限公司,XINLAN WEIYE,E3,E3-0123,,,
official_233,"CIXI HENGFENG VEHICLE CO., LTD.",慈溪市恒丰车业有限公司,HENGFENG MOMA,E3,E3-0126,,,2026 HENGFENG CATALOG.pdf
official_234,"TIANJIN MOMA TECHNOLOGY CO., LTD.",天津摩犸科技有限公司,MOMA,E3,E3-0129,,,
official_235,"NINGBO QIYING SPORTS EQUIPMENT CO., LTD.",宁波骑鹰运动器材有限公司（原昊爵）,QIYING,E3,E3-0132,,,
official_236,"CIXI JIEYA BICYCLE CO., LTD.",慈溪市捷雅（羚翔）车业有限公司,JIEYA,E3,E3-0134,,,2024 GEEYA CATALOG.pdf
official_237,TRANSART,政伸印刷,TRANSART,E3,E3-0137,,,
official_238,"XINGTAI HEHAO BICYCLE CO., LTD.",邢台赫浩自行车有限公司,HEHAO,E3,E3-0140,,,
official_239,"FOSHAN YOUYING SPORTS TECHNOLOGY CO., LTD.",佛山市佑盈运动科技有限公司,YOUYING,E3,E3-0143,,,
official_240,"DONGGUAN XINKAIMING SPORTS EQUIPMENT CO., LTD.",东莞市鑫凯铭运动器材有限公司,ZK,E3,E3-0145,,,
official_241,"NINGBO TUNAISI FREEWHEEL CO., LTD.",宁波图耐斯飞轮有限公司,TUNAISI FREEWHEEL,E3,E3-0201,,,
official_242,"XINGTAI WEEN CHILDREN TOYS CO., LTD.",邢台薇恩儿童玩具有限公司,WEEN,E3,E3-0240,,,
official_243,XINGTAI YUANXIANG ZIXINGCE YIUXIANGONGS,邢台远翔自行车有限公司,YUANXIANG ZIXINGCE,E3,E3-0243,,,
official_244,宁波帕菲特车业股份有限公司,宁波帕菲特车业股份有限公司,帕菲特,E3,E3-0401,,,
official_245,"JINHUA STARS ALLOY RIMS CO., LTD.",金华市双星铝圈有限公司,STARS RIMS,E3,E3-0405,,,2026 Stars Circle CATALOG.pdf
official_246,"CIXI MIXIER BICYCLE CO., LTD.",慈溪市米歇尔车业有限公司,MIXIER,E3,E3-0412,,,2026 MIXIEER CATALOG.pdf
official_247,"NINGBO NEW XINUO BICYCLE CO., LTD.",宁波市新禧诺车业有限公司,XINUO,E3,E3-0414,,,
official_248,"KUNSHAN YILUN INTELLIGENT TECHNOLOGY CO., LTD.",昆山亿轮智能科技有限公司,YILUN,E3,E3-0416,,,
official_249,"NINGBO JINDALAI VEHICLE INDUSTRY CO., LTD.",宁波金达莱车业有限公司,JINDALAI,E3,E3-0418,,,2026 JINDALAI CATALOG.pdf
official_250,"SUZHOU YIDUO SPORTS TECHNOLOGY CO., LTD. / KUNSHAN ANPENG VEHICLE MATERIAL CO., LTD.",苏州意多运动科技有限公司/昆山安鹏车料有限公司,YIDUO,E3,E3-0421,,,
official_251,"CIXI CITY FEILAIER VEHICLE INDUSTRY CO., LTD.",慈溪市菲莱尔车业有限公司,CITY FEILAIER,E3,E3-0423,,,
official_252,"NINGBO SIMAERS SPORTS EQUIPMENT CO., LTD.",宁波星曼运动器材有限公司,SIMAERS,E3,E3-0426,,,2026 SIMAERS CATALOG .pdf
official_253,"CIXI MENKIN BICYCLE CO., LTD.",慈溪市猛进车业有限公司,MENKIN,E3,E3-0432,,,
official_254,"CANGZHOU TIANDE HAREDWARE MANUFACTURING CO., LTD.",沧州天德五金制造有限公司,CANGZHOU TIANDE,E3,E3-0434,,,
official_255,"TAIZHOU SHUANGJING BICYCLE CO., LTD.",泰州双井车业有限公司,SHUANGJING,E3,E3-0437,,,
official_256,"XINGTAI YIJIE BICYCLE ACCESSORIES CO., LTD.",邢台益捷自行车配件有限公司,YIJIE,E3,E3-0440,,,
official_257,"TIANJIN NICEYIDA SPORT TECH CO., LTD. / TIANJIN HAIZHICHUAN INTERNATIONAL TRADE CO., LTD.",天津美益达运动科技有限公司/天津市海之川国际贸易有限公司,NICEYIDA,E3,E3-0443,,,
official_258,"DONGGUAN MEROCA SPORTS PRODUCTS CO., LTD.",东莞市麦瑞卡运动用品有限公司,MEROCA,E3,E3-0445,,,
official_259,"CIXI XINDU VEHICLE INDUSTRY CO., LTD.",慈溪市鑫都车业有限公司,XINDU,E3,E3-0523,,,
official_260,"NINGBO DONGFANG GOLD CHAIN INDUSTRY &amp; TRADE CO., LTD.",宁波市东方金链工贸有限公司,DONGFANG GOLD,E3,E3-0601,,,2026 PURK & DTO Product Introduction.pdf
official_261,"NINGBO PENK INTELLIGENT TECHNOLOGY CO., LTD.",宁波匹克智能科技有限公司,PENK,E3,E3-0705,,,
official_262,"JIANGMENSHI WEIYI ALUMINUM CO., LTD.",江门市维艺铝业科技有限公司,JIANGMENSHI WEIYI,E3,E3-0712,,,
official_263,"NINGBO YOUSHENG BICYCLE CO., LTD.",宁波优升车业有限公司,YOUSHENG,E3,E3-0716,,,2026 SAIGUAN CATALOG-GRIP.pdf|Zhejiang Yousheng bike.pdf
official_264,"DONGTAI YUEXING TECHNOLOGY CO., LTD.",东台悦行科技有限公司,DONGTAI YUEXING,E3,E3-0721,,,
official_265,CIXI KANGYUE BICYCLE,慈溪市康跃车业有限公司,KANGYUE,E3,E3-0723,,,
official_266,"ZHEJIANG LANXI LANHANG CHAIN DRIVE ACCESSORY CO., LTD.",浙江兰溪兰航链传动配件有限公司,LANXI LANHANG,E3,E3-0726,,,
official_267,"CIXI KANGDI BICYCLE CO., LTD.",慈溪康迪车业有限公司,KANGDI,E3,E3-0732,,,
official_268,"HEBEI YIHUA BICYCLE CO., LTD.",河北亿华自行车有限公司,YIHUA,E3,E3-0734,,,
official_269,"SHENZHEN HANHONGXIN PRECISION TECHNOLOGY CO., LTD.",深圳市汉鸿欣精密科技有限公司,HANHONGXIN,E3,E3-0737,,,2026 LUNJE CATALOG.pdf
official_270,"KUNSHAN WANDA METAL PRODUCTS CO., LTD.",昆山市万达金属制品有限公司,WANDA,E3,E3-0740,,,
official_271,"XINGTAI CHENXING AUTOMOBILE CO., LTD.",邢台晨星车业有限责任公司,CHENXING AUTOMOBILE,E3,E3-0743,,,
official_272,"HEBEI HONGLI BICYCLE TECHNOLOGY CO., LTD.",河北鸿利自行车科技有限公司,HONGLI,E3,E3-0745,,,
official_273,"HAOJIE (HK) CO., LTD.",香港豪杰有限公司,HAOJIE,E3,E3-0812,,,
official_274,"HANGZHOU BAIKESI BICYCLE CO., LTD.",杭州佰客思自行车有限公司,BAIKESI,E3,E3-0813,,,
official_275,"SANHEWLETT METAL PRODUCTS (TAISHAN) CO., LTD.",三合利金属制品（台山）有限公司,SANHEWLETT,E3,E3-0821,,,2026 SANHEWLETT CATALOG.pdf
official_276,"TIANJIN ANSHIDA BICYCLE CO., LTD.",天津市凯瑞进出口有限公司（天津格斯克运动器材有限公司）,ANSHIDA,E3,E3-0901,,,
official_277,"LANXI WHEELTOP CYCLE INDUSTRIES CO., LTD.",兰溪轮峰车料有限公司,WHEELTOP,E3,E3-0905,,,2026 WHEELTOP CATALOG 1-Drivetrain System Full Product.pdf|2026 WHEELTOP CATALOG 10-Automotive_&_Motorcycle_Components.pdf|2026 WHEELTOP CATALOG 2-EDS.pdf|2026 WHEELTOP CATALOG 3-Carbon_Components_&_Performance_Series.pdf|2026 WHEELTOP CATALOG 4-ROTOR OEM.pdf|2026 WHEELTOP CATALOG 5-E-Bike_&_Belt_Drive_Solutions.pdf|2026 WHEELTOP CATALOG 6-HUBS SYSTERMS.pdf|2026 WHEELTOP CATALOG 7-Cassettes_&_Freewheel_Systems.pdf|2026 WHEELTOP CATALOG 8-Mechanical_Shifting_Systems.pdf|2026 WHEELTOP CATALOG 9-Chainrings_&_Cranksets.pdf
official_278,"NINGBO S.SHINE BICYCLE INDUSTRY CO., LTD.",宁波桑夏车业有限公司,S SHINE,E3,E3-0912,,,
official_279,"TAICANG&nbsp;AYA METALWARE CO., LTD.",太仓亿海金属制品有限公司,JOYSUN BICYCLE,E3,E3-0916,,,
official_280,EVERESTT INTERNATIONAL INDUSTRIES LTD.,南京金宏一工贸有限公司,EVERESTT,E3,E3-0918,,,
official_281,"NINGBO JOYSUN BICYCLE CO., LTD.",宁波久和车业有限公司,MAGNESIUM HC,E3,E3-0921,,,
official_282,"NINGBO HAISHU MAGNESIUM HAO CAR INDUSTRY CO., LTD.",宁波市海曙镁豪车业有限公司,KSC,E3,E3-0926,,,2026 BOWOD CATALOG-PADAL.pdf
official_283,"HUIZHOU KANGSHENG COMPOSITES TECHNOLOGY CO., LTD.",惠州康晟复合材料科技有限公司,KANGSHENG COMPOSITES,E3,E3-0929,,,
official_284,"FOSHAN AIFEIT BICYCLE ACCESSORY CO., LTD.",佛山市艾菲特自行车配件有限公司,AIFEIT,E3,E3-0932,,,
official_285,"LANXISHI TONGLI ALUMINUM CO., LTD.",兰溪市同力铝业股份有限公司,LANXISHI TONGLI,E3,E3-0937,,,
official_286,平乡县超力车业有限公司,平乡县超力车业有限公司,平乡县超力,E3,E3-0940,,,2026 CHAOLI CATALOG.pdf
official_287,广宗县凯宇车业有限公司,广宗县凯宇车业有限公司,凯宇,E3,E3-0943,,,
official_288,"TIANJIN CHUANGMENG BICYCLE PARTS CO., LTD.",扬州创盟自行车配件有限公司,CHUANGMENG,E3,E3-1208,,,
official_289,"SHENZHEN CHENGDA BOND TECHNOLOGY CO., LTD.",深圳市诚达邦德科技有限公司,CHENGDA BOND,E3,E3-1212,,,
official_290,"HEBEI XINDA BICYCLE CO., LTD.",河北信达车业有限公司,XINDA,E3,E3-1214,,,
official_291,"NINGBO JULONG ENVIRONMENTAL PROTECTION TECHNOLOGY CO., LTD.",宁波聚龙环保科技有限公司,JULONG ENVIRONMENTAL,E3,E3-1216,,,
official_292,"TIANJIN RABER &amp; PS CO., LTD.",天津市诚煌科技有限公司,RABER &AMP,E3,E3-1218,,,
official_293,"KUNSHAN SUNTORI VEHICLE METAL CO., LTD.",昆山顺得利金属有限公司,SUNTORI,E3,E3-1221,,,
official_294,CYCLONE PRECISION (TAIZHOU) INC.,泰州凯特机械有限公司,CYCLONE,E3,E3-1223,,,
official_295,"TIANJIN WANHUA VEHICLE COMPONENTS CO., LTD. / WANHUA BICYCLE PAATS CO., LTD.",天津市万华车料有限公司,WANHUA,E3,E3-1226,,,
official_296,"TIANJIN SHENG FANGTAI TECHNOLOGY CO., LTD.",天津盛方泰科技有限公司/天津市连合工贸有限公司,SHENG FANGTAI,E3,E3-1229,,,
official_297,HAISHU YINJIANG BAOLIFENG BICYCLE FITTING FACTORY,宁波市海曙鄞江宝丽丰车辆配件厂,HAISHU YINJIANG,E3,E3-1232,,,
official_298,"XINGTAI CITY JIANGHAO BICYCLE PARTS CO., LTD.",邢台市江浩自行车配件有限公司,CITY JIANGHAO,E3,E3-1234,,,
official_299,"XINGTAI HUABEI BICYCLE PARTS CO., LTD.",邢台市华北自行车零件有限公司,HUABEI,E3,E3-1237,,,
official_300,"GUANGZONG COUNTY KAIJIN BICYCLE CO., LTD.",广宗县凯进自行车有限公司,GUANGZONG KAIJIN,E3,E3-1240,,,
official_301,平乡县沐泽车业有限公司,平乡县沐泽车业有限公司,平乡县沐泽,E3,E3-1243,,,
official_302,"NINGBO YONGXIN BICYCLE CO., LTD.",宁波市勇欣车业有限公司,YONGXIN,E3,E3-1245,,,
official_303,"TIANJIN VEALEN TECHNOLOGY CO., LTD.",炜仑（天津）科技有限公司,VEALEN,E3,E3-1246,,,
official_304,"NINGBO HENLON BICYCLE CO., LTD.",宁波恒隆车业有限公司,H&L,E3,E3-1301,,,2026 HLNB CATALOG.pdf
official_305,"SHENZHEN LANGTE TECHNOLOGY CO., LTD.",深圳市浪特科技有限公司,LANGTE,E3,E3-1312,,,
official_306,"TIANJIN BINFEI CHAIN TANGSHAN CO., LTD.",唐山滨飞链条厂,BINFEI TANGSHAN,E3,E3-1343,,,
official_307,"NINGBO CHENKUN BICYCLE INDUSTRY CO., LTD.",宁波辰坤车业有限公司,JIABBEKE,E3,E3-1345,,,
official_308,TAIZHOU JIAOJIANG JIANGLING PLASTIC MACHINE FACTORY,台州市椒江江凌塑料机械厂,JIAOJIANG JIANGLING,E3,E3-1505,,,
official_309,"GAOPIN WHEEL RIM CO., LTD.",唐山市高品轮辋有限公司,GAOPIN WHEEL,E3,E3-1508,,,2026 GAOPIN CATALOG.pdf
official_310,"CHUAN WEI INDUSTRIAL CO., LTD.",全维金属制品（昆山）有限公司,CHUAN WEI,E3,E3-1512,,,
official_311,"WENLING DOFOHO BICYCLE PARTS CO., LTD.",温岭东方红车料有限公司,WENLING DOFOHO,E3,E3-1516,,,
official_312,"NINGBO QILONG BICYCLE INDUSTRY CO., LTD.",宁波奇龙车业有限公司,QILONG,E3,E3-1518,,,2026 QILONG CATALOG 1.pdf|2026 QILONG CATALOG 2.pdf
official_313,"GUANGZONG FEIXIANG BICYCLE CO., LTD.",河北臻华自行车有限公司,GUANGZONG FEIXIANG,E3,E3-1521,,,
official_314,"DDK CYCLE (NANTONG) CO., LTD.",永丰铭车料（南通）有限公司,DDK,E3,E3-1526,,,
official_315,SHANGHAI HAIWEY INTERNATIONAL CORP.,上海重阳国际贸易有限公司,HAIWEY,E3,E3-1529,,,
official_316,"SHANGHAI FLEXTECH TRANSMISSION TECHNOLOGY CO., LTD.",上海寰钧传动技术有限公司,FLEXTECH TRANSMISSION,E3,E3-1532,,,
official_317,"XINGTAI YADA VEHICLE INDUSTRY CO., LTD.",邢台亚达车业有限公司,YADA,E3,E3-1534,,,
official_318,"CHANGZHOU EASYLIFE PRODUCTS CO., LTD.",常州亿来金属制品有限公司,EASYLIFE,E3,E3-1537,,,
official_319,"XIAMEN GAOLAN NEW MATERIALS CO., LTD.",厦门高澜新材料有限公司,GAOLAN,E3,E3-1540,,,
official_320,"NINGBO LUYICHI SPORTS CO., LTD.",宁波市路易驰体育用品有限公司,LUYICHI,E3,E3-1543,,,
official_321,YISAI-XINGTAI,邢台市亿赛自行车制造有限公司,YISAI-XINGTAI,E3,E3-1545,,,
official_322,"GUANGZONG COUNTY FEIMA BICYCLE CO., LTD.",广宗县飞马车业有限公司,GUANGZONG FEIMA,E3,E3-1546,,,
official_323,"CIXI ZHONGYA BICYCLE CO., LTD.",慈溪市中亚车业有限公司,ZHONGYA,E3,E3-1605,,,2024 ZHONGYA CATALOG.pdf
official_324,"CHANGZHOU CHUNDA BICYCLE INDUSTRY CO., LTD.",常州春达车业有限公司,CHUNDA,E3,E3-1637,,,
official_325,"TIANJIN HUANMIN METAL PRODUCTS CO., LTD.",天津市华民金属制品有限公司,HUAMIN,E3,E3-1701,,,2026 HUAMIN CATALOG.pdf
official_326,"KUNSHAN FANGGE PRECISION FORGING CO., LTD.",昆山方歌精密锻造有限公司,FANGGE FORGING,E3,E3-1705,,,
official_327,SHUNTUO,慈溪市丰太车业有限公司,CS,E3,E3-1709,,,
official_328,浙江长盛塑料轴承技术有限公司,浙江长盛塑料轴承技术有限公司,XIANGLAI,E3,E3-1711,,,
official_329,"HEBEI XIANGLAI TRADING CO., LTD.",河北翔来贸易有限公司,XIANGLAI,E3,E3-1712,,,
official_330,XINGTAIJINTE,邢台金特电动自行车有限公司,XINGTAIJINTE,E3,E3-1715,,,
official_331,"XINGTAI SHANGJIE BICYCLE PARTS CO., LTD.",邢台尚捷自行车配件有限公司,SHANGUE,E3,E3-1717,,,
official_332,"HSIN-TECH (SHENZHEN) CO., LTD.",深圳信碟科技有限公司,HSIN-TECH,E3,E3-1720,,,
official_333,"TIANJIN XINANYUAN IMPORT &amp; EXPORT TRADING CO., LTD.",天津欣安元进出口有限公司,XINANYUAN,E3,E3-1723,,,
official_334,"DEVELOPED PLASTIC PRODUCTS FACTORY IN WEN'AN COUNTY, HEBEI PROVINCE",河北省文安县发达塑胶制品厂,CHUNDA,E3,E3-1725,,,
official_335,"YUNCHI EQUIPMENT TECHNOLOGY (KUNSHAN) CO., LTD.",云驰设备科技（昆山）有限公司,KOUKAI,E3,E3-1727,,,
official_336,"SHENZHEN CATO OUTDOOR PRODUCTS CO., LTD.",深圳市凯之拓户外用品有限公司,CATO,E3,E3-1728,,,
official_337,TIANJIN HOT WHEEL TECHNOLOGY,天津羽轮科技有限公司,JIABEI,E3,E3-1729,,,
official_338,"SHAOXING SHANGYU CHUANGXIN VECHICLE INDUSTRY CO., LTD.",绍兴上虞创新车业有限公司,SHAOXING SHANGYU,E3,E3-1730,,,
official_339,"ZHONGSHAN HENGYI SPORTS EQUIPMENT CO., LTD.",中山恒奕体育器材有限公司,HENGYI,E3,E3-1731,,,
official_340,"CIXI ZHONGKEN BICYCLE INDUSTRY CO., LTD.",慈溪市中肯车业有限公司,ZHONGKEN,E3,E3-1801,,,
official_341,TIANJIN XINGQI BICYCLE PARTS FACTORY,天津兴起自行车零件有限公司,XINGQI FACTORY,E3,E3-1803,,,
official_342,"SHANGHAI KUILAI ENTERPRISE DEVELOPMENT CO., LTD.",上海葵莱企业发展有限公司,KUILAI,E3,E3-1804,,,
official_343,GONGZONGXIAN XINWEI ZIXINGCHE PEIJIANCHANG,广宗县鑫伟自行车配件厂,GONGZONGXIAN XINWEI,E3,E3-1805,,,
official_344,天津冠麒塑胶有限公司,天津冠麒塑胶有限公司,冠麒塑胶,E3,E3-1807,,,
official_345,"NINGBO HUAQING BRAKE CO., LTD.",宁波华轻车闸有限公司,HUAQING BRAKE,E3,E3-1811,,,
official_346,"XINPUWANGJIONG VEHICLE PARTS FACTORY, CIXI CITY",慈溪市新浦旺炯车辆配件厂,XINPUWANGJIONG FACTORY,E3,E3-1813,,,
official_347,"NINGBO SHENGZHOU PLASTIC CO., LTD.",宁波晟洲塑胶有限公司,SHENGZHOU,E3,E3-1815,,,SHENGZHOU CATALOG 2026.pdf
official_348,"JINHUA POWER RIM CO., LTD.",金华市帕威尔车圈有限公司,POWER,E4,"E4-0001, E7-1717",,,
official_349,"HEBEI XIEMEI RUBBER PRODUCTS CO., LTD.",河北协美橡胶制品有限公司,XIEMEI,E4,E4-0003,,,
official_350,"TIANJIN BOHAI CHENGCHENG CO., LTD.",天津博海诚成科技有限公司,BOHAI CHENGCHENG,E4,E4-0005,,,
official_351,"LIANYUNGANG JIDELONG TRADING CO., LTD.",连云港吉得龙贸易有限公司,JIDELONG,E4,E4-0007,,,2025 JEDERLO CATALOG.pdf
official_352,CHANGZHOU JIANGNAN SPOKE LTD.,常州市江南辐条有限公司,JIANGNAN SPOKE,E4,E4-0009,,,
official_353,"TIANJIN CHANGYU RUBBER PRODUCTS CO., LTD.",天津昌宇橡胶制品有限公司,CHANGYU,E4,E4-0011,,,2027 CHANGYU CATALOG.pdf
official_354,"XINGTAI SHUNKE TRADE CO., LTD.",邢台顺科商贸有限公司,SHUNKE,E4,E4-0013,,,
official_355,"NANTONG XIANGRUI RUBBER PRODUCTS CO., LTD.",南通祥瑞橡塑制品有限公司,XIANGRUI,E4,E4-0015,,,2026 XIANGRUI CATALOG 1.pdf|2026 XIANGRUI CATALOG 2.pdf
official_356,"GUANGZONG COUNTY LIQIANG BICYCLE PARTS CO., LTD.",广宗县力强自行车零件有限公司,EVG CRW,E4,E4-0017,,,2026 LIQIANG CATALOG.pdf
official_357,PINGXIANGXIAN KEMA ZIXINGCHECHANG,邢台欧信自行车有限公司,PINGXIANGXIAN KEMA,E4,E4-0019,,,
official_358,"GUANGZONG COUNTY QISHENG BICYCLE SADDLE CLAY PLATE CO., LTD.",广宗县旗盛自行车有限公司,GUANGZONG QISHENG,E4,E4-0020,,,Qisheng Saddle and Fander.pdf
official_359,"JIANGSU DEMEIQI TYRE CO., LTD.",江苏德美祺轮胎有限公司,NUO XIN YIN XIN,E4,E4-0021,,,
official_360,"XIAMEN MOSTSPORT COMPOSITE TECHNOLOGY CO., LTD.",厦门麦胜复材科技有限公司,MOSTSPORT COMPOSITE,E4,E4-0022,,,
official_361,"NANTONG FINECARE HEALTH PRODUCTS CO., LTD.",南通辉宏康复器材有限公司,FINECARE HEALTH,E4,E4-0025,,,
official_362,"SHENZHEN FORTY TECHNOLOGY CO., LTD.",深圳市肆零科技有限公司,FORTY,E4,E4-0026,,,
official_363,DSI TYRES - SAMSON RUBBER INDUSTRIES (PVT) LTD.,DSI TYRES - SAMSON RUBBER INDUSTRIES (PVT) LTD,JINHUA UNISKY,E4,E4-0027,,,
official_364,"FUJIAN XINJU LIGHTWEIGHT COMPOSITE MATERIALS CO., LTD.",福建鑫聚轻质复合材料有限公司,XINJU LIGHTWEIGHT,E4,E4-0029,,,
official_365,QIUXIANJIAMEI,嘉美自行车闸把有限公司,QIUXIANJIAMEI,E4,E4-0030,,,
official_366,"TIANJIN JINJIAN TRADING CO., LTD.",天津市金健昌盛伟业贸易有限公司,HANDAN TIENIU,E4,E4-0031,,,
official_367,"HEBEI ZHENGTONG TIRE MANUFACTURING CO., LTD.",河北正通轮胎制造有限公司,GOOD PUMP OSMAR,E4,E4-0105,,,2026 ZHENGTONG CATALOG.pdf
official_368,"AOXIN RUBBER (CHANGZHOU) CO., LTD.",奥新橡胶（常州）有限公司,AOXIN,E4,E4-0108,,,
official_369,"KUNSHAN TOOPRE OUTDOOR SUPPLIES CO., LTD.",昆山拓派户外用品有限公司/瓦特,JIAJI JIAKUELONG,E4,E4-0111,,,2026 TOOPRE CATALOG EN.pdf
official_370,"SUNSHUAI BICYCLE HEBEI INDUSTRY CO., LTD.",森帅自行车河北有限公司,CHANGZHOU FENGYU,E4,E4-0116,,,
official_371,"NANTONG IFENG RUBBER PRODUCT CO., LTD.",南通凤凰橡胶制品有限公司,TOOPER,E4,E4-0121,,,
official_372,"SHINEMORE SPORTS EQUIPMENT (KUNSHAN) CO., LTD.",昆山亚鑫茂运动器材有限公司,SHINEMORE,E4,E4-0123,,,
official_373,"EVER GLORY MACHINERY (KUNSHAN) CO., LTD.",英隆机械（昆山）有限公司,SUNSHUAI,E4,E4-0126,,,
official_374,CRW,漳州市铠富特复材科技有限公司,CRW,E4,E4-0129,,,
official_375,诺言自行车配件厂,诺言自行车配件厂,诺言自行车配件厂,E4,E4-0132,,,
official_376,"HANGZHOU XINXING BICYCLE PARTS CO., LTD.",杭州新兴车料有限公司,XINXING,E4,E4-0134,,,
official_377,"SHANGDI (JIAXING) TECHNOLOGY CO., LTD.",尚滴（嘉兴）科技有限公司,SHANGDI,E4,E4-0136,,,
official_378,"XINGTAI CHAOZHENG TIRE CO., LTD.",邢台超正轮胎有限公司,CHAOZHENG,E4,E4-0139,,,2026 KEADY CATALOG.pdf
official_379,"SHENZHEN DIFEN SPORTING EQUIPMENT BIKE CO., LTD.",深圳市鼎丰体育用品有限公司,DIFEN,E4,E4-0142,,,
official_380,"HANDAN TIENIU BICYCLE ACCESSORIES CO., LTD.",邯郸市铁牛自行车配件有限公司,TIENIU,E4,E4-0144,,,
official_381,"INNOVA RUBBER (PINGHU) CO., LTD.",蚌埠伊诺华轮胎有限公司,INNOVA,E4,E4-0201,,,
official_382,"HUIZHOU XINGYOU SPORTS EQUIPMENT CO., LTD.",惠州市兴友运动器材有限公司,XINGYOU,E4,E4-0239,,,
official_383,SHANTOU YEDA PLASTIC PRODUCTS PLANT,汕头烨达塑料制品厂,YEDA,E4,E4-0242,,,2026 YEDA CATALOG.pdf
official_384,CIXI JINGSHENG PLASTIC COMPANY LTD.,慈溪市精晟塑料制品有限公司,JINGSHENG,E4,E4-0243,,,
official_385,"NANTONG HAICHENG SPOKE CO., LTD.",南通海诚辐条有限公司,PUSHING,E4,E4-0411,,,
official_386,"TANNUS CO., LTD.","TANNUS CO.,LTD",TANNUS,E4,E4-0413,,,
official_387,"JINDE RUBBER (FUJIAN) CO., LTD.",金德橡胶（福建）有限公司,HAI CHENG,E4,E4-0416,,,2026 BLACK CAT CATALOG.pdf
official_388,"RUGAO HUATAI RUBBER PRODUCTS CO., LTD.",如皋市华泰轮胎有限公司,FEIXUAN LUYING,E4,E4-0418,,,
official_389,"HEBEI HONG YANG TIRE CO., LTD.",河北虹阳轮胎有限公司,JILUER TYRE,E4,E4-0421,,,2026 HONGYANG CATALOG.pdf|2026 HONGYANG MOTOCYCLE TIRE.pdf|2026 HONGYANG ROAUCIK.pdf|2026 HONGYANG TIRE&TUBE.pdf
official_390,"SHENZHEN HENGLITONG METAL PRODUCTS CO., LTD.",深圳市恒力通金属制品有限公司,JIANLI,E4,E4-0426,,,
official_391,"LIGHT BICYCLE (XIAMEN) TECHNOLOGY CO., LTD.",厦门乐摆定制科技有限公司,LIGHT,E4,E4-0429,,,
official_392,厦门凯世迈复材科技有限公司,厦门凯世迈复材科技有限公司,凯世迈复材,E4,E4-0432,,,
official_393,"NINGBO CHISMAN BICYCLE CO., LTD.",宁波驰鸣车业有限公司,CHISMAN,E4,E4-0434,,,
official_394,"KUNSHAN YUNCAN ELECTRONIC TECHNOLOGY CO., LTD.",昆山昀灿电子科技有限公司,SPEDAO HONGBO,E4,E4-0436,,,
official_395,PINGXIANG COUNTY XULIN PARTS FACTORY,平乡县栩霖配件厂,XULIN FACTORY,E4,E4-0439,,,
official_396,"FOSHAN OWENLAN PRECISION TECHNOLOGY CO., LTD.",佛山市中鑫奥联精密科技有限公司,OWENLAN,E4,E4-0442,,,2026 OWENLAN CATALOG.pdf
official_397,"JIANGSU RISINGSUN TECHNOLOGY CO., LTD.",江苏江昕科技股份有限公司,RISINGSUN,E4,E4-0501,,,
official_398,"ZHONGCE RUBBER GROUP CO., LTD.",中策橡胶集团股份有限公司,ZHONGCE,E4,"E4-0505, W1-0518",,,
official_399,"XIAMEN H-WORKS TECHNOLOGY CO., LTD.",厦门毂声科技有限公司,H-WORKS,E4,E4-0532,,,
official_400,NO6 WORKS PTE LTD.,No6 Works Pte Ltd,NO6 WORKS,E4,E4-0534,,,
official_401,"CHANGZHOU HANNUO BICYCLE RIMS CO., LTD.",常州汉诺车圈有限公司,HANNUO RIMS,E4,E4-0539,,,
official_402,"NINGBO HUACHI CYCLE CO., LTD.",宁波华驰车业有限公司,HUACHI,E4,E4-0542,,,
official_403,KAIYU,凯宇自行车配件,KAIYU,E4,E4-0544,,,
official_404,"HANGZHOU YICHANG TECHNOLOGY CO., LTD.",杭州钰蝉科技有限公司,YICHANG,E4,E4-0545,,,
official_405,河南启升精锻科技有限公司（天津市卜升金属）,河南启升精锻科技有限公司（天津市卜升金属）,启升精锻科技有限公司（天津市卜升金属）,E4,E4-0711,,,
official_406,"GUANGZHOU FEIXUAN RUBBER CO., LTD.",广州飞旋橡胶有限公司,FEIXUAN,E4,E4-0716,,,2026 FEIXUAN CATALOG.pdf
official_407,"HEBEI LUYING RUBBER MANUFACTORY CO., LTD.",河北路盈橡胶制品有限公司,LUYING MANUFACTORY,E4,E4-0718,,,
official_408,"SHANDONG JILUER TYRE CO., LTD.",山东吉路尔轮胎有限公司,JILUER,E4,E4-0721,,,
official_409,"XINGTAI JIANLI AUTOMOBILE INDUSTRY CO., LTD.",邢台市健力车业有限公司,JIANLI AUTOMOBILE,E4,E4-0726,,,
official_410,"XINGTAI GANGJIE BICYCLE CO., LTD.",邢台港捷自行车有限公司,GANGJIE,E4,E4-0732,,,
official_411,"JIAXING TIGGO CAR SEATS CO., LTD.",嘉兴途观汽车安全座椅有限公司,TIGGO CAR,E4,E4-0734,,,
official_412,"JOVIAL BIKE COMPONENTS (CHANGSHU) CO., LTD.",巨驰自行车配件（常熟）有限公司,JOVIAL,E4,E4-0736,,,
official_413,"ZHELIANG DIMA RUBBER CO., LTD.",浙江迪马橡胶有限公司,ZHELIANG DIMA,E4,E4-0739,,,
official_414,"TIANJIN FUCHUANFENGCHENG INTERNATIONAL TRADING CO., LTD.",天津福川丰程国际贸易有限公司,FUCHUANFENGCHENG,E4,E4-0742,,,
official_415,昆山宏博交通器材有限公司,昆山宏博交通器材有限公司,宏博交通器材,E4,E4-0744,,,
official_416,"RICHER (TIANJIN) SPORTS EQUIPMENT CO., LTD.",睿驰（天津）运动器材有限公司,RICHER,E4,E4-0842,,,
official_417,"HUNAN SUAO TECHNOLOGY CO., LTD.",湖南速奥科技有限公司,SUAO,E4,E4-0844,,,
official_418,"JIANGSU YISHENG SPORTS EQUIPMENT CO., LTD.",江苏益晟运动器材有限公司,YISHENG,E4,E4-0901,,,Yisheng Saddle.pdf
official_419,"TIANJIN WANDA TYRE GROUP CO., LTD.",天津市万达轮胎集团有限公司,YISHENG,E4,E4-0905,,,
official_420,"SIBOGE BICYCLE COMPONENT (TAICANG) CO., LTD.",斯柏格车料（太仓）有限公司,TWINRIDER,E4,E4-0911,,,
official_421,"HANGZHOU SINUOMAN RIMS CO., LTD.",杭州斯诺曼车圈有限公司,SINUOMAN RIMS,E4,E4-0913,,,
official_422,"WUXI THINKRIDER TECHNOLOGY CO., LTD.",无锡芯科来德科技有限公司,SHUNCHASE,E4,E4-0916,,,
official_423,"HEBEI YONGNAI VEHICLE CO., LTD.",河北永耐车业有限公司,YONGNAI,E4,E4-0918,,,
official_424,NANTONG SUN CHASE RUBBER PRODUCTS,南通顺驰橡胶制品有限公司,XIANGYUE,E4,E4-0921,,,
official_425,"TAICANG XIANGYUE SPORTS EQUIPMENT CO., LTD.",太仓市祥跃运动器材有限公司,XIANGYUE,E4,E4-0926,,,
official_426,UP-VINE,杭州静藤自行车有限公司,UP-VINE,E4,E4-0932,,,
official_427,SHANGHAI INOAC CORPORATION,上海井上贸易有限公司,INOAC,E4,E4-0934,,,
official_428,"HEBEI KAILAI VEHICLE INDUSTRY CO., LTD.",河北凯莱车业有限公司,KAILAI,E4,E4-0936,,,
official_429,"DONGGUAN FEIHONG INSTRUMENT AND EQUIPMENT CO., LTD.",东莞飞弘仪器设备有限公司,FEIHONG INSTRUMENT,E4,E4-0939,,,
official_430,"XIAMEN TIMETEC IMPORT AND EXPORT CO., LTD.",厦门帝睦克进出口有限公司,TIMETEC,E4,E4-0942,,,
official_431,杭州猎速运动科技有限公司,杭州猎速运动科技有限公司,猎速运动,E4,E4-0944,,,
official_432,"WUXI XITANG RIMS CO., LTD.",无锡西塘车圈有限公司,XITANG RIMS,E4,E4-0945,,,
official_433,"XINGTAI YANGZHOU BICYCLE PARTS CO., LTD.",邢台市洋洲自行车零件有限公司,XINGTAI,E4,E4-1036,,,
official_434,"XIAMEN TANDELL COMPOSITES TECHNOLOGY CO., LTD.",厦门腾达尔复材科技有限公司,TANDELL COMPOSITES,E4,E4-1042,,,
official_435,"NINGBO HENGSHANG ELECTRIC TECHNOLOGY CO., LTD.",宁波恒尚电子科技有限公司,HENGSHANG,E4,E4-1044,,,
official_436,"XIAMEN LFT COMPOSITE PLASTIC CO., LTD.",长纤（厦门）新材料科技有限公司,LFT COMPOSITE,E4,E4-1045,,,
official_437,"KENDA RUBBER (CHINA) CO., LTD.",建大橡胶（中国）有限公司,KENDA,E4,E4-1201,,,
official_438,"TIANJIN SHIDA INTERNATIONAL TRADE CO., LTD.",山西中天麒麟科技有限公司,SHIDA,E4,E4-1221,,,2026 QILIN CATALOG.pdf
official_439,"HEBEI IKIA INDUSTRY &amp; TRADE CO., LTD. / HEBEI TANDA CYCLES CO., LTD. / SHENZHEN HONGYUN TECH CO., LTD.",河北艺佳工贸有限公司/河北坦达车业有限公司/深圳鸿筠科技有限公司,IKIA &AMP,E4,E4-1226,,,
official_440,"SHENZHEN BEST BICYCLE CO., LTD.",深圳市百思特车业有限公司,BEST,E4,E4-1229,,,
official_441,"KUNSHAN KAIFU INTELLIGENT TECHINOLOGY CO., LTD.",昆山开富智能科技有限公司,KAIFU TECHINOLOGY,E4,E4-1232,,,
official_442,"GUANGZHOU NEDONG INFORMATION TECHNOLOGY CO., LTD.",广州市耐动信息科技有限公司,NEDONG INFORMATION,E4,E4-1234,,,
official_443,"HEBEI YIYANG BICYCLE CO., LTD.",河北怡洋自行车有限公司,YIYANG,E4,E4-1236,,,
official_444,"DONGGUAN HAOPAI INTELLIGENT TECHNOLOGY CO., LTD.",东莞市豪派智能科技有限公司,HAOPAI,E4,E4-1239,,,
official_445,KANGDE,广宗县康德车业有限公司,KANGDE,E4,E4-1242,,,
official_446,"GANZHOU BOTTLE CAGE BICYCLE CO., LTD.",赣州水壶架自行车有限公司,GANZHOU BOTTLE,E4,E4-1244,,,
official_447,"EIE (XIAMEN) BICYCLE CO., LTD.",翼而毅（厦门）自行车有限公司,EIE,E4,E4-1245,,,
official_448,"HEBEI HONGSIDA BICYCLE INDUSTRY CO., LTD.",河北红思达车业有限公司,MAGOOD,E4,E4-1311,,,
official_449,"HANGZHOU MUTUAL IMPORT &amp; EXPORT CO., LTD.",浙江西陵汽车零部件制造有限公司（杭州明特进出口有限公司）,HSD,E4,E4-1313,,,
official_450,"TRUEEAST ENTERPRISE CO., LTD.",泉州依贝克包袋有限公司,FASTRON,E4,E4-1316,,,
official_451,"KUNSHAN BRISKY TRADING CO., LTD.",昆山贝思奇商贸有限公司,TRUDEAT,E4,E4-1318,,,
official_452,"DUKEDI TIRE (TIANJIN) CO., LTD.",杜可迪轮胎（天津）有限公司,BEST,E4,E4-1336,,,
official_453,"CARBON (XIAMEN) NEW MATERIALS CO., LTD.",碳元素（厦门）新材料有限公司,KAFORD NEDONG,E4,E4-1338,,,
official_454,"HEBEI AOXIN BICYCLE MANUFACTURING CO., LTD.",河北奥鑫自行车制造有限公司,AOXIN,E4,E4-1339,,,
official_455,"ZHONGSHAN MICHEL CHEMICAL CO., LTD.",中山市迈克化工有限公司,HUAN SEN,E4,E4-1342,,,
official_456,"TAI'AN ZHONGHE STEEL BALL CO., LTD.",泰安中核钢球有限公司,TAI AN,E4,E4-1344,,,
official_457,"YUNCLEVER NETWORK TECHNOLOGY CO., LTD.",厦门云聪网络科技有限公司,XUAN BING,E4,E4-1345,,,
official_458,"DUKADI TIRE (HEBEI) CO., LTD.",杜卡迪轮胎（河北）有限公司,DUKADI,E4,E4-1505,,,2026 DKD catalog.pdf
official_459,"FOSHAN MAGOOD BICYCLE PARTS CO., LTD.",佛山镁利好自行车配件有限公司,MAGOOD,E4,E4-1511,,,2026 NAVIGATE CATALOG 1.pdf
official_460,"TIANJIN FASTRON TECHNOLOGY CO., LTD.",天津市富士成科技有限公司,FASTRON,E4,E4-1516,,,
official_461,"TIANJIN DATONG WEIYE SCIENCE AND TECHNOLOGY DEVELOPMENT CO., LTD.",天津大通伟业科技发展有限公司,DATONG WEIYE,E4,E4-1518,,,
official_462,"XINGTAI GUAN LING BICYCLE CO., LTD.",冠羚车业有限公司,GUAN LING,E4,E4-1521,,,
official_463,"AK TECH CO., LTD. (UNO CHINA)",金皇铝科技（惠州）有限公司,AK,E4,E4-1526,,,
official_464,河北环森车业有限公司,河北环森车业有限公司,环森,E4,E4-1532,,,
official_465,"BEIJING XUANCHENG NEW ENERGY TECHNOLOGY CO., LTD.",北京炫程新能源科技有限公司,XUANCHENG,E4,E4-1534,,,
official_466,平乡县平征橡胶工业有限公司,平乡县平征橡胶工业有限公司,平乡县平征橡胶,E4,E4-1536,,,2026 PINGZHENG CATALOG.pdf
official_467,SHAOXING SHANGYU SONGXIA SHUANGLONG BICYCLE PARTS FACTROY,绍兴市上虞崧厦双龙自行车配件厂,SHAOXING SHANGYU,E4,E4-1538,,,2026 SHUANG LONG CATALOG.pdf
official_468,QUZHOU MINHAO,曲周县铭豪电动车配件有限公司,QUZHOU MINHAO,E4,E4-1539,,,
official_469,"NANAN TESHUN SPORTING GOODS CO., LTD.",南安特顺体育用品有限公司,NANAN TESHUN,E4,E4-1542,,,
official_470,泉州市舒骐体育用品有限公司,泉州市舒骐体育用品有限公司,泉州市舒骐体育用品,E4,E4-1544,,,
official_471,WUHAN KIVI RUBBER &amp; PLASTIC,武汉开维橡塑有限公司,KIVI &AMP,E4,E4-1545,,,
official_472,"HENGSHUI KAIYUE TECHNOLOGY CO., LTD.",衡水凯跃科技有限公司,HENGSHUI KAIYUE,E4,E4-1638,,,
official_473,HEBEI DUODA SULIAO YOUXIANGONGSI,河北多达塑料制品有限公司,DUODA SULIAO,E4,E4-1639,,,
official_474,"HANGZHOU VICTOR FRICTION MATERIAL CO., LTD.",杭州维克特摩擦材料有限公司,VICTOR FRICTION,E4,E4-1642,,,
official_475,宁波和沃科技有限公司,宁波和沃科技有限公司,和沃,E4,E4-1643,,,
official_476,"DONGGUAN CITY XIFU HARDWARE TECHNOLOGY CO., LTD.",东莞市鑫富五金科技有限公司,CITY XIFU,E4,E4-1644,,,
official_477,"HEBEI GAOSHIBANG INTELLIGENT TECHNOLOGY CO., LTD.",河北高士邦智能科技有限公司,GAOSHIBANG,E4,E4-1645,,,
official_478,"WUXI ONLYRIM CO., LTD.",无锡奥利车圈有限公司,ONLYRIM,E4,E4-1701,,,
official_479,"WUXI SIGMA METAL PRODUCTS CO., LTD.",无锡西格玛金属制品有限公司,SIGMA,E4,E4-1703,,,
official_480,"SAFETY REFLECTIVE CO., LTD.",上海承粒国际贸易有限公司,REFLECTIVE,E4,E4-1704,,,
official_481,"JIASHAN MARGINAL BEARING CO., LTD.",嘉善边际轴承有限公司,MARGINAL BEARING,E4,E4-1705,,,
official_482,XING TAI BEI AO SUO JU YOU XIAN GONG SI,邢台北翱锁具有限公司,XING TAI,E4,E4-1706,,,North Ao 2026.pdf
official_483,"JINHUA SAMSON RIMS CO., LTD.",金华三胜车圈有限公司,SAMSON RIMS,E4,E4-1707,,,
official_484,"HUAIAN IOMEGA IMPORT AND EXPORT TRADE DEVELOPMENT CO., LTD.",淮安市艾米加进出口贸易发展有限公司,IOMEGA,E4,E4-1709,,,
official_485,"JIANGXI JUYUAN RUBBER CO., LTD.",江西聚源橡胶有限公司,JUYUAN,E4,E4-1711,,,
official_486,"ALEADER (LONGYAN) NEW MATERIAL CO., LTD.",龙岩市领昕新材料有限公司,ALEADER,E4,E4-1712,,,
official_487,河北鹏赋纺织科技股份有限公司,河北鹏赋纺织科技股份有限公司,鹏赋纺织,E4,E4-1713,,,
official_488,XINYOUPENG,天津市鑫友鹏塑胶制品有限公司,XINYOUPENG,E4,E4-1714,,,
official_489,"XIAMEN GO ZONE COMPOSITE MATERIALS TECH. CO., LTD.",厦门格纵复材科技有限公司,GO ZONE,E4,E4-1715,,,2026 GO-ZONE CATALOG.pdf
official_490,"HAIMEN KYOWA RUBBER &amp; PLASTIC PRODUCTS CO., LTD.",海门市协和车辆配件有限公司,HAIMEN KYOWA,E4,E4-1717,,,2026 KYOWA CATALOG.pdf
official_491,PINGXIANG HAONIU FREEWHEEL FACTORY,平乡县浩牛飞轮厂,HAONIU FREEWHEEL,E4,E4-1719,,,
official_492,"CHANGSHU JINBIAO TIRE VALVES CO., LTD.",常熟市金标气门咀有限公司,CHANGSHU JINBIAO,E4,E4-1720,,,
official_493,PINGXIANG COUNTY PENGPENGLE BICYCLE PARTS FACTORY,平乡县鹏鹏乐自行车配件厂,PENGPENGLE FACTORY,E4,E4-1721,,,
official_494,泰兴市双轮淮河车辆配件有限公司,泰兴市双轮淮河车辆配件有限公司,泰兴市双轮淮河车辆配件,E4,E4-1723,,,
official_495,"ZHANGJIAGANG EAST OCEAN TECHNICAL FABRIC CO., LTD.",张家港市东海工业用布有限公司,ZHANGJIAGANG EAST,E4,E4-1724,,,
official_496,"SHENZHEN YUANDA SPORTS EQUIPMENT CO., LTD.",深圳市远大运动器材有限公司,YUANDA,E4,E4-1725,,,
official_497,山东巡山新材料科技有限公司,山东巡山新材料科技有限公司,巡山新材料,E4,E4-1726,,,
official_498,淮安亚联精密机械有限公司,淮安亚联精密机械有限公司,淮安亚联精密,E4,E4-1727,,,
official_499,MG,泰州市夕菲自行车配件厂,MG,E4,E4-1728,,,
official_500,广州市荣舟科技有限公司,广州市荣舟科技有限公司,市荣舟,E4,E4-1729,,,
official_501,"HEBEI LANGTENG BICYCLE CO., LTD.",河北浪腾车业有限公司,LANGTENG,E4,E4-1730,,,
official_502,"CIXI SHENGXIANG PHOTOELECTRIC TECHNOLOGY CO., LTD.",慈溪市盛翔光电科技有限公司,SHENGXIANG PHOTOELECTRIC,E4,E4-1732,,,
official_503,"ZHONGSHAN JIEANDA SPORTS EQUIPMENT CO., LTD.",中山捷安达运动器材有限公司,JIEANDA,E4,E4-1801,,,
official_504,"NANJING 100G SMART TECH CO., LTD.",南京壹佰克智能科技有限公司,100G SMART,E4,E4-1803,,,
official_505,CHAOWU LOCK FACTORY,曲周县超武制锁厂,CHAOWU LOCK,E4,E4-1804,,,
official_506,"JIANGYIN HUAXING BICYCLE PARTS CO., LTD.",江阴市华星车料有限公司,HUAXING,E4,E4-1805,,,
official_507,"XINGTAI MEISONG PLASTIC TECHNOLOGY CO., LTD.",邢台市美松塑胶科技有限公司,MEISONG,E4,E4-1806,,,
official_508,"JIANGXI HUAYI RUBBER CO., LTD.",江西华谊橡胶有限公司,HUAYI,E4,E4-1809,,,
official_509,"ZHONG HONG INDUSTRIAL CO., LTD.",中宏（天津）实业有限公司,ZHONG HONG,E4,E4-1811,,,
official_510,SSQUARE ENTERPRISES,SSQUARE ENTERPRISES,SSQUARE,E4,E4-1812,,,
official_511,"NINGBO LONGSHENG BICYCLE CO., LTD.",宁波隆晟车业有限公司,LONGSHENG,E4,E4-1813,,,
official_512,"HANGZHOU YONGLI FRICTION MATERIAL CO., LTD.",杭州永利摩擦材料有限公司,YONGLI FRICTION,E4,E4-1815,,,Catalog-for-bicycle-brake-pad.pdf
official_513,"CHANGZHOU SCIWIL ELECTRONICS HOLDING CO., LTD.",常州新思维电子股份有限公司,SCIWIL,E5,E5-0001,,,
official_514,"TAICANG YUEBO ELECTRIC TECHNOLOGY CO., LTD.",太仓市悦博电动科技有限公司,YUEBO,E5,E5-0005,,,
official_515,永康慧步工贸有限公司,永康慧步工贸有限公司,HUIBU,E5,E5-0007,,,
official_516,"TIANJIN GUSAM GEMS OUTDOOR PRODUCTS CO., LTD.",天津沽上万宝户外用品有限公司,GUSAM GEMS,E5,E5-0009,,,
official_517,昆山深裕泽电子有限公司,昆山深裕泽电子有限公司,SYZ,E5,E5-0010,,,
official_518,"XINGTAI SHANG LEI TECHONLOGY CO., LTD.",邢台尚磊科技有限公司,SHANGLEI,E5,E5-0011,,,
official_519,"CHANGZHOU KEVAR PLASTICS CO., LTD.",常州新区凯华塑料有限公司,KEVAR,E5,E5-0015,,,Changzhou KEVAR.pdf
official_520,"TIANJIN SEE HIGH INTERNATIONAL TRADE CO., LTD.",天津慈海国际贸易有限公司,SEE HIGH,E5,E5-0017,,,
official_521,"CHANGZHOU DINGSEN TRANSMISSION TECHNOLOGY CO., LTD.",常州鼎森传动科技有限公司,DINGSEN,E5,E5-0020,,,
official_522,邢台晶昌车业有限公司,邢台晶昌车业有限公司,JC,E5,E5-0021,,,
official_523,"XUZHOU LANGCHI ELECTRONIC TECHNOLOGY CO., LTD.",徐州朗驰电子科技有限公司,LC,E5,E5-0022,,,
official_524,"SUZHOU KUNTENG ELECTRONICS CO., LTD.",苏州市昆腾电子有限公司,KEVAR,E5,E5-0023,,,SUZHOU KUNTENG.pdf
official_525,"DB MOVING LIGHTING CO., LTD.",东莞市豆贝移动照明有限公司,DOUBEI,E5,E5-0025,,,2026 DB CATALOG.pdf
official_526,"LINYIXINGTAI LOCK INDUSTRY CO., LTD.",临沂兴泰锁业有限公司,XT,E5,E5-0027,,,
official_527,"NANCHANG LVBU IMPORT AND EXPORT CO., LTD.",南昌吕布进出口有限公司,LVBU,E5,E5-0029,,,2025 LVBU Product Catalog.pdf|2026 LVBU Product Catalog.pdf
official_528,LGC ENTERPRISE LTD.,缙云县刀浪车业有限公司,LGC,E5,E5-0031,,,
official_529,"TIANJIN YUEHAITONG BICYCLE CO., LTD.",天津跃海通自行车有限公司,YHT,E5,E5-0105,,,
official_530,大川电机科技（江苏）有限公司,大川电机科技（江苏）有限公司,OKAWA,E5,E5-0111,,,
official_531,"TIANJIN KDS TECHNOLOGY CO., LTD.",凯迪斯科技（天津）有限公司,KDS,E5,E5-0114,,,
official_532,"APT (TIANJIN) DEVELOPMENT CO., LTD.",安普达（天津）科技股份有限公司,APT,E5,E5-0116,,,
official_533,"GUANGDONG LOFANDI INTELLIGENT TECHNOLOGY CO., LTD.",广东洛梵狄智能科技有限公司,LOFANDI,E5,E5-0121,,,
official_534,"SUZHOU CUSMADE ELECTRONIC TECHNOLOGY CO., LTD.",苏州卡斯迈德电子科技有限公司,CUSMADE,E5,E5-0126,,,CataLog_CusMade_v12.pdf
official_535,"KUNSHAN JULET ELECTRONIC CO., LTD.",昆山君磊电器有限公司,JUNLEI,E5,E5-0132,,,Julet.pdf|Julet Catalog 2023.pdf
official_536,"SHENZHEN DIGITECH CO., LTD.",深圳市迪太科技有限公司,DITAI,E5,E5-0137,,,
official_537,苏州探索行动科技有限公司,苏州探索行动科技有限公司,TAN SUO,E5,E5-0140,,,
official_538,"TIANJIN UKRIVER SCIENCE AND TECHNOLOGY CO., LTD.",天津英河科技有限公司,UKRIVER,E5,E5-0143,,,UK River.pdf
official_539,"JINHUA HENGCHUANG NEW ENERGY CO., LTD.",金华市恒创新能源有限公司,HC,E5,E5-0145,,,
official_540,"SHENZHEN TOPBAND CO., LTD.",深圳拓邦股份有限公司,TUOBANG,E5,E5-0201,,,2026 TOPBANG CATALOG CN.pdf|2026 TOPBANG CATALOG EN.pdf
official_541,IRON ORE COMPANY LIMITED,铁兴有限公司,IRON ORE,E5,E5-0426,,,
official_542,先勒动力控制技术（上海）有限公司,先勒动力控制技术（上海）有限公司,XIANLE,E5,E5-0429,,,
official_543,"ZHEJIANG BLUEPOINT POWER CO., LTD.",浙江蓝点动力有限公司,LANDIAN,E5,E5-0432,,,LDPOWER PRODUCTS BROCHURE 2026.pdf
official_544,"KUNSHAN BESTTEND LIGHT ALLOY TECHNOLOGY CO., LTD.",昆山市贝田轻合金科技有限公司,BEITIAN,E5,E5-0437,,,
official_545,"SUZHOU PANARACER TRADING CO., LTD.",苏州帕纳雷萨商贸有限公司,PANA RACER,E5,E5-0440,,,
official_546,"KUNSHAN LANGDESEN TECHNOLOGY CO., LTD.",昆山朗德森机电科技有限公司,LDS,E5,E5-0443,,,LDS CATALOG 2026.pdf
official_547,宁波海业电子科技有限公司,宁波海业电子科技有限公司,HAIYE,E5,E5-0445,,,2026 HAIYE CATALOG.pdf
official_548,"BAFANG ELECTRIC (SUZHOU) CO., LTD.",八方电气（苏州）股份有限公司,BAFANG,E5,E5-0505,,,BAFANG_Workbook_OEM_2027_210X285mm - 2026.4.22.pdf
official_549,"SHENZHEN OMNI INTELLIGENT TECHNOLOGY CO., LTD.",深圳欧米智能科技有限公司,OMNI,E5,E5-0508,,,
official_550,"SUZHOU WANJIA ELECTRIC CO., LTD.",苏州万佳电器有限公司,VINKA,E5,E5-0511,,,VINKA2026宣传册（压缩版）.pdf
official_551,"JINHUA QIDIAN VEHICLE CO., LTD.",金华骑点车业有限公司,QIDIAN,E5,E5-0516,,,
official_552,"CHANGZHOU JIABO MACHINERY MANUFACTURING CO., LTD.",常州市佳博机械制造有限公司,JIABO,E5,E5-0521,,,2026 CZJB佳博.pdf
official_553,宁波市鄞州恒泰机电有限公司,宁波市鄞州恒泰机电有限公司,HENGTAI,E5,E5-0601,,,Hentech 2026.pdf
official_554,"KUNSHAN SHUOYIRUI INTELLIGENT TECHNOLOGY CO., LTD.",昆山硕意瑞智能科技有限公司,SYR,E5,E5-0726,,,2026 SYR CATALOG.pdf
official_555,"KING- METER TECHNOLOGY CO., LTD.",天津金米特科技股份有限公司,KING-METER,E5,E5-0732,,,Brochure-KINGMETER 2026.pdf
official_556,OLI EBIKE SYSTEMS SRL,浙江欧力驱动系统有限公司,OLI,E5,E5-0737,,,20260226 OLI ebikeV.pdf
official_557,KCLAMBER ELECTRIC TECHNOLOGY CORP.,苏州摩腾电子科技有限公司,KCLAMBER ELECTRIC,E5,E5-0740,,,Kclamber Product Brochure.pdf
official_558,"SHENZHEN ATNEN TECHNOLOGY CO., LTD.",深圳市艾特能科技有限公司,ATNEN,E5,E5-0743,,,2026 ATNEW CATALOG.pdf|ATNEN CATALOG 2026.pdf
official_559,"TIANJIN D &amp; R ELECTRONIC TECHNOLOGY CO., LTD.",天津东嘉荣电子科技有限公司,D&R,E5,E5-0745,,,Tianjin D&R.pdf
official_560,"ANANDA DRIVE TECHNIQUES (SHANGHAI) CO., LTD.",安乃达驱动技术（上海）股份有限公司,ANANDA,E5,E5-0901,,,Ananda Product Catalog 2026.pdf
official_561,"JIANDE WUXING BICYCLE CO., LTD.",建德市五星车业有限公司,WUXING,E5,E5-0905,,,2026 LIGHTS PRODUCTS CATALOG车灯产品目录册.pdf
official_562,"HIGO TECHNOLOGY (SUZHOU) CO., LTD.",海固科技（苏州）有限公司,HIGO,E5,E5-0911,,,
official_563,"SUZHOU SHENGYI MOTOR CO., LTD.",苏州盛亿电机有限公司,SHENGYI,E5,E5-0913,,,Shengyi catalog（2026英文版）-20260427-001.pdf
official_564,"JOYCUBE BATTERY CO., LTD.",星久科能源（苏州）有限公司,JOYCUBE,E5,E5-0916,,,Joycube eBike Battery Catalogue 2024.pdf
official_565,"GUANGDONG GREENWAY TECHNOLOGY CO., LTD.",广东博力威科技股份有限公司,LUHONG,E5,E5-0921,,,Ebike battery catalogue-Greenway-2024.pdf
official_566,"QINHUANGDAO XINCHI PHOTOELECTRICITY TECHNOLOGY CO., LTD.",秦皇岛市芯驰光电科技有限公司,SINC LITHIUM BATTERY,E5,E5-0926,,,
official_567,"SUZHOU XIONGDA ELECTRIC MACHINE CO., LTD.",苏州雄大电机有限公司,XIONGDA,E5,E5-0932,,,2026 Suzhou XIONGDA Catalog.pdf
official_568,"SUZHOU XIONGFENG MOTOR CO., LTD.",苏州雄风电机有限公司,XOFO,E5,E5-0937,,,XOFO catalog.pdf
official_569,"NANTONG KOUMU CAR FITTINGS CO., LTD.",南通口木车件有限公司,KOUMU,E5,E5-0940,,,
official_570,"WUXI KYESANG TECHNOLOGY CO., LTD.",无锡启尚科技有限公司,QI SHANG,E5,E5-0943,,,WUXI QISHANG.pdf
official_571,"SHENZHEN SHENZHOU ARROW ELECTRONIC TECHNOLOGY CO., LTD.",深圳市神舟飞箭电子科技有限公司,SZFJ,E5,E5-0945,,,
official_572,"LUHONG TECHNOLOGY (SHENZHEN) CO., LTD.",鲁鸿科技（深圳）有限公司,GREENWAY,E5,E5-1121,,,
official_573,"KUNSHAN ST ELECTRONICS CO., LTD.",昆山硕通电子有限公司,SHUOTONG,E5,E5-1226,,,ST Charger Catalogue.pdf
official_574,"TIANJIN SANTROLL ELECTRIC TECHNOLOGY CO., LTD.",天津市松正电动科技有限公司,SANTROLL,E5,E5-1232,,,Santroll.pdf|Santroll copy.pdf
official_575,"HENAN YICHUAN NEW ENERGY TECHNOLOGY CO., LTD.",河南一川新能源科技有限公司,ANANDA,E5,E5-1237,,,
official_576,广州明美新能源股份有限公司,广州明美新能源股份有限公司,MING MEI,E5,E5-1240,,,
official_577,"DONGGUN LIZJIN ELECTRONIC TECHNOLOGY CO., LTD.",东莞笠智精电子科技有限公司,LZJ,E5,E5-1243,,,2026 LIZJING CATALOG.pdf
official_578,"RUIKANG ELECTRONIC TECHNOLOGY CO., LTD.",佛山市睿康电子科技有限公司,RUIKANG,E5,E5-1245,,,
official_579,"JIANGSU JINFENG ELECTROMECHANICAL CO., LTD.",江苏金丰机电有限公司,GENFO,E5,E5-1405,,,
official_580,苏州领冠新能源科技有限公司,苏州领冠新能源科技有限公司,LING GUAN,E5,E5-1411,,,
official_581,"WUXI DPOWER ELECTRONIC CO., LTD.",无锡大派电子有限公司,D-POWER,E5,E5-1413,,,2026 D-POWER CATALOG.pdf|D-power.pdf
official_582,"AIKEMA ELECTRIC DRIVE SYSTEM (SUZHOU) CO., LTD.",爱克玛电驱动系统（苏州）有限公司,AIKEMA TONGSHENG,E5,E5-1416,,,AIKEMA Catalog 2025 V1.0.pdf
official_583,"NANJING LISHUI ELECTRONICS RESEARCH INSTITUTE CO., LTD.",南京溧水电子研究所有限公司,LISHUI,E5,E5-1421,,,2024 Lishui Controller Product Catalog.pdf
official_584,"IQILI INTELLIGENT TECHNOLOGY (CHONGQING) CO., LTD.",爱奇力智能科技（重庆）有限公司,IQILI,E5,E5-1526,,,
official_585,"SHENZHEN KCHQ TECHNOLOGY CO., LTD.",深圳市科创奇科技有限公司,KCQ,E5,E5-1529,,,"SHENZHEN KECHUANGQI TECHNOLOGY CO., LTD.pdf"
official_586,"ZHONGSHAN SHIBAO NEW ENERGY CO., LTD.",中山市世豹新能源有限公司,SPARD,E5,E5-1532,,,2026 SPARD CATALOG.pdf|2026 SPARD self-developed Battery .pdf
official_587,"FENG RONG PRECISION TECHNOLOGY (DONG GUAN) CO., LTD.",丰荣精密科技（东莞）有限公司,FR,E5,E5-1537,,,
official_588,苏州山田机电有限公司,苏州山田机电有限公司,ST,E5,E5-1540,,,2026 Hapyson dynamo hub specifications  山田电机.pdf
official_589,"CHOGORI TECHNOLOGY CO., LTD.",深圳乔合里科技股份有限公司,CHOGORI,E5,E5-1543,,,
official_590,"LN ENERGY TECHNOLOGY CO., LTD.",佛山市雷能能源科技有限公司,LN,E5,E5-1545,,,
official_591,"TIANJIN GOOD LIGHT TECHNOLOGY DEVELOPMENT CO., LTD.",天津固德莱特科技发展有限公司,GOOD,E5,"E5-1701, E6-1421",,,
official_592,"JIZE SAICHUANG LOCOMOTIVE PARTS CO., LTD.",鸡泽县赛创机车部件有限公司,SAICHUANG,E5,E5-1705,,,2026 SAI CHUANG CATALOG.pdf
official_593,"WELLTRANS TRANSMISSION SYSTEM (SHANGHAI) CO., LTD.",威榕传动系统（上海）有限公司,WELLTRANS,E5,E5-1709,,,2026 WELLRUN CATALOG.pdf
official_594,"TAISHAN CJS TECHNOLOGY CO., LTD.",台山市昌建顺科技有限公司,CJS,E5,E5-1715,,,2026 CJS CATALOG.pdf
official_595,"LEHVOSS (SHANGHAI) CHEMICAL CO., LTD.",雷孚斯（上海）化工有限公司,LEHVOSS,E5,E5-1717,,,
official_596,"HANGZHOU LIANGPAI TECHNOLOGY CO., LTD.",杭州亮派科技有限公司,LP,E5,E5-1720,,,
official_597,"NANJING BIGSTONE ELECTRONIC &amp; TECHNOLOGY CO., LTD.",南京大石电子科技有限公司,BIGSTONE,E5,E5-1721,,,2026 Bigstone Catalogue-20260422-A.pdf
official_598,大城县全鑫车辆配件有限公司,大城县全鑫车辆配件有限公司,QXQY,E5,E5-1724,,,
official_599,"HUIZHOU JETECH ENERGY TECHNOLOGY CO., LTD.",惠州市杰特能源科技有限公司,JETECH,E5,E5-1725,,,
official_600,"MING CHEN PLASTIC PRODUCTS CO., LTD.,QINGHE COUNTY",清河县明辰塑胶制品有限公司,MING CHEN,E5,E5-1727,,,
official_601,"JIANGXI HUABO LOCOMOTIVE PARTS CO., LTD.",江西华搏机车部件有限公司,HUABO,E5,E5-1728,,,2026 HUABO CATALOG.pdf
official_602,"QINGDAO VISASTONE INDUSTRY &amp; TRADE CO., LTD.",青岛信石工贸有限公司,VISA STONE,E5,E5-1730,,,2026 VISASTONE CATALOG.pdf
official_603,"FRANK BEARING TRADING (SHANGHAI) CO., LTD.",弗兰克轴承贸易（上海）有限公司,FRANK,E5,E5-1731,,,
official_604,"HANGZHOU TIANCI POWER TECHNOLOGY CO., LTD.",杭州天磁动力科技有限公司,TIANCI,E5,E5-1732,,,
official_605,苏州智连共创电子科技有限公司,苏州智连共创电子科技有限公司,ZL,E5,E5-1801,,,suzhou Zhilian connector.pdf|ZENITH connector.pdf
official_606,"XINGTAI SANJIAN ELECTRIC BIKE MANUFACTURING CO., LTD.",邢台市三剑电动自行车制造有限公司,DH,E5,E5-1803,,,Xintai Sanjian.pdf
official_607,河北鼎宏机械配件有限公司,河北鼎宏机械配件有限公司,SJEBIKE,E5,E5-1805,,,2026 YIBIKE CATALOG.pdf
official_608,"CLOUD DRIVE INTELLIGENT TECHNOLGY CO., LTD.",南京云驱智能科技有限公司,CLOUD DRIVE,E5,E5-1807,,,
official_609,温州艾锐德科技有限公司,温州艾锐德科技有限公司,ARD,E5,E5-1813,,,
official_610,"NINGBO SIMING CHEMICAL CO., LTD.",宁波思铭化工有限公司,SIMING,E5,E5-1816,,,
official_611,"CIXI HUIYE MACHINERY TECHNOLOGY CO., LTD.",慈溪惠业机械科技有限公司,HUIYE,E5,E5-1817,,,2026 CATALOGUE OF BATTERY CASE-HUIYE PULLYWAY.pdf
official_612,"DEGSON TECHNOLOGY CO., LTD.",宁波高松技术有限公司,DEGSON,E6,E6-0001,,,
official_613,"CHANGZHOU GREENPEDEL CO., LTD.",常州嘉罗车辆配件有限公司,GREENPEDEL,E6,E6-0005,,,
official_614,"KING CLEAN ELECTRI CO., LTD.",莱克电气股份有限公司,LEXY,E6,E6-0009,,,
official_615,慈溪托力自行车配件厂,慈溪托力自行车配件厂,TUOLI,E6,E6-0013,,,
official_616,"SHENZHEN JIMI IOT CO., LTD.",深圳几米物联有限公司,JIMI,E6,E6-0017,,,
official_617,惠州市华利新材料有限公司,惠州市华利新材料有限公司,惠州市华利新材料,E6,E6-0021,,,
official_618,"SHANDONG MTEN CO., LTD.",山东蒙特恩传动科技有限公司,TONGFAN,E6,E6-0023,,,
official_619,DAISAKU COMPANY LIMITED,株式会社大索,DAISAKU,E6,E6-0024,,,
official_620,"RUIAN TONGFAN LOCKSET INDUSTRY CO., LTD.",瑞安市同帆锁业有限公司,TONGFAN LOCKSET,E6,E6-0025,,,Tongfan Lock 20260409.pdf
official_621,"SHENZHEN CHANSON INTELLIGENT TECHNOLOGY CO., LTD.",深圳市创行智能科技有限公司,YUAN YUN,E6,E6-0027,,,
official_622,杭州稻田增材技术有限公司,杭州稻田增材技术有限公司,稻田增材,E6,E6-0029,,,
official_623,"DONGGUAN XUYI HARDWARE PLASTIC PRODUCTS CO., LTD.",东莞市旭意五金塑胶制品有限公司,XUYI,E6,E6-0030,,,2026 XUYI CATALOG.pdf
official_624,芸芸物联科技（苏州）有限公司,芸芸物联科技（苏州）有限公司,芸芸物联科技（苏州）,E6,E6-0031,,,
official_625,"KUNSHAN YILIANSHENG INTELLIGENT TECHNOLOGY CO., LTD.",昆山亿联盛智能科技有限公司,YLS,E6,E6-0105,,,YLS connector.pdf
official_626,"TAIZHOU LUQIAO TONGSHANG MACHINARY TECHNOLOGY CO., LTD.",台州市路桥同尚机械科技有限公司,TONG SHANG,E6,E6-0111,,,
official_627,"TIANJIN XINGANGYUN TECHNOLOGY CO., LTD.",天津市鑫港运科技有限公司,XINGANGYUN,E6,E6-0113,,,
official_628,跃成机电科技无锡有限公司,跃成机电科技无锡有限公司,跃成机电科技无锡,E6,E6-0116,,,
official_629,"NINGBO VSETT INTELLIGENT TECHNOLOGY CO., LTD.",宁波凹索智能科技有限公司,VSETT,E6,E6-0121,,,
official_630,"ZHEJIANG JINLIN SPORTS TECHNOLOGY CO., LTD.",浙江锦霖运动科技有限公司,JINLIN,E6,E6-0126,,,
official_631,"WUXI SANDA MOTOR TECHNOLOGY CO., LTD.",无锡信安达电机科技有限公司,SANDA,E6,E6-0132,,,
official_632,丹阳市都盛电器有限公司,丹阳市都盛电器有限公司,DOSEN,E6,E6-0136,,,
official_633,SHENZHEN TRITEK LIMITED,深圳市泰科动力系统有限公司,TRITEK,E6,E6-0139,,,2026 TRITEK CATALOG.pdf|2026 TRITEK BIKE BATTERY CATALOG.pdf|2026 TRITEK CATALOG Li-ion.pdf
official_634,"ANMDY INTELLIGENT TECHNOLOGY (SUZHOU) CO., LTD.",安沐迪智能科技（苏州）有限公司,ANMDY,E6,E6-0142,,,2026 ANMDY CATALOG.pdf
official_635,邢台治洋车业有限公司,邢台治洋车业有限公司,治洋,E6,E6-0144,,,
official_636,"WANDA BATTERY INTELLIGENT TECHNOLOGY (KUNSHAN) CO., LTD.",万达电智能科技（昆山）有限公司,WANDA BATTERY,E6,E6-0145,,,
official_637,"SPANNINGA BICYCLE COMPONENTS (FOSHAN) CO., LTD.",思邦自行车配件（佛山）有限公司,SPANNINGA,E6,E6-0201,,,2026 SPANNINGA CATALOG.pdf
official_638,"SHENZHEN FIRST POWER ENERGY CO., LTD.",深圳市一级动力能源有限公司,FIRST,E6,E6-0411,,,
official_639,KKE,金华凯凯壹科技有限公司,KKE,E6,E6-0413,,,
official_640,"FOSHAN CITY SHUNDE DISTRICT CHENGDI ELECTRONIC TECHNOLOGY CO., LTD.",佛山市顺德区晟迪电子科技有限公司,CITY SHUNDE,E6,E6-0416,,,2026 CHENGDI CATALOG.pdf
official_641,"NINGBO VCHAIN TECHNOLOGY CO., LTD.",宁波唯诚科技有限公司,VCHAIN,E6,E6-0421,,,
official_642,"NINGBO HUIDONG NEW ENERGY TECHNOLOGY CO., LTD.",宁波辉动新能源科技有限公司,HUIDONG,E6,E6-0423,,,
official_643,"NINGBO ROADSAN NEW ENERGY TECHNOLOGY CO., LTD.",宁波路尚新能源科技有限公司,ROADSAN,E6,E6-0426,,,
official_644,"ZHEJIANG XINZHENG INDUSTRY AND TRADE CO., LTD.",浙江鑫正工贸有限公司,XINZHENG,E6,E6-0429,,,
official_645,"EAZO TECHNOLOGY CO., LTD.",深圳易泽新能源科技有限公司,EAZO,E6,E6-0432,,,2026 EAZO CATALOG .pdf
official_646,"JIN XIN YU POWER (SHENZHEN) SUPPLY CO., LTD.",金鑫宇电源（深圳）有限责任公司,JIN XIN,E6,E6-0434,,,
official_647,"TIANJIN XIANZHONG NEW ENERGY TECHNOLOGY CO., LTD.",天津先众新能源科技股份有限公司,EAZO,E6,E6-0436,,,2026 Xianzhong Lithium Battery Pack Product.pdf
official_648,"PUYUAN ELECTRIC MOTOR (SUZHOU) CO., LTD.",普源电机制造（苏州）有限公司,PUYUAN,E6,E6-0439,,,
official_649,"Z.S.F TECHNOLOGY (SHENZHEN) CO., LTD.",深圳市智盛富科技有限公司,Z S,E6,E6-0442,,,
official_650,"NINGBO XOD ELECTRIC HYDRAULIC DISC BRAKES CO., LTD.",宁波小电骑行装备有限公司,XOD HYDRAULIC,E6,E6-0444,,,2026 XOD CATALOG.pdf
official_651,"KUNSHAN REENTION ELECTRICAL AND MECHANICAL CO., LTD.",昆山睿恩新机电有限公司,FIRST POWER,E6,E6-0505,,,2026 REENTION CATALOGUE 2026-2027_v1.pdf|REENTION CATALOGUE 2022-2023.pdf
official_652,"TIANJIN D-POWERCORE CO., LTD.",天津动芯科技有限公司,D-POWERCORE,E6,E6-0536,,,
official_653,"NINGBO RUNDO TECHNOLOGY CO., LTD.",宁波远多智能科技有限公司,RUNDO,E6,E6-0601,,,
official_654,"QUZHOU BENNENG VEHICLE CO., LTD.",衢州奔能车业有限公司,QUZHOU BENNENG,E6,E6-0705,,,
official_655,"SHANGHAI PYTES ENERGY CO., LTD.",上海派智能源股份有限公司,TFL,E6,E6-0711,,,
official_656,"ZHEJIANG TIANHONG LITHIUM-ION BATTERY CO., LTD.",浙江天宏锂电股份有限公司,XINTU,E6,E6-0716,,,
official_657,"NINGBO XINTU INTELLIGENT &amp; TECHNOLOGY CO., LTD.",宁波新途智能科技有限公司,SHANSHAN,E6,E6-0721,,,
official_658,"KUNSHAN SHANSHAN ELECTRONIC SCIENCE &amp; TECHNOLOGY CO., LTD.",昆山市山山电子科技有限公司,YOUPENG,E6,E6-0726,,,
official_659,"TIANJIN YOUPENG YONGYUE GONGMAO CO., LTD.",天津友鹏永悦工贸有限公司,YOUPENG YONGYUE,E6,E6-0732,,,
official_660,"CHANGZHOU BISEK CYCLE CO., LTD.",常州柏斯克车业有限公司,BISEK,E6,E6-0736,,,2026 BISEK CATALOG.pdf
official_661,"SHENZHEN MODIARY CO., LTD.",深圳市麦迪瑞科技有限公司,MODIARY,E6,E6-0739,,,
official_662,"SHENZHEN RYDER ELECTRONICS CO., LTD.",深圳市瑞鼎电子有限公司,RYDER,E6,E6-0742,,,2026 RYDBATT CATALOG.pdf
official_663,"JIAXING JIAQI ELECTRONIC AND TECHNOLOGY CO., LTD.",嘉兴市佳祺电子科技有限公司,JIAQI,E6,E6-0744,,,
official_664,"CHANGZHOU NCYCLEBIKE CO., LTD.",常州市恩赛克电动车科技有限公司,NCYCLEBIKE,E6,E6-0844,,,Ncyclebike Catalogue Ebike Kit 2026.pdf
official_665,"WUYI BOE SPORTS EQUIPMENT CO., LTD.",武义柏亦运动器材有限公司,RUNDO,E6,E6-0901,,,
official_666,"JINHUA JOBO TECHNOLOGY CO., LTD.",金华市乔博电动科技有限公司,JOBOBIKE,E6,E6-0905,,,
official_667,"GUANGZHOU SYMBOL BICYCLE CO., LTD.",广州市鑫堡自行车有限公司,SYMBOL,E6,E6-0911,,,
official_668,"TAIZHOU LI JIA AUTOMOBILE INDUSTRY CO., LTD.",台州市立佳车业有限公司,LI JIA,E6,E6-0916,,,
official_669,"JINHUA FEIRUI VEHICLE CO., LTD.",金华市飞瑞车业有限公司,FEIWEL,E6,E6-0921,,,
official_670,"ZHEJIANG BOCHUANG POWER CO., LTD.",浙江博创动力股份有限公司,TEVERUN,E6,E6-0926,,,
official_671,"JINHUA VISION INDUSTRY CO., LTD.",金华卓远实业有限公司,VEKEN,E6,E6-0936,,,
official_672,"HANGZHOU MACFREY TECHNOLOGY CO., LTD.",杭州麦柯福瑞科技有限公司,MACFREY,E6,E6-0939,,,
official_673,途屿电机（常州）有限公司,途屿电机（常州）有限公司,TUYU,E6,E6-0942,,,2026 TUYU CN.pdf|2026 TUYU EN.pdf
official_674,"SHENZHEN DYU INTELLIGENT TRANSPORTATION TECHNOLOGY CO., LTD.",深圳市大鱼智行科技有限公司,DYU,E6,E6-0944,,,
official_675,"SUZHOU LINKWE NEW ENERGY TECHNOLOGY CO., LTD.",苏州联为新能源科技有限公司,AIMOS,E6,E6-1111,,,2026 LINKWE CATALOG.pdf
official_676,"CHANGZHOU AIMOS TECHNOLOGY CO., LTD.",常州艾莫斯智能科技有限公司,AIMOS,E6,E6-1113,,,
official_677,"NINGBO TEVERUN TECHNOLOGY CO., LTD.",宁波特佰轮科技有限公司,TEVERUN,E6,E6-1226,,,
official_678,"SUZHOU LONGYUE LITHIUM-POWER VEHICLE CO., LTD.",苏州龙跃锂动车辆有限公司,LONGYUE LITHIUM-POWER,E6,E6-1232,,,
official_679,"NINGBO VEKEN NEW ENERGY TECHNOLOGY CO., LTD.",宁波维科新能源科技有限公司,VEKEN,E6,E6-1236,,,2026 VEKEN Catalog CN.pdf|2026 VEKEN Catalog EN.pdf
official_680,"SUZHOU GRAND ELECTRONIC TECHNOLOGY CO., LTD.",苏州伟亿特电子科技有限公司,GRAND,E6,E6-1239,,,
official_681,"NINGBO SAFE BRAKES SYSTEMS CO., LTD.",宁波赛福汽车制动有限公司,SAFE BRAKES,E6,E6-1242,,,
official_682,"WUXI KUNENG NEW ENERGY TECHNOLOGY CO., LTD.",无锡坤能新能源科技有限公司,KUNENG,E6,E6-1244,,,
official_683,安徽宏舰电子科技有限公司,安徽宏舰电子科技有限公司,宏舰,E6,E6-1245,,,Hongjian charger.pdf
official_684,"AIGENI TECHNOLOGY CO., LTD.",无锡艾格尼科技有限公司,AIGENI,E6,E6-1301,,,
official_685,"HEBEI CONGHUI ELECTRIC VEHICLE CO., LTD.",河北聪慧电动车有限公司,CONGHUI,E6,E6-1344,,,
official_686,"YANGZHONG XINFU VEHICLE PARTS CO., LTD.",扬中市新富车辆配件有限公司,MXUS,E6,E6-1345,,,
official_687,"TIANJIN CLC TECHNOLOGY CO., LTD.",天津中投科技有限公司,CLC,E6,E6-1405,,,
official_688,NINGBO MAIBAOTE JINCHUKOU YOUXIANGOGSI,宁波迈宝特进出口有限公司,MAIBAOTE JINCHUKOU,E6,E6-1411,,,
official_689,SEVENONE,昆山顺轮车业有限公司,SEVENONE,E6,E6-1416,,,
official_690,常州涛晨电子科技有限公司,常州涛晨电子科技有限公司,涛晨,E6,E6-1418,,,
official_691,"ZHEJIANG OVERFLY ELECTRIC VEHICLE CO., LTD.",浙江欧飞电动车有限公司,OVERFLY,E6,E6-1423,,,2024-2025 OVERFLY CATALOG.pdf
official_692,"ZHEJIANG DECE INDUSTRY &amp; TRADE CO., LTD.",浙江德策工贸有限公司,DECE &AMP,E6,E6-1526,,,
official_693,"JINHUA YIFEI ELECTRIC TECHNOLOGY CO., LTD.",金华市翼飞电动科技有限公司,YIFEI,E6,E6-1532,,,
official_694,"YONGKANG WANYU INDUSTRY AND TRADE CO., LTD.",永康市万宇工贸有限公司,WANYU,E6,E6-1534,,,
official_695,"SHENZHEN ZHAOWEI MACHINERY &amp; ELEETRONIC CO., LTD.",深圳市兆威机电股份有限公司,ZHAOWEI &AMP,E6,E6-1536,,,
official_696,平乡县立超自行车厂,平乡县立超自行车厂,平乡县立超自行车厂,E6,E6-1542,,,
official_697,"CHANGZHOU HEICHAO DRIVE TECHNOLOGY CO., LTD.",常州黑超驱动技术有限公司,HEICHAO,E6,E6-1544,,,
official_698,"XINGTAI XIAN'AO BICYCLE PARTS CO., LTD.",邢台先奥自行车配件有限公司,XIAN AO,E6,E6-1642,,,xianao bike baskets.xlsx
official_699,"ZHEJIANG NANGE TECHNOLOGY CO., LTD.",浙江南戈科技有限公司,NANGE,E6,E6-1705,,,2026 Nango Sensor.pdf
official_700,"JINHUA SUNTIDE VEHICLE CO., LTD.",金华杉泰车业有限公司,SHANTAI,E6,E6-1709,,,
official_701,GUANGZHOU ELECTRONY CORPORATION,广州谐同电子科技有限公司,XIETONG,E6,E6-1713,,,XT charger.pdf
official_702,HYLETON,深圳市海龙通科技有限公司,HAILONG,E6,E6-1717,,,Shenzhen Hailongtong charger.pdf
official_703,"RDF (CHANGZHOU) ELECTRICAL TECHNOLOGY CO., LTD.",常州锐迪夫电子科技有限公司,RDP,E6,E6-1719,,,
official_704,"LIYANG SINO CABLE ELECTRONICS CO., LTD.",溧阳斯诺凯博电子有限公司,SNKB,E6,E6-1721,,,溧阳斯诺凯博电子有限公司.pdf
official_705,JINHUA FINKI TECHNOLOGY,金华锋骐科技有限公司,FINKI,E6,E6-1723,,,
official_706,"FOSHAN GUANGYUANXING ELECTRONICS CO., LTD.",佛山市广源兴电子有限公司,FINKI,E6,E6-1725,,,2026 GYX CATALOGUE.pdf
official_707,"TÜV SÜD CERTIFICATION AND TESTING (CHINA) CO., LTD. SHANGHAI BRANCH",南德认证检测（中国）有限公司上海分公司,GYX,E6,E6-1727,,,
official_708,华芯科技（恩施）有限公司,华芯科技（恩施）有限公司,TUV,E6,E6-1729,,,"Introduction to Huaxin Technology (Enshi) Co., Ltd.pptx|华芯科技（恩施）有限公司简介.pdf"
official_709,"JINHUA HEYING INTELLIGENT TECHNOLOGY CO., LTD.",金华和英智能科技有限公司,HEYING,E6,E6-1730,,,YIYUN TECH 2.pdf
official_710,深圳市金画王技术有限公司,深圳市金画王技术有限公司,市金画王,E6,E6-1731,,,
official_711,深圳市联科利隆电子科技有限公司,深圳市联科利隆电子科技有限公司,市联科利隆,E6,E6-1732,,,Lilon.pdf
official_712,"WELOCK (TIANJIN) INTELLIGENT TECHNOLOGY CO., LTD.",威洛克（天津）智能科技有限公司,WELOCK,E6,E6-1801,,,
official_713,"ZHEJIANG XINGNENGWEI TECHNOLOGY CO., LTD.",浙江兴能威科技股份有限公司,XINGNENGWEI,E6,E6-1805,,,
official_714,"NINGBO MEIWANG MOLD MACHINERY CO., LTD.",宁波美旺模具机械有限公司,MEIWANG MOLD,E6,E6-1807,,,
official_715,浙江方众机械科技有限公司,浙江方众机械科技有限公司,方众,E6,E6-1811,,,
official_716,"CHANGZHOU NAICISPORTS TECHNOLOGY CO., LTD.",常州耐驰车业有限公司,NAIDISPORTS,E7,E7-0001,,,
official_717,"EIFI MOTOR CO., LTD.",翼飞智能运动科技（金华）有限公司,EPI,E7,E7-0005,,,
official_718,"1856 TECHNOLOGY (SHENZHEN) CO., LTD.",壹捌伍陆科技（深圳）有限公司,1856,E7,E7-0007,,,
official_719,"HEBEI LESHUAI CYCLE CO., LTD.",河北乐帅车业有限公司,LESHUAI,E7,E7-0009,,,
official_720,"YONGKANG LINGQI TECHNOLOGY CO., LTD.",永康市凌骑科技有限公司,LESHUAI,E7,E7-0011,,,
official_721,浙江玖莱工贸有限公司,浙江玖莱工贸有限公司,玖莱,E7,E7-0013,,,
official_722,"UXI ELECTRIPET TECHNOLOGY CO., LTD.",无锡电宠科技有限公司,UXI ELECTRIPET,E7,E7-0015,,,
official_723,无锡互天电子科技有限公司,无锡互天电子科技有限公司,LINQIQI,E7,E7-0017,,,
official_724,TIANJIN BEWO SCIENCE AND TECHNOLOGY COMPANY,天津比沃科技有限公司,BEWO SCIENCE,E7,E7-0020,,,2026 BEWO .xls
official_725,"ZHETAI VEHICLE (JIANGSU) CO., LTD.",哲泰车业（江苏）有限公司,ZHETAI,E7,E7-0021,,,
official_726,UL SOLUTIONS,苏州UL美华认证有限公司,UL,E7,E7-0023,,,
official_727,"TROTTER ECOTECH CO., LTD.",千代众享（常州）科贸有限公司,TROTTER,E7,E7-0025,,,
official_728,浙江武义优胜健身器材有限公司,浙江武义优胜健身器材有限公司,武义优胜健身器材,E7,E7-0029,,,
official_729,CORSA SPORTS LIMITED,东莞酷飒运动器材有限公司,CORSA,E7,E7-0031,,,2026 CORSA CATALOG.pdf
official_730,"DAAO ELECTRIC (JIANGSU) CO., LTD.",大澳电器（江苏）有限公司,HXY HAIDA,E7,E7-0105,,,2026 XINAOMA DAAO MOTOR 3.pdf|2026 XINAOMA DAAO MOTOR 4.pdf|2026 XINAOMA DAAO MOTOR.pdf
official_731,"TIANJIN HXY TECHNOLOGY DEVELOPMENT CO., LTD.",天津汇鑫垚科技发展有限公司,SIMINGE,E7,E7-0111,,,
official_732,天津海达智能科技有限公司,天津海达智能科技有限公司,海达智能,E7,E7-0113,,,2026 HAIDA CATALOG.pdf
official_733,"HANGZHOU SEEMING-GOOD VEHICLES CO., LTD.",杭州斯敏格车业有限公司,MAX WHEELS,E7,E7-0116,,,
official_734,"NINGBO FASOK SPORTPRO CO., LTD.",宁波法索沃运动用品有限公司,FASOK SPORTPRO,E7,E7-0119,,,
official_735,"ZHEJIANG YULUN TECHNOLOGY CO., LTD.",浙江御轮科技有限公司,KK,E7,E7-0121,,,
official_736,"SHENZHEN KIXIN ELECTRONICS CO., LTD.",深圳市开心电子有限公司,KIXIN,E7,E7-0123,,,E-catalogue of E-Scooter X10-KIXIN.pdf|E-catalogue of E-Scooter X6-KIXIN.pdf
official_737,"ZHIHANGDA TECHNOLOGY CO., LTD.",深圳市智航达科技有限公司,ZIHRD,E7,E7-0126,,,
official_738,"SHANGHAI YIJIN SPORTING EQUIPMENT CO., LTD.",上海弋锦运动器材有限公司,YIJIN,E7,E7-0132,,,
official_739,"CHONGQING ZHENYOUJIN TECHNOLOGY CO., LTD.",重庆真有劲科技有限公司,ZHENYOUJIN,E7,E7-0136,,,
official_740,"LINHAI FENGLE POWER TECHNOLOGY CO., LTD.",临海丰乐动力科技有限公司,LINHAI FENGLE,E7,E7-0138,,,
official_741,"ZHUZHOU GEAR CO., LTD.",株洲齿轮有限责任公司,ZHUZHOU GEAR,E7,E7-0139,,,
official_742,"CHANGZHOU LVDONG ELECTRIC MACHINERY TECHNOLOGY CO., LTD.",常州绿动电机科技有限公司,LVDONG MOTOR,E7,E7-0142,,,
official_743,"CHANGZHOU HOTTECH CO., LTD.",常州霍亚智能科技有限公司,HUOYA,E7,E7-0145,,,
official_744,"VELOTS (CHANGZHOU) TECHNOLOGY CO., LTD.",唯洛（常州）智能科技有限公司,VELOTS,E7,E7-0201,,,
official_745,"CHENMAN CULTRUE &amp; MEDIA CO., LTD.",晨漫文化传媒（苏州）有限公司,CHENMAN CULTRUE,E7,E7-0238,,,
official_746,"WUXI SAIGE ELECTRIC VEHICLE TECHNOLOGY CO., LTD.",无锡赛鸽电动车科技有限公司,SAIGE,E7,E7-0411,,,
official_747,"SUZHOU BAI AN XING MECHATRONICS TECH CO., LTD.",苏州百安行机电科技有限公司,BAI AN,E7,E7-0416,,,
official_748,"WUXI YUMA POWER TECHNOLOGY CO., LTD.",无锡豫玛动力科技有限公司,YUMA,E7,E7-0418,,,
official_749,"ZHEJIANG MIHUNTER TECHNOLOGY CO., LTD.",浙江米航科技有限公司,MIHUNTER,E7,E7-0421,,,
official_750,"JINHUA JOYOR VEHICLE CO., LTD.",金华九悦车业股份有限公司,JOYOR,E7,E7-0423,,,
official_751,"SHENZHEN AIQI BICYCLE INDUSTRY CO., LTD.",深圳市爱骑车业有限公司,AIQI,E7,E7-0426,,,
official_752,"JINHUA OTMAR TECHNOLOGY CO., LTD.",金华澳特玛科技有限公司,OTMAR,E7,E7-0436,,,
official_753,"ANHUI WEITE MOTOR TECHNOLOGY CO., LTD.",安徽微特电机科技有限公司,WEITE,E7,E7-0439,,,
official_754,"XINGTAI HUASAI ELECTRIC BICYCLE CO., LTD.",邢台桦赛电动自行车有限公司,HUASAI,E7,E7-0442,,,
official_755,"JIANGXI OYF VEHICLE INDUSTRY CO., LTD.",江西欧亚非车业有限公司,OYF,E7,E7-0445,,,
official_756,"ZHEJIANG JSL VEHICLE CO., LTD.",浙江九色鹿车业股份有限公司,JSL,E7,E7-0532,,,
official_757,"HANGZHOU LIN’AN BEYONDER POWER CO., LTD.",杭州临安博达电源有限公司,LIN’AN BEYONDER,E7,E7-0542,,,
official_758,"HUIZHOU CODIFICE BIKES CO., LTD.",惠州市科迪斐车业有限公司,CODIFICE,E7,E7-0601,,,
official_759,"ZHEJIANG LVJU VEHICLE INDUSTRY CO., LTD.",浙江绿驹车业有限公司,LVJU,E7,E7-0705,,,
official_760,"ZHEJIANG LUYUAN ELECTRIC VEHICLE CO., LTD.",浙江绿源信息科技有限公司,LUYUAN,E7,E7-0711,,,
official_761,"SUZHOU ANSBERN SPORTS CO., LTD.",苏州安斯博运动器材有限公司,ANSBERN,E7,E7-0716,,,
official_762,"QUZHOU NAIJIATE VEHICLE CO., LTD.",衢州耐佳特车业有限公司,NAKTO,E7,E7-0721,,,
official_763,"CHANGZHOU LINGHUI INTELLIGENT TECHNOLOGY CO., LTD.",常州领辉智能科技有限公司,LINGHUI,E7,E7-0726,,,
official_764,"ZHEJIANG XIAODU VEHICLE CO., LTD.",浙江小度车业有限公司,XIAODU,E7,E7-0729,,,
official_765,"ZHONGXIN POWER (TIANJIN) BICYCLE CO., LTD.",中新动力（天津）自行车有限公司,JSL,E7,E7-0736,,,
official_766,"CIXI LENJOY SPORTS CO., LTD.",慈溪乐享运动用品有限公司,LENJOY,E7,E7-0742,,,
official_767,"NINGBO ZIXIN BICYCLE INDUSTRY CO., LTD.",宁波自信车业有限公司,LENJOY,E7,E7-0744,,,
official_768,"M &amp; S E-DRIVING SYSTEM CO., LTD.",宁波麦思动力系统有限公司,M&S,E7,E7-0901,,,
official_769,东莞市和裕智造科技有限公司,东莞市和裕智造科技有限公司,HEYU,E7,E7-0916,,,
official_770,"ZHEJIANG YUANDA VEHICLE CO., LTD.",浙江源达车业科技有限公司&nbsp;,YUANDA,E7,E7-0921,,,
official_771,"DONGGUAN LVDAOXING TECHNOLOGY CO., LTD.",东莞市绿道行科技有限公司,LVDAOXING,E7,E7-0924,,,
official_772,"CHONGQING YIZAO TECHNOLOGY CO., LTD.",重庆易造科技有限公司,YIZAO,E7,E7-0926,,,
official_773,"CHONGQING MOBIMAX TECHNOLOGY CO., LTD.",重庆水蓝科技发展有限公司,MOBIMAX,E7,E7-0932,,,
official_774,"ZHEJIANG HAYING INTELLIGENT TECHNOLOGY CO., LTD.",浙江哈鹰智能科技有限公司,SHUILAN,E7,E7-0936,,,
official_775,"ZISPEED TRANSMISSION TECHNOLOGY (SUZHOU) CO., LTD.",智速传动科技（苏州）有限公司,ZISPEED TRANSMISSION,E7,E7-0942,,,
official_776,"DACHENG COUNTY KAI FENG ELECTRIC VEHICLE PARTS CO., LTD.",大城县凯丰电动车配件有限公司,DACHENG KAI,E7,E7-0945,,,
official_777,"SHANGHAI OLBETTER HOME LIVING CO., LTD.",上海奥贝特家居有限公司,OLBETTER HOME,E7,E7-1045,,,
official_778,"CHANGZHOU GUANMA ELECTROMECHANICAL CO., LTD.",常州灌玛机电有限公司,GUANMA ELECTROMECHANICAL,E7,E7-1124,,,
official_779,"TIANJIN DOUBLE TREE INTERNATIONAL TRADE CO., LTD.",天津逸林湾进出口有限公司,DOUBLE TREE,E7,E7-1226,,,
official_780,"SHENZHEN KLYDE ELECTRONICS CO., LTD.",深圳市科莱德电子有限公司,KLYDE,E7,E7-1232,,,
official_781,"HUIYITE (KUNSHAN) PRECISION ELECTRONICS CO., LTD.",汇亿特（昆山）精密电子有限公司,HUIYITE,E7,E7-1234,,,
official_782,"NINGBO SUPERMAX VEHICLE CO., LTD.",宁波舒博曼斯车业有限公司,SUPERMAX,E7,E7-1236,,,
official_783,WUXI UNITED MOBILITY TECHNOLOGY INC,无锡市联合力动车业有限公司,UNITED MOBILITY,E7,E7-1239,,,
official_784,"CYCLISTS' NETWORKING SPORTS TECHNOLOGY CO., LTD.",骑友网（杭州）体育科技有限公司,CYCLISTS NETWORKING,E7,E7-1242,,,
official_785,浙江省自行车电动车行业协会,浙江省自行车电动车行业协会,省自行车电动车行业协会,E7,E7-1244,,,
official_786,广州市领骑信息科技有限公司,广州市领骑信息科技有限公司,市领骑信息,E7,E7-1245,,,
official_787,"ZHEJIANG LANGXIANG INDUSTRIAL CO., LTD.",浙江朗翔实业有限公司,LANG XIANG,E7,E7-1301,,,
official_788,"ZHEJIANG BAOGUILAI VEHICLE INDUSTRY CO., LTD.",浙江宝归来车业有限公司,BAOGUILAI,E7,E7-1305,,,
official_789,"SHENZHEN MINUO BICYCLE CO., LTD.",深圳市明诺自行车有限公司,GUANG YUN,E7,E7-1311,,,
official_790,"HEBEI LIMMA ELECTRIC VEHICLE CO., LTD.",河北黎玛电动车有限公司,LIMA,E7,"E7-1314, E5-1729",,,
official_791,永康市一特电子有限公司,永康市一特电子有限公司,LEIDE SEN,E7,E7-1316,,,
official_792,"KUNSHAN CYCLISPORT CO., LTD.",昆山赛克力运动产品有限公司,LIMA,E7,E7-1318,,,
official_793,横店集团东磁股份有限公司,横店集团东磁股份有限公司,YITE,E7,E7-1321,,,
official_794,"ZHEJIANG DIMAISHI INTELLIGENT TECHNOLOGY CO., LTD.",浙江迪迈仕智能科技有限公司,DIMAISHI,E7,E7-1324,,,
official_795,"GUANGZHOU WHEELIVE INFORMATION TECHNOLOGY CO., LTD.",广州唯轮信息科技有限公司,HAOOQ HOUYAN,E7,E7-1342,,,
official_796,"PRO MEDIA CO., LTD.",贸易风国际有限公司,MEDIA,E7,E7-1344,,,
official_797,江苏省自行车电动车协会,江苏省自行车电动车协会,OFLY AC,E7,E7-1345,,,
official_798,"SHANDONG GUANGYUN ELECTRIC VEHICLE TECHNOLOGY CO., LTD.",山东广运电动车科技有限公司,GUANGYUN,E7,E7-1511,,,
official_799,"SGS-CSTC STANDARDS TECHNICAL SERVICES CO., LTD.",通标标准技术服务有限公司,SGS-CSTC STANDARDS,E7,E7-1514,,,
official_800,"GUANGZHOU QINGLONGLIN CLOTHING EQUIPMENT CO., LTD.",广州青龙林服饰有限公司,QINGLONGLIN CLOTHING,E7,E7-1515,,,
official_801,"SHENZHEN LEIDESEN BIKE CO., LTD.",深圳雷德森自行车有限公司,LEIDESEN,E7,E7-1516,,,
official_802,"SHENZHEN BLUE LIGHT CARBON TECHNOLOGY CO., LTD. / DENGFU SPORTS EQUIPMENT CO., LTD.",深圳市蓝光碳纤科技有限公司/深圳市登富体育用品有限公司,BLUE,E7,E7-1518,,,
official_803,"ANHUI SUER ELECTRONICS CO., LTD.",安徽速尔电子有限公司,SUER,E7,E7-1521,,,
official_804,ROLLING SUNDAY,浙江洛林森德智车业有限公司,ROLLING SUNDAY,E7,E7-1524,,,
official_805,"ALTON CO., LTD.",艾暾（天津）自行车有限公司,ALTON,E7,E7-1526,,,
official_806,惠州市名途电子有限公司,惠州市名途电子有限公司,惠州市名途,E7,E7-1529,,,
official_807,临沂浩都塑业有限公司,临沂浩都塑业有限公司,浩都塑业,E7,E7-1532,,,
official_808,"LINYI YOUYUAN VEHICLE INDUSTRY CO., LTD.",临沂优源车业有限公司,YOUYUAN,E7,E7-1534,,,
official_809,宁波凯启镁科技有限公司,宁波凯启镁科技有限公司,凯启镁,E7,E7-1536,,,
official_810,"KUNSHAN WEISHENGDE TESTING EQUIPMENT CO., LTD.",昆山威胜德检测设备有限公司,WEISHENGDE TESTING,E7,E7-1539,,,
official_811,WHEEL GIANT INC.,轮彦国际有限公司,WHEEL GIANT,E7,E7-1542,,,
official_812,"INFOTRADE MEDIA CO., LTD.",贸易眼国际股份有限公司,INFOTRADE MEDIA,E7,E7-1543,,,
official_813,"DISCOVERY RESOURCES (SHENZHEN) ENTERPRISE SERVICES CO., LTD.",发现资源（深圳）企业服务有限公司,DISCOVERY RESOURCES,E7,E7-1544,,,
official_814,"HUIZHOU JUFEI SPORTS TECHNOLOGY CO., LTD.",惠州巨飞运动科技有限公司,JUFEI,E7,E7-1545,,,
official_815,"JINYUN YINGPAI SCIENCE AND TECHNOLOGY CO., LTD.",缙云盈派科技有限公司,JINYUN YINGPAI,E7,E7-1546,,,
official_816,邯郸市永年区千盛金属制品有限公司,邯郸市永年区千盛金属制品有限公司,永年区千盛金属制品,E7,E7-1632,,,
official_817,"SHANGHAI ZHENGYUAN ELECTRONIC TECHNOLOGY CO., LTD.",上海正渊电子科技有限公司,ZHENGYUAN,E7,E7-1633,,,
official_818,深圳市沃达孚科技有限公司,深圳市沃达孚科技有限公司,市沃达孚,E7,E7-1634,,,
official_819,ENDLESS RIDING,南京骑酷体育文化推广有限公司,ENDLESS RIDING,E7,E7-1642,,,
official_820,WILDTO (XIAMEN) TECHNOLOGY INC.,厦门市野途网络科技有限公司,WILDTO,E7,E7-1643,,,
official_821,"HANGZHOU HUANXUN EXHIBITION CO., LTD.",环讯传媒（杭州寰讯展览有限公司）,HUANXUN EXHIBITION,E7,E7-1644,,,
official_822,东莞市鸿德手袋制品有限公司,东莞市鸿德手袋制品有限公司,市鸿德手袋制品,E7,E7-1645,,,
official_823,脉康医疗器械（河北）有限公司,脉康医疗器械（河北）有限公司,脉康医疗器械（河北）,E7,E7-1646,,,
official_824,"YONGKANG TANGSHENG INDUSTRY CO., LTD.",永康市堂胜工贸有限公司,TANGSHENG,E7,E7-1701,,,
official_825,"KUNSHAN BEST ELECTRONIC CO., LTD.",昆山百思特电子有限公司,BEST,E7,E7-1703,,,
official_826,"XINGTAI TITANIUM BELL TECHNOLOGY CO., LTD.",邢台钛铃科技有限公司,TITANIUM BELL,E7,E7-1704,,,
official_827,"TIANJIN RUIGAO TECHNOLOGY CO., LTD.",天津瑞高科技有限公司,RUIGAO,E7,E7-1707,,,
official_828,"JIANGSU JUNHUA HPP CO., LTD.",江苏君华特种高分子材料股份有限公司,JUNHUA HPP,E7,E7-1709,,,
official_829,"DONGGUAN XINGNUO ELECTRONIC TECHNOLOGY CO., LTD.",东莞市星诺电子科技有限公司,XINGNUO,E7,E7-1710,,,
official_830,"YONGKANG DIYITONG LEISURE PRODUCTS CO., LTD.",永康市迪亿通休闲用品有限公司,DIYITONG LEISURE,E7,E7-1711,,,
official_831,"FOSHAN DAHANG PRECISION TECHNOLOGY CO., LTD.",佛山市大航精密科技有限公司,DAHANG,E7,E7-1713,,,
official_832,一速镁业（兰溪市）有限责任公司,一速镁业（兰溪市）有限责任公司,一速镁业（兰溪市）,E7,E7-1715,,,
official_833,WENLING YINGMA MACHINERY PARTS FACTORY,温岭市鹰马机械配件厂,WENLING YINGMA,E7,E7-1719,,,
official_834,"FUXIN ELECTRIC VEHICLE, LINYI HIGH-TECH ZONE, SHANDONG",临沂高新区傅鑫电动车厂,FUXIN LINYI,E7,E7-1720,,,
official_835,"XINGTAI TUBAI ELECTRIC BIYCLE CO., LTD.",邢台图柏电动自行车有限公司,TUBAI BIYCLE,E7,E7-1721,,,
official_836,"K-LITE (SHANGHAI) INDUSTRIAL CO., LTD.",上海科光实业有限公司,K-LITE,E7,E7-1725,,,
official_837,TAICANG ACT SPORTING GOODS TESTING COMPANY,太仓型动运动用品检测有限公司,ACT TESTING,E7,E7-1726,,,
official_838,宿迁致晖电子有限公司,宿迁致晖电子有限公司,致晖,E7,E7-1727,,,
official_839,"SUZHOU MEIDE SPORTS TECHNOLOGY CO., LTD.",苏州镁德运动科技有限公司,MEIDE,E7,E7-1728,,,
official_840,TIANJIN BUNNYHOP SPORTS AND MEDIA,天津兔跳体育文化传播有限公司,BUNNYHOP MEDIA,E7,E7-1729,,,
official_841,UPTON TECHNOLOGY,上腾科技（广州）有限公司,UPTON,E7,E7-1730,,,
official_842,PT TERANG DUNIA INTERNUSA TBK,PT TERANG DUNIA INTERNUSA TBK,PT TERANG,E7,E7-1731,,,
official_843,"SHENZHEN YEESTEP TECHNOLOGY CO., LTD.",深圳市亦小步科技有限公司,YEESTEP,E7,E7-1801,,,
official_844,MKT,莱茵技术（苏州）有限公司,MKT,E7,E7-1803,,,
official_845,"DONGGUAN MOTOVELO TECHNOLOGY CO., LTD.",东莞市摩乐出行科技有限公司,MOTOVELO,E7,E7-1805,,,
official_846,"NINGBO XINQI SCIENCE AND TECHNOLOGY CO., LTD.",宁波新骑科技有限公司,XINQI SCIENCE,E7,E7-1807,,,
official_847,"ZHEJIANG AOHUANG INDUSTRY &amp; TRADE CO., LTD.",浙江奥煌工贸有限公司,AOHUANG &AMP,E7,E7-1811,,,
official_848,宁波哲可机械有限公司,宁波哲可机械有限公司,哲可,E7,E7-1814,,,
official_849,"HANGZHOU SPIRIT RUN TECHNOLOGY CO., LTD.",杭州灵跑科技有限公司,SPIRIT RUN,E7,E7-1815,,,
official_850,"METAV (CHONGQING) DIGITAL TECHNOLOGY CO., LTD.",米塔维（重庆）数字科技有限公司,METAV DIGITAL,E7,E7-1817,,,
official_851,E-MA INTERNATIONAL CORP.,一马国际有限公司,TRIPEAK,N1,N1-0001,,,
official_852,"DONGGUAN SHUANGCHENGQIBING SPORTS GOODS CO., LTD.",东莞市双城骑兵体育用品有限公司,SHUANGCHENGQIBING,N1,N1-0003,,,
official_853,"DONGGUAN EANBURG SPORTING GOODS CO., LTD.",东莞伊恩伯格体育用品有限公司,EANBURG,N1,N1-0006,,,
official_854,GAERNE SPA,Gaerne spa,GAERNE SPA,N1,N1-0007,,,
official_855,HORIM GLOBAL CORPORATION,HORIM GLOBAL CORPORATION,HORIM,N1,N1-0008,,,
official_856,SHANGHAI QY TRADING COMPANY,上海骑砚商贸有限公司,DEC FL SH GUO,N1,N1-0009,,,
official_857,"TUNAP (SHANGHAI) INT'L TRADE CO., LTD.",统耐保（上海）国际贸易有限公司,TUNAP,N1,N1-0011,,,
official_858,"CHANGZHOU BOSHUO NEW ENERGY CO., LTD.",常州博硕新能源有限责任公司,OH HL KF KY,N1,N1-0013,,,
official_859,GUANGZONG COUNTY JIUYUAN PLASTIC PRODUCTS FACTORY,广宗玖源塑料制品厂,GUANGZONG JIUYUAN,N1,N1-0014,,,2026 JIUYUAN CATALOG.pdf
official_860,义乌市赛刻户外用品有限公司,义乌市赛刻户外用品有限公司,市赛刻户外用品,N1,N1-0015,,,
official_861,"JCADI TECHNOLOGY CO., LTD.",无锡捷凯瑞动力科技有限公司,JCADI,N1,N1-0016,,,
official_862,"FENGXIAN JINFEI VEHICLE PARTS CO., LTD.",丰县金飞车辆配件有限公司,KM XB FH OF,N1,N1-0017,,,
official_863,"GUANGZHOU SUNYUNSI SPORTS CO., LTD.",广州隼韵思体育用品有限公司,SUNYUNSI,N1,N1-0018,,,
official_864,"BAOJI HONGLONG NONFERROUS METAL MATERIALS CO., LTD.",宝鸡宏隆有色金属材料有限公司,BO BJ JW LR DI,N1,N1-0019,,,
official_865,HEBEI DONGHAI PUMP FACTORY,唐山市丰润区东海气筒厂,CW GHL,N1,N1-0021,,,
official_866,"XINGTAI SAFETY &amp; RIDE BICYCLE CO., LTD.",邢台安之行自行车有限公司,&AMP RIDE,N1,N1-0022,,,2026 AN ZHI XING CATALOG.pdf
official_867,"JIANGYIN KANGYIN AUTO INDUSTRY PARTS CO., LTD.",江阴市康寅车业部件有限公司,KANGYIN AUTO,N1,N1-0023,,,
official_868,"FOSHAN KEXIANG PRECISION COMPONENTS CO., LTD.",佛山市科翔精密零部件有限公司,KEXIANG,N1,N1-0024,,,
official_869,"GUANGZHOU SHEENBOW PIGMENT TECHONOLOGY CO., LTD.",广州鑫铂颜料科技有限公司,SHEENBOW PIGMENT,N1,N1-0025,,,
official_870,"SHANGHAI UPIOT TECHNOLOGY CO., LTD.",上海量讯物联技术有限公司,UPIOT,N1,N1-0026,,,
official_871,NINGHAI XIDIAN FANGYU ELECTRIC APPLIANCE FACTORY,宁海县西店方宇电器厂,JINGRUN,N1,N1-0027,,,
official_872,EVER SUN,宁波永隼电子科技有限公司,EVER SUN,N1,N1-0028,,,
official_873,"CIXI JIAMIN CYCLE CO., LTD.",慈溪市佳旻车业有限公司,DH GO,N1,N1-0029,,,2026 JIAMIN CATALOG.pdf
official_874,"XIAMEN JIADESHENG EYEWEAR CO., LTD.",厦门佳得胜眼镜有限公司,JIADESHENG EYEWEAR,N1,N1-0030,,,
official_875,"SHENZHEN BIOSLED TECHNOLOGY CO., LTD.",深圳市研色科技有限公司,BIOSLED,N1,N1-0031,,,2026 BIOSLED CATALOG.pdf
official_876,"SHANDONG JINGPIN ELECTRIC VEHICLE TECHNOLOGY CO., LTD.",山东京品电动车科技有限公司,JINGPIN,N1,N1-0032,,,
official_877,"SHANGHAI LIANYI BEARING TECHNOLOGY CO., LTD.",上海涟屹轴承科技有限公司,LIANYI BEARING,N1,N1-0034,,,
official_878,超人慧行（深圳）科技有限公司,超人慧行（深圳）科技有限公司,超人慧行（深圳）,N1,N1-0035,,,
official_879,"XINGTAI JINTA BICYCLE CO., LTD.",邢台锦踏自行车有限公司,JINTA,N1,N1-0036,,,
official_880,WINLUCK CYCLE CORP.,得运国际股份有限公司,WINLUCK,N1,N1-0105,,,
official_881,VEE RUBBER CORPORATION LID.,VEE RUBBER CORPORATION LID.,VEE,N1,N1-0107,,,
official_882,"CYZODA-HANGZHOU ZHONGYIDA TECHNOLOGY CO., LTD.",杭州中易达科技有限公司,CYZODA-HANGZHOU ZHONGYIDA,N1,N1-0110,,,
official_883,"SHENZHEN BAOLUJIE BICYCLE CO., LTD. DONGGUAN BRANCH",深圳市保路捷自行车有限公司东莞分公司,BAOLUJIE,N1,N1-0115,,,
official_884,"DONGGUAN XUANJING ELECTRONICS CO., LTD.",东莞市轩璟电子有限公司,XUANJING,N1,N1-0117,,,2026 Xuan Jing Catalog.pdf
official_885,"XINGTAI JIEJIAN BICYCLE MANUFACTURING CO., LTD.",邢台捷健自行车制造有限公司,JIEJIAN,N1,N1-0120,,,
official_886,"XINGTAI QILI BICYCLE ACCESSORIES CO., LTD.",邢台市齐利自行车配件有限公司,QILI,N1,N1-0123,,,
official_887,LINER LNJECTION MOLDING FACTORY,平乡县麟儿注塑厂,LINER LNJECTION,N1,N1-0126,,,
official_888,康帕斯（河北）橡胶有限公司,康帕斯（河北）橡胶有限公司,康帕斯（河北）橡胶,N1,N1-0128,,,
official_889,GUANGZONG COUNTY JIEAO BICYCLE ACCESSORIES FACTORY,广宗县捷奥鞍座有限公司,GUANGZONG JIEAO,N1,N1-0129,,,
official_890,"BORAD SPORTS TECHNOLOGY (SHENZHEN) CO., LTD.",博拉德运动科技（深圳）有限公司,BORAD,N1,N1-0130,,,
official_891,"DONGGUAN SHUQI SPORTS PRODUCTS CO., LTD.",东莞市舒骑运动用品有限公司,SHUQI,N1,N1-0132,,,
official_892,"CHANGZHOU CHINGYI ENERGY TECHNOLOGY CO., LTD.",常州橙易新能源科技有限公司,CHINGYI,N1,N1-0133,,,
official_893,"SHENGLONG MECHINERY CO., LTD.",盐城市晟隆机械有限公司,SHENGLONG MECHINERY,N1,N1-0134,,,
official_894,"SHENZHEN OPUTE INDUSTRY MATERIALS CO., LTD.",深圳市欧普特工业材料有限公司,OPUTE,N1,N1-0136,,,
official_895,"XIAMEN XINHAOYUE TECHNOLOGY CO., LTD.",厦门鑫皓月科技有限公司,XINHAOYUE,N1,N1-0138,,,2026 XINHAOYUE CATALOG.pdf
official_896,"XINGTAI KANGNUODA TECHNOLOGY CO., LTD.",邢台康诺达科技有限公司,KANGNUODA,N1,N1-0140,,,
official_897,HEBEI GUANGZONG ZHIXIANG BICYCLE PARTS FACTORY,河北广宗县智翔自行车配件厂,GUANGZONG ZHIXIANG,N1,N1-0141,,,
official_898,"NINGBO TIEKECHONG TUBE INDUSTRY CO., LTD.",宁波市铁壳虫管业有限公司,TIEKECHONG TUBE,N1,N1-0142,,,
official_899,"XIAMEN LUTAN SPORTS EQUIPMENT CO., LTD.",厦门鹭碳运动器材有限公司,LUTAN,N1,N1-0143,,,
official_900,"LANGFANG ZHONGXIN ELECTRONIC TECHNOLOGY CO., LTD.",廊坊中芯电子科技有限公司,ZHONGXIN,N1,N1-0144,,,
official_901,"YONGKANG TUOXIN INTELLIGENT TECHNOLOGY CO., LTD.",永康市拓新智能科技有限公司,TUOXIN,N1,N1-0146,,,
official_902,"BEIJING HONOR THE UNKNOWN TECHNOLOGY CO., LTD.",北京致敬未知科技有限公司,HONOR THE,N1,N1-0147,,,
official_903,"SICHUAN REACH JIAYUAN MATHINERY CO., LTD.",四川瑞迪佳源机械有限公司,REACH JIAYUAN,N1,N1-0148,,,
official_904,VOOK,广州特稳科技有限公司,TEWEN,N1,N1-0201,,,
official_905,无锡市奥特莱电机制造有限公司,无锡市奥特莱电机制造有限公司,市奥特莱电机制造,N1,N1-0228,,,
official_906,"XINGTAI KAIZHIYUE CHILDREN'S TOYS CO., LTD.",邢台市凯之岳儿童玩具有限公司,KAIZHIYUE S,N1,N1-0230,,,
official_907,"JIANGXI LIGHT SHARK TECHNOLOGY CO., LTD.",江西轻鲨科技有限公司,SHARK,N1,N1-0232,,,
official_908,"RUI'AN DONGXIANG HARDWARE ACCESSORIES CO., LTD.",瑞安市东翔五金配件有限公司,RUI AN,N1,N1-0233,,,
official_909,"NINGBO YURUIJIA ELECTRONIC TECHNOLOGY CO., LTD.",宁波昱瑞佳电子科技有限公司,YURUIJIA,N1,N1-0234,,,
official_910,"NINGBO KANGXUAN PLASTIC PRODUCTS CO., LTD.",宁波康炫塑料制品有限公司,KANGXUAN,N1,N1-0236,,,
official_911,"JIAXING LANTUO VEHICLE INDUSTRY CO., LTD.",嘉兴市澜拓车业有限公司,KP LINER KPS,N1,N1-0238,,,
official_912,"TIANCHANG NOCHENG NEW ENERGY CO., LTD.",天长市诺诚新能源有限公司,TIANCHANG NOCHENG,N1,N1-0240,,,
official_913,"YUEQING HONGXUN TECHNOLOGY CO., LTD.",乐清市宏讯科技有限公司,KAOUYUE,N1,N1-0241,,,
official_914,河北仕美高压气筒制造有限公司,河北仕美高压气筒制造有限公司,仕美高压,N1,N1-0242,,,
official_915,武义爱驰工贸有限公司,武义爱驰工贸有限公司,武义爱驰,N1,N1-0244,,,
official_916,"NINGBO MANER OUTDOOR PRODUCTS CO., LTD.",宁波曼尔户外用品有限公司,MANER,N1,N1-0246,,,
official_917,"WUXI JIULAN ELECTRIC TECHNOLOGY CO., LTD.",久蓝电动科技（无锡）有限公司,JIULAN,N1,N1-0247,,,
official_918,天津踏浪科技股份有限公司,天津踏浪科技股份有限公司,踏浪,N1,N1-0405,,,
official_919,"HEBEI BICYSTAR GROUP CO., LTD.",河北倍斯达集团有限公司,BICYSTAR GROUP,N1,"N1-0410, E1-1144",,,
official_920,"HEBEI XINUONUO VEHICLE INDUSTRY CO., LTD.",河北禧诺诺车业有限公司,XINUONUO,N1,N1-0420,,,
official_921,"HANGZHOU LONGLI INTELLIGENT TECHNOLOGY CO., LTD.",杭州龙砺智能科技有限公司,LONGLI,N1,N1-0426,,,2025 Longli CATALOG.pdf
official_922,PINGXIANG WENTIAN BASKET FACTORY,平乡县文天车筐厂,WENTIAN BASKET,N1,N1-0430,,,
official_923,"HEBEI JUYOU TECHNOLOGY CO., LTD.",河北巨优科技有限公司,JUYOU,N1,N1-0433,,,
official_924,河北韩驰电动自行车有限公司,河北韩驰电动自行车有限公司,韩驰,N1,N1-0434,,,
official_925,"XINGTAI YOUCHENG VEHICLE INDUSTRY CO., LTD.",邢台优诚车业有限公司,YOUCHENG,N1,N1-0436,,,
official_926,BATIC,深圳市建瓴科技有限公司,BATIC,N1,N1-0438,,,
official_927,"YONGKANG RUIXIAN INDUSTRY AND TRADE CO., LTD.",永康市锐贤工贸有限公司,RUIXIAN,N1,N1-0440,,,
official_928,"TIANJIN YIHE TRICYCLE CO., LTD.",天津市意和三轮车有限公司,YIHE TRICYCLE,N1,N1-0442,,,
official_929,"GUANGDONG YUECHENG PRECISION TECHNOLOGY CO., LTD.",广东悦成精密技术有限公司,YUECHENG,N1,N1-0443,,,
official_930,"DONGGUAN HXN POWER TECHNOLOGY CO., LTD.",东莞宏芯能科技有限公司,HXN,N1,N1-0444,,,
official_931,"XIAJIN XINHUAYANG MACHINERY TECHNOLOGY CO., LTD.",夏津县鑫华洋机械科技有限公司,XIAJIN XINHUAYANG,N1,N1-0446,,,
official_932,"DONGGUAN YOUCAI ELECTRONICS CO., LTD.",东莞悠彩电子有限公司,YOUCAI,N1,N1-0447,,,
official_933,"XINGTAI HENG HAI CHILDREN'S TOY CO., LTD.",邢台恒海儿童玩具有限公司,HENG HAI,N1,N1-0449,,,
official_934,临沂建诚新能源车业有限公司,临沂建诚新能源车业有限公司,建诚新能源,N1,N1-0533,,,
official_935,"WUXI LINGMING ELECTRIC DRIVE TECHNOLOGY CO., LTD.",无锡菱铭电驱动科技有限公司,LINGMING,N1,N1-0536,,,
official_936,深圳市冀德盛科技有限公司,深圳市冀德盛科技有限公司,市冀德盛,N1,N1-0538,,,
official_937,"FUSITE PRECISION MACHINERY TECHNOLOGY (WUXI) CO., LTD.",孚斯特精密机械科技（无锡）有限公司,FUSITE,N1,N1-0540,,,
official_938,"SHENZHEN JINGAO SI INDUSTRIAL CO., LTD.",深圳市京奥斯实业有限公司,HUDINGNUO MACFLT,N1,N1-0541,,,
official_939,"TIANCHANG LVPU ELECTRONICS CO., LTD.",天长市绿普尔电子有限公司,TIANCHANG LVPU,N1,N1-0542,,,
official_940,"WUXI JIANMO ELECTRIC VEHICLE CO., LTD.",无锡建摩电动车有限公司,JIANMO,N1,N1-0543,,,
official_941,"FOSHAN KOREWEI TECHNOLOGY CO., LTD.",佛山市科雷威科技有限公司,KOREWEI,N1,N1-0546,,,
official_942,JEZETEK,重庆九洲星熠导航设备有限公司,JEZETEK,N1,N1-0547,,,
official_943,郑州敖雄电子科技有限公司,郑州敖雄电子科技有限公司,郑州敖雄,N1,N1-0548,,,
official_944,RIDE AVENTON INC.,RIDE AVENTON INC.,RIDE AVENTON,N1,N1-0601,,,
official_945,INKODOP TECHNOLOGIES PRIVATE LIMITED,Inkodop Technologies Private Limited,INKODOP PRIVATE,N1,N1-0720,,,
official_946,"TIANJIN MINGTAI BICYCLE INDUSTRY CO., LTD.",天津明泰车业有限公司,MINGTAI,N1,N1-0723,,,
official_947,"XINGTAI HUOLINGNIAO ELECTRIC BICYCLE CO., LTD.",邢台火灵鸟电动自行车有限责任公司,HUOLINGNIAO,N1,N1-0730,,,
official_948,"JIANGSU AITEFU STOCK CO., LTD.",江苏爱特福股份有限公司,AITEFU,N1,N1-0733,,,
official_949,"ANHUI WUFUSHI TECHNOLOGY CO., LTD.",安徽屋伏石科技有限公司,WUFUSHI,N1,N1-0736,,,
official_950,"XINGTAI MAIJING TECHNOLOGY CO., LTD.",邢台迈晶科技有限公司,MAIJING,N1,N1-0738,,,
official_951,"LINYI LANSHENG NEW ENERGY ELECTRIC BIKE CO., LTD.",临沂揽胜新能源电动车有限公司,LANSHENG,N1,N1-0740,,,
official_952,"LINYI ZHONGYI TRADING CO., LTD.",临沂中义商贸有限公司,ZHONGYI,N1,N1-0741,,,
official_953,苏州锐奥德贸易有限公司,苏州锐奥德贸易有限公司,锐奥德,N1,N1-0742,,,
official_954,"DONGGUAN SHUNLIAN SPORTS GOODS CO., LTD.",东莞市顺联运动用品有限公司,SHUNLIAN,N1,N1-0746,,,
official_955,"LANGFANG KAICHAO PLASTIC PRODUCTS CO., LTD.",廊坊凯潮塑料制品有限公司,KAICHAO,N1,N1-0748,,,
official_956,"QINGHE COUNTY FANSHUN AUTO PARTS CO., LTD.",清河县帆顺汽车配件有限公司,QINGHE FANSHUN,N1,N1-0749,,,
official_957,盈顺（邢台）车业有限公司,盈顺（邢台）车业有限公司,盈顺（邢台）,N1,N1-0836,,,
official_958,"NINGBO MACHFALLY ELECTRIC APPLIANCE CO., LTD.",宁波麦创电器有限公司,MACHFALLY APPLIANCE,N1,N1-0838,,,2026 MACHFALLY CATALOG.pdf
official_959,天津市拓宇科技有限公司,天津市拓宇科技有限公司,拓宇,N1,N1-0840,,,
official_960,东莞东祺星科技有限公司,东莞东祺星科技有限公司,东祺星,N1,N1-0846,,,
official_961,宁波炬通汽配有限公司,宁波炬通汽配有限公司,炬通汽配,N1,N1-0847,,,
official_962,"SHENZHEN RRJ-DISPLAY TECHNOLOGY CO., LTD.",深圳日日佳显示技术有限公司,RRJ-DISPLAY,N1,N1-0848,,,
official_963,TINY GROUP,安徽阿蒂娜机电科技有限公司,ADINA,N1,N1-0901,,,
official_964,天津皓轮自行车有限公司,天津皓轮自行车有限公司,HAOLUN,N1,N1-0905,,,
official_965,CEPHAS CORP.,Cephas corp.,CEPHAS,N1,N1-0910,,,
official_966,"ZHEJIANG JIUZHOU NEW ENERGY TECHNOLOGY CO., LTD.",浙江九洲新能源科技有限公司,JIUZHOU,N1,N1-0915,,,2025-Catalogue-NINE CONTINENT FACTORY.pdf|JZmotor-catalogue2023.pdf
official_967,"XIAMEN GOOSYNN TECHNOLOGY CO., LTD.",厦门毂行科技有限公司,GOOSYNN,N1,N1-0920,,,
official_968,"BAOJI GUAN HENG TITANIUM INDUSTRY CO., LTD.",宝鸡冠恒钛业股份有限公司,BAOJI GUAN,N1,N1-0923,,,
official_969,"WENZHOU NAIBAO LOCK CO., LTD.",温州耐保锁业有限公司,NAIBAO LOCK,N1,N1-0926,,,Wenzhou Nurbo lock 2026.pdf
official_970,"FENGYANG LS LIGHT ALLOY PRECISE FORMING CO., LTD.",凤阳爱尔思轻合金精密成型有限公司,FENGYANG LS,N1,N1-0928,,,
official_971,"YUANMAOXIN (TIANJIN) TECHNOLOGY CO., LTD.",源茂鑫（天津）科技有限公司,YUANMAOXIN,N1,N1-0930,,,
official_972,"CHANGZHOU DASEN MACHINERY CO., LTD. ,JIANGSU,CHINA",常州市大森机械有限公司,DASEN,N1,N1-0933,,,
official_973,"WEIQIN OUTDOOR PRODUCTS CO., LTD.",东莞市威勤户外用品有限公司,WEIQIN,N1,N1-0936,,,2026 WEIQIN CATALOG.pdf
official_974,"JIANGSU HUYUE STANDARD PARTS CO., LTD.",江苏虎跃标准件有限公司,HUYUE STANDARD,N1,N1-0938,,,
official_975,"SHENZHEN PENGYIFA PRECISION MOULD CO., LTD.",深圳市鹏亿发精密模具有限公司,PENGYIFA MOULD,N1,N1-0940,,,2025 PENGYIFA CATALOG-DIVING GEAR.pdf|2025 PENGYIFA CATALOG-DIVING MASK.pdf|2025 PENGYIFA CATALOG-SKY GOGGLES 2.pdf|2025 PENGYIFA CATALOG-SKY GOGGLES.pdf|2025 PENGYIFA CATALOG-SPORTS GOGGLES.pdf|2025 PENGYIFA CATALOG-SWIMMING GOGGLES.pdf|2026 PENGYIFA CATALOG.pdf
official_976,"TIANJIN LINDA TECHNOLOGY CO., LTD.",天津市林达科技有限公司,LINDA,N1,N1-0942,,,
official_977,文安县聚朗科技有限公司,文安县聚朗科技有限公司,文安县聚朗,N1,N1-0946,,,
official_978,"JINHUA YUEBU AUTOMOBILE CO., LTD.",金华悦步车业有限公司,YUEBU AUTOMOBILE,N1,N1-0948,,,
official_979,"FOSHAN LIFENG MOTOR MANUFACTURING CO., LTD.",佛山厉风电机制造有限公司,LIFENG,N1,N1-1038,,,
official_980,"ZHONG SHAN JIYANG PHOTOELECTRIC TECHNOLOGY CO., LTD.",中山市激扬光电科技有限公司,ZHONG SHAN,N1,N1-1040,,,
official_981,"SUZHOU TREE FROG SPORTS EQUIPMENT CO., LTD.",苏州绿树蛙运动器材有限责任公司,TREE FROG,N1,N1-1042,,,
official_982,"HANDAN BEIKE INTELLIGENT TECHNOLOGY CO., LTD.",邯郸市贝可智能科技有限公司,BEIKE,N1,N1-1046,,,
official_983,"DONGGUAN YUESHUN ELECTRONIC TECHNOLOGY CO., LTD.",东莞市粤顺电子科技有限公司,YUESHUN,N1,N1-1049,,,
official_984,JIANGMEN SHENGTAO SPORTS EQUIPMENT COMPANY LIMITED,江门市盛韬运动器材有限公司,JIANGMEN SHENGTAO,N1,N1-1210,,,2026 Shengtao Catalog.pdf
official_985,"IRIDING (SHENZHEN) TECHNOLOGY CO., LTD.",骑记（深圳）科技有限公司,IRIDING,N1,N1-1217,,,
official_986,"SHENZHEN VAN GOGH PRECISION TECHNOLOGY CO., LTD.",深圳市凡高精密科技有限公司,VAN GOGH,N1,N1-1220,,,
official_987,"LIANYUNGANG YIGIPAO OUTDOOR PRODUCTS CO., LTD.",连云港一骑跑户外用品有限公司,YIGIPAO,N1,N1-1223,,,
official_988,"XINGTAI XIDENGHUI SADDLE CO., LTD.",邢台喜登辉鞍座有限公司,XIDENGHUI,N1,N1-1226,,,
official_989,东莞市超光速科技有限公司,东莞市超光速科技有限公司,市超光速,N1,N1-1228,,,
official_990,"HEBEI LEHECHUANG CHILDREN'S PRODUCTS CO., LTD.",河北乐合创儿童用品有限公司,LEHECHUANG S,N1,N1-1230,,,
official_991,"WUXI BENJU ELECTRONIC PRODUCTS CO., LTD.",无锡德睿聚电子科技有限公司,BENJU,N1,N1-1232,,,
official_992,"JINHUA KINGPLAY SCIENCE AND TECHNOLOGY CO., LTD.",金华市金雷科技有限公司,KINGPLAY SCIENCE,N1,N1-1233,,,
official_993,"PINGXIANG LVJUN BICYCLE CO., LTD.",平乡县绿骏自行车有限公司,LVJUN,N1,N1-1236,,,
official_994,"HUIZHOU EVIC ELECTRONIC CO., LTD.",惠州市亿瑞科电子有限公司,EVIC,N1,N1-1238,,,
official_995,"YIWU MEILONG SPORTS GOODS CO., LTD.",义乌美龙体育用品有限公司,MEILONG,N1,N1-1240,,,
official_996,"DONGGUAN ZHONGDA SENSING TECHNOLOGY CO., LTD.",东莞众达传感科技有限公司,ZHONGDA SENSING,N1,N1-1242,,,
official_997,河东区友成电动车厂,河东区友成电动车厂,河东区友成电动车厂,N1,N1-1243,,,
official_998,"JIEYANG&nbsp;TIEQI&nbsp;MOTORCYCLE&nbsp;ACCESSORIES&nbsp;TRADING&nbsp;CO., LTD.",揭阳市铁骑摩托车配件贸易有限公司,JIEYANG&NBSP TIEQI&NBSP,N1,N1-1244,,,
official_999,台州烨君机车部件有限公司,台州烨君机车部件有限公司,烨君机车部件,N1,N1-1246,,,
official_1000,"XINGTAI LAISEN BICYCLE PARTS CO., LTD.",邢台市莱森自行车零件有限公司,LAISEN,N1,N1-1247,,,
official_1001,东莞市精聚五金制品有限公司,东莞市精聚五金制品有限公司,市精聚五金制品,N1,N1-1248,,,
official_1002,"DONGGUAN YUFENG TECHNOLOGY CO., LTD.",东莞市驭峰科技有限公司,YUFENG,N1,N1-1249,,,
official_1003,COLNAGO ERNESTO E C. SRL,Colnago Ernesto E C. SRL,COLNAGO,N1,N1-1301,,,
official_1004,无锡岚途车业有限公司,无锡岚途车业有限公司,岚途,N1,N1-1315,,,
official_1005,"CHANGZHOU KERUIQI SPORTS GOODS CO., LTD.",常州科锐奇体育用品有限公司,KERUIQI,N1,N1-1323,,,Changzhou Gorich 2026 Product Catalog）.pdf
official_1006,"XINGTAI SHI SUTI BICYCLE CO., LTD.",邢台市速缇自行车有限公司,SHI SUTI,N1,N1-1330,,,2026 SUTI CATALOG.pdf
official_1007,"SHANDONG CHAOWEI YUANLI ENERGY CO., LTD.",山东超威原力能源有限公司,CHAOWEI YUANLI,N1,N1-1333,,,
official_1008,"GUANGDONG COBOST TECHNOLOGY CO., LTD.",广东可波斯特科技有限公司,COBOST,N1,N1-1336,,,
official_1009,福州利菱橡塑有限公司,福州利菱橡塑有限公司,福州利菱橡塑,N1,N1-1338,,,
official_1010,"YONGKANG TOMI INDUSTRY AND TRADE CO., LTD.",永康市托米工贸有限公司,TOMI,N1,N1-1340,,,
official_1011,"SHANGHAIZICHENGARMENTCO., LTD.",上海梓辰服饰有限公司,SHANGHAIZICHENGARMENTCO,N1,N1-1342,,,
official_1012,"WENZHOU XINWEILMPORT AND EXPORTCO., LTD.",温州兴远户外用品有限公司,XINWEILMPORT EXPORTCO,N1,N1-1344,,,
official_1013,"GUANGZHOU 621 APPAREL CO., LTD.",广州六二一服饰有限公司,621 APPAREL,N1,N1-1346,,,
official_1014,"YONGKANG TONGBO TECHNOLOGY CO., LTD.",永康市童博科技有限公司,TONGBO,N1,N1-1347,,,
official_1015,"HEBEI MINGWO MACHINERY MANUFACTURING CO., LTD.",河北铭沃机械制造有限公司,MINGWO,N1,N1-1349,,,Hebei Ming Wo.xlsx
official_1016,EURO-CYCLES SA,EURO-CYCLES,EURO-CYCLES,N1,N1-1505,,,
official_1017,ALLEN.BIKE,ALLEN.BIKE,ALLEN,N1,N1-1510,,,
official_1018,BANANA GROUP LIMITED,Banana Group Limited,BANANA,N1,N1-1512,,,
official_1019,"SHANDONG CHAOWEI FUSHIDA NEW ENERGY TECHNOLOGY CO., LTD.",山东超威富士达新能源科技有限公司,CHAOWEI FUSHIDA,N1,N1-1515,,,
official_1020,"GUANGDONG DEXINGHAO BICYCLE CO., LTD.",广东德幸好自行车有限公司,DEXINGHAO,N1,N1-1517,,,
official_1021,"GUANGZHOU KONGLI FORMULA SPORTS DEVELOPMENT CO., LTD.",广州空力公式体育发展有限公司,KONGLI FORMULA,N1,N1-1520,,,
official_1022,"DONGGUAN OUYI INDUSTRIAL CO., LTD.",东莞市欧艺标牌有限公司,OUYI,N1,N1-1523,,,
official_1023,"JIANXIKA (TIANJIN) INTELLIGENT TECHNOLOGY CO., LTD.",简西卡（天津）智能科技有限公司,JIANXIKA,N1,N1-1526,,,
official_1024,"ANHUI HONGGUANG ELECTRONICS CO., LTD.",天长市宏光电子有限责任公司,HONGGUANG,N1,N1-1528,,,
official_1025,"NINGBO CHUANGHONYI BEARING CO., LTD.",宁波庄宏亿轴承有限公司,CHUANGHONYI BEARING,N1,N1-1530,,,2026 NBK CATALOG 1.pdf|2026 NBK CATALOG 2.pdf
official_1026,"LINYI YUNHONG CAR INDUSTRY CO., LTD.",临沂云鸿车业有限公司,YUNHONG CAR,N1,N1-1533,,,
official_1027,"NINGBO SHILONG BEARING CO., LTD.",宁波实隆轴承有限公司,SHILONG BEARING,N1,N1-1536,,,2026 SHILONG CATALOG.pdf
official_1028,"DONGGUAN CHAMRIDER TECHNOLOGY CO., LTD.",东莞市创易达科技有限公司,CHAMRIDER,N1,N1-1538,,,
official_1029,HENGKUAN BICYCLE ACCESSORIES FACTORY,河北省恒宽自行车配件厂,HENGKUAN FACTORY,N1,N1-1540,,,2026 HENGKUAN CATALOG.pdf
official_1030,"WENZHOU YAQI TECHNOLOGY CO., LTD.",温州雅琪科技有限公司,MZ SIMODE FOUND,N1,N1-1541,,,
official_1031,"XIAMEN KEET SPORTS TECHNOLOGY CO., LTD.",厦门科伊特运动科技有限公司,KEET,N1,N1-1542,,,2026 KEET CATALOG.pdf
official_1032,"HUBO SPORTS PRODUCTS CO., LTD.",广东钜保运动用品有限公司,HUBO,N1,N1-1543,,,2026 HUBO CATALOG motorcycle goggles.pdf|2026 HUBO CATALOG SPORTS SUNGLASSES.pdf|2026 HUBO CATALOG-SKI GOGGLES 2.pdf|2026 HUBO CATALOG-SKI GOGGLES.pdf|HUBO CATALOG 2026_motorcycle goggles.pdf|HUBO CATALOG 2026_sports sunglasses.pdf|HUBO CATALOG- ski goggles.pdf|SKI GOGGLES-HUBO CATALOG.pdf|SPORT SUNGLASSES-HUBO CATALOG.pdf
official_1033,PINGXIANG COUNTY YUETU BICYCLE PARTS FACTORY,平乡县悦途自行车配件厂,YUETU FACTORY,N1,N1-1544,,,2025 YUETU CATALOG.pdf
official_1034,"XINGTAI SIMOER STEEL BALL CO., LTD.",邢台丝摩尔钢球有限公司,SIMOER BALL,N1,N1-1546,,,
official_1035,"CHANGZHOU FOUND ENVIRONMENTAL TECHNOLOGY CO., LTD.",常州方德环境科技有限公司,FOUND ENVIRONMENTAL,N1,N1-1548,,,2026 FOUND MOTOR .pdf|2026 FOUND MOTOR CATALOG.pdf
official_1036,"NINGBO JINTA IMPORT AND EXPORT CO., LTD.",宁波金达进出口有限公司,JINTA,N1,N1-1623,,,"NINBO JINTA IMPORT&EXPORT CO.,LTD.pdf|Ningbo Jinta Product Catalogue China.pdf"
official_1037,"CIXI BANMA IMPORT AND EXPORT CO., LTD.",慈溪市斑马进出口有限公司,BANMA,N1,N1-1626,,,
official_1038,"TIANJIN SHENGKUO TRADING CO., LTD.",天津市盛阔商贸有限公司,SHENGKUO,N1,N1-1628,,,
official_1039,"JIANG DING TECHNOLOGIES (HUIZHOU) CO., LTD.",将顶科技（惠州）有限公司,JIANG DING,N1,N1-1632,,,
official_1040,"NANTONG ZOMART SPORTS TECHNOLOGY CO., LTD.",南通卓玛特运动科技有限公司,ZOMART,N1,N1-1636,,,2026 ZOMART CATALOG.pdf
official_1041,深圳市几乐创新科技有限公司,深圳市几乐创新科技有限公司,市几乐创新,N1,N1-1638,,,
official_1042,"XINGTAI HANTES VEHICLE INDUSTRY CO., LTD.",邢台翰特斯车业有限公司,HANTES,N1,N1-1640,,,
official_1043,"GHENGFENG SHOCK-ABSORBING SPORTS EQUIPMENT CO., LTD.",东莞市恒峰避震运动器材有限公司,GHENGFENG SHOCK-ABSORBING,N1,N1-1642,,,
official_1044,"FOSHAN SHUNDE GUANYUDA POWER SUPPLY CO., LTD.",佛山市顺德区冠宇达电源有限公司,SHUNDE GUANYUDA,N1,N1-1643,,,
official_1045,SHENGYOUBEI,邢台圣优贝车业有限公司,SHENGYOUBEI,N1,N1-1644,,,
official_1046,"XINGTAI MAOZHOU TECHNOLOGY CO., LTD.",邢台茂洲科技有限公司,MAOZHOU,N1,N1-1646,,,
official_1047,"QUANZHOU LEYI OUTDOOR PRODUCTS CO., LTD.",泉州市乐益户外用品有限公司,LEYI,N1,N1-1647,,,Quanzhou Leyi bags1.pdf|Quanzhou Leyi bags2.pdf
official_1048,常州海恒电子料技有限公司,常州海恒电子料技有限公司,海恒电子料技,N1,N1-1649,,,
official_1049,"GUANGZHOU SAIJING TRADING CO., LTD.",广州赛竞贸易有限公司,SAUNG,N1,N1-1701,,,
official_1050,BUILDVIEW LIMITED,创文集团有限公司,RIDUCK,N1,N1-1704,,,
official_1051,RIDUCK INC.,Riduck Inc.,RIDUCK,N1,N1-1706,,,
official_1052,"MONOERIC INTERNATIONAL CO., LTD.",扬均企业股份有限公司,LIYIDA,N1,N1-1708,,,
official_1053,LI YI DA LTD.,利易达有限公司,LI YI,N1,N1-1709,,,
official_1054,VITTORIA SOURCING ASIA,VITTORIA SOURCING ASIA,VITTORIA,N1,N1-1711,,,
official_1055,"SHENZHEN HUILI PRECISION HARDWARE PRODUCTS CO., LTD.",深圳市辉利精工五金制品有限公司,HUILI,N1,N1-1713,,,2026 HUILI CATALOG.pdf
official_1056,文安县冠亚五金制品厂,文安县冠亚五金制品厂,文安县冠亚五金制品厂,N1,N1-1714,,,
official_1057,"XINGTAI SHUANGYI CAR INDUSTRY CO., LTD.",邢台双艺车业有限公司,RUI,N1,N1-1715,,,
official_1058,"SHENZHEN MAHIM SPORTS TECHNOLOGY CO., LTD.",深圳玛希姆运动科技有限公司,MAHIM,N1,N1-1716,,,2026 MAXIMUM CATALOG.pdf
official_1059,"CHANGZHOU SUTE BEARING MANUFACTURE CO., LTD.",常州苏特轴承制造有限公司,SY,N1,N1-1717,,,
official_1060,"CHANGZHOU JIELING BEARING CO., LTD.",常州市杰灵轴承有限公司,JIELING BEARING,N1,N1-1718,,,
official_1061,"XI'AN TITAN CYCLES CO., LTD.",西安尼泰工贸有限公司,XI AN,N1,N1-1719,,,
official_1062,"XINGTAI SPORK SPORTING GOODS CO., LTD.",邢台斯伯克体育用品有限公司,SPORK,N1,N1-1720,,,
official_1063,"AOSI STAR (TIANJIN) TECHNOLOGY CO., LTD.",奥斯之星（天津）科技有限公司,IL,N1,N1-1721,,,
official_1064,"GUANGZONG COUNTY AOQI TIRE MANUFACTURING CO., LTD.",广宗县澳奇轮胎制造有限公司,NT SBK,N1,N1-1723,,,2026 AOQI CATALOG.pdf
official_1065,昆山市宝佳隆机械设备有限公司,昆山市宝佳隆机械设备有限公司,市宝佳隆机械设备,N1,N1-1724,,,
official_1066,"ZHEJIANG SANJIU TOOLS CO., LTD.",永康三久工具有限公司,ACX STAR,N1,N1-1725,,,
official_1067,厦门博新特复材科技有限公司,厦门博新特复材科技有限公司,博新特复材,N1,N1-1726,,,
official_1068,"TELI NEW ENERGY (HUIZHOU) CO., LTD.",特力新能源（惠州）有限公司,AGAS,N1,N1-1727,,,
official_1069,"TIANJIN ZHENMA TECHNOLOGY CO., LTD.",天津真玛科技有限公司,ZHENMA,N1,N1-1728,,,
official_1070,"CHANGDE HONGYUANLI ELECTRONICS TECHNOLOGY CO., LTD.",常德市红源利电子科技有限公司,BJL SJ,N1,N1-1729,,,
official_1071,ANCHANG WALL TECHNOLOGY,天津安昌华尔科技有限公司,ANCHANG WALL,N1,N1-1730,,,
official_1072,"DONGGUAN CYS SPORTS GOODS CO., LTD.",东莞市春源尚运动用品有限公司,CYS,N1,N1-1731,,,
official_1073,"NINGHAI JIEBO ALUMINIUM CO., LTD.",宁海县杰波铝业有限公司,NINGHAI JIEBO,N1,N1-1732,,,
official_1074,"WENZHOU HONGCHENG LOCK CO., LTD.",温州红成锁业有限公司,HJC OYX,N1,N1-1733,,,
official_1075,"HEBEI TONGLE BICYCLE CO., LTD.",河北童乐自行车有限公司,TONGLE,N1,N1-1734,,,
official_1076,"DONGGUAN YONGBAO SPORTS GOODS CO., LTD.",东莞市永宝运动用品有限公司,YONGBAO,N1,N1-1736,,,2026 Yongbao Catalog.pdf
official_1077,"EYESCARE OPTICAL CO., LTD.",艾视科（厦门）光学有限公司,EYESCARE OPTICAL,N1,N1-1801,,,2026 EYESCARE CATALOG.pdf
official_1078,"HUZHOU WUXING HENGYU GLOVE CO., LTD.",湖州吴兴恒裕手套有限公司,HUZHOU WUXING,N1,N1-1804,,,
official_1079,安徽欣越电子有限公司,安徽欣越电子有限公司,欣越,N1,N1-1805,,,
official_1080,"DONGGUAN MEICHENG SPORTS GOODS CO., LTD.",东莞市美成运动用品有限公司,MEICHENG,N1,N1-1806,,,
official_1081,"HUZHOU RUIBANG GLOVE CO., LTD.",湖州瑞邦手套有限公司,HUZHOU RUIBANG,N1,N1-1807,,,
official_1082,CIXISHI JINGNIU CHEZHOU PEIJIANCHANG,慈溪市金牛车轴配件厂,CIXISHI JINGNIU,N1,N1-1808,,,
official_1083,"NINGBO MUPIN ELECTRICAL APPLIANCE TECHNOLOGY CO., LTD.",宁波慕品电器科技有限公司,MUPIN APPLIANCE,N1,N1-1811,,,
official_1084,"SHANGHAI LUNJINGHE TECHNOLOGY CO., LTD.",上海伦景和科技有限公司,LUNJINGHE,N1,N1-1812,,,
official_1085,"DONGGUAN ZITENG SPORTS PRODUCTS CO., LTD.",东莞市紫藤运动用品有限公司,ZITENG,N1,N1-1813,,,
official_1086,GO COOL,果壳造物（苏州）材料科技有限公司,GO COOL,N1,N1-1814,,,
official_1087,"SICHUAN XINGGUANG INTELLIGENT ELECTRONICS CO., LTD.",四川星光智能电子有限公司,XINGGUANG,N1,N1-1816,,,
official_1088,"GUANGZHOU BAOLAY GLASSES TECHNOLOGY CO., LTD.",广州宝来眼镜科技有限公司,BAOLAY GLASSES,N1,N1-1817,,,
official_1089,FOX SHIELD,福建泉州星骑科技有限公司,FOX SHIELD,N1,N1-1818,,,
official_1090,"SHENZHEN WEITEBAO TRADING CO., LTD.",深圳威特豹贸易有限公司,ABC,W1,W1-0001,,,
official_1091,"XIAMEN BAIYEXING OUTDOOR PRODUCTS CO., LTD.",厦门佰业兴户外用品有限公司,BAIYEXING,W1,W1-0005,,,2026 BYX CATALOG 1.pdf|2026 BYX CATALOG 2.pdf
official_1092,"WUHAN GRANDPINE TRADING CO., LTD. / SHENZHEN SINOPINE TRADING CO., LTD.",武汉金松源商贸有限公司,MOLLEYN APRO,W1,W1-0007,,,
official_1093,"SENICX TECHNOLOGY (SHANGHAI) CO., LTD.",驭勇科技（上海）有限公司,SENICX,W1,W1-0009,,,
official_1094,"YANTAI CHANGHONG PLASTIC PRODUCTS CO., LTD.",烟台长虹塑料制品有限公司,AMAZINGZYN,W1,W1-0011,,,2026 ZAN SHIFENG CATALOG.pdf
official_1095,"TIANJIN HYSIN ACHIEVEMENT TECHNOLOGIES CO., LTD.",天津华信常阳科技有限公司,HYSIN ACHIEVEMENT,W1,W1-0013,,,
official_1096,"CHONGQING HUAJIE BICYCLE CO., LTD.",禾诘企业有限公司/重庆华诘自行车有限公司,HEJIE HUAJIE,W1,W1-0017,,,
official_1097,"HUIZHOU SHUNLI SPORTS GOODS CO., LTD.",惠州市顺利体育用品有限公司,HYSINTEC,W1,W1-0021,,,2026 DYN CATALOG.pdf
official_1098,AMAZING INDUSTRIES,AMAZING INDUSTRIES,COMPLEX SENICK,W1,W1-0023,,,
official_1099,珠海市铭庆发展有限公司,珠海市铭庆发展有限公司,BIYK,W1,W1-0025,,,
official_1100,APRO,野宝科技,WTB,W1,W1-0027,,,
official_1101,"JIANGXI MOLICSYN BICYCLE CO., LTD.",江西魔立刻自行车有限公司,MOLICSYN,W1,W1-0029,,,
official_1102,ASIA BICYCLE TRADING COMPANY,台湾恺拓有限公司,ASIA,W1,W1-0031,,,
official_1103,SHIMANO (SHANGHAI) SALES CORPORATION,禧玛诺（上海）贸易有限公司,SHIMANO,W1,W1-0105,,,
official_1104,"YIWU ROCK SPORTING GOODS CO., LTD.",义乌洛克体育用品有限公司,ROCK,W1,W1-0111,,,ROCKBROS Bikes.pdf|Sports jerseys&Pants.pdf|ROCKBROS Accessories.pdf|ROCKBROS Bicycle audio& cycling computer.pdf|ROCKBROS Bicycle bag - BIKE LOADING BAG & LUGGAGE BAG.pdf|ROCKBROS Bicycle Bag-BACKPACK&SPORT BAG & TOOL BAG.pdf|ROCKBROS Bicycle Bag-COOLER BAG AND DRY BAG.pdf|ROCKBROS Bicycle Bag-FRAME BAG&TUBE BAG.pdf|ROCKBROS Bicycle Bag-HANDLEBAR BAG.pdf|ROCKBROS Bicycle Bag-PANNIER BAG.pdf|ROCKBROS Bicycle Bag-SADDLE BAG.pdf|ROCKBROS Bicycle Bell.pdf|ROCKBROS BICYCLE CATALOG(ENGLISH).pdf|ROCKBROS Bicycle Fender.pdf|ROCKBROS Bicycle Grips & tape.pdf|ROCKBROS Bicycle Kickstand.pdf|ROCKBROS Bicycle Light.pdf|ROCKBROS Bicycle Lock.pdf|ROCKBROS Bicycle Pedal.pdf|ROCKBROS Bicycle phone& lamp holder.pdf|ROCKBROS Bicycle Pump.pdf|ROCKBROS Bicycle Rack&Suction Rack.pdf|ROCKBROS Bicycle Repair Tools.pdf|ROCKBROS Bicycle Saddle cover.pdf|ROCKBROS Bicycle Saddle.pdf|ROCKBROS Bicycle Shoe Cover.pdf|ROCKBROS Bicycle Water Bottle & Bottle Cage.pdf|ROCKBROS Bike Trainer&Sweat net.pdf|ROCKBROS Camping products.pdf|ROCKBROS Children's cycling equipment.pdf|ROCKBROS Cycling Eyewear.pdf|ROCKBROS Cycling Gloves1.pdf|ROCKBROS Cycling masks&caps for summer.pdf|ROCKBROS Cycling masks&caps for winter.pdf|ROCKBROS Heated Gloves.pdf|ROCKBROS Helmet.pdf|ROCKBROS inner tube.pdf|ROCKBROS Knee Pad&arm sleeves&protective gear.pdf|ROCKBROS Moto accessories.pdf|ROCKBROS Neutral  product.pdf|ROCKBROS Qunature - Camping products.pdf|ROCKBROS Qunature-Ski products.pdf|ROCKBROS ROAD TO SKY CATALOG.pdf|ROCKBROS ROAD TO SKY CATALOGS.pdf|ROCKBROS Socks.pdf|ROCKBROS Ti product.pdf|ROAD TO SKY CATALOGS.pdf
official_1105,S-PARTS,西安本物商贸有限公司,S-PARTS,W1,W1-0115,,,
official_1106,"LIANYUNGANG SHENYING CARBON BIKE CO., LTD.",连云港神鹰碳纤维自行车有限公司,SHENYING,W1,W1-0118,,,
official_1107,"TIANJIN FUSHENGDA SPORTS &amp; LEISURE EQUIPMENT CO., LTD.",天津福盛达运动器材有限公司,FUSHENGDA &AMP,W1,W1-0121,,,
official_1108,"GATES TRADE (SHANGHAI) CO., LTD.",盖茨贸易（上海）有限公司,GATES,W1,W1-0126,,,
official_1109,"SHANGHAI FUJIE SPORTS CO., LTD.",上海富杰实业有限公司,FUJIE,W1,W1-0131,,,
official_1110,"HUIZHOU PMT SPORTS GOODS CO., LTD.",惠州市品美特运动用品有限公司,PMT,W1,W1-0133,,,
official_1111,"TIANJIN MARUISHI BICYCLE CO., LTD.",天津玛瑞仕自行车有限公司,MARUISHI,W1,W1-0136,,,
official_1112,"TAIWAN BICYCLE INTELLIGENT CO., LTD.",特购国际贸易有限公司,TAIWAN,W1,W1-0138,,,
official_1113,SANTIC INTERNATIONAL GMBH,厦门森地客户外用品有限公司,SANTIC,W1,W1-0142,,,（已压缩）SANTIC 2025AW COLLECTION.pdf
official_1114,COLMAX INTERNATIONAL LIMITED TAIWAN BRANCH (H.K.),香港商歌美斯国际股份有限公司台湾分公司,COLMAX,W1,W1-0145,,,
official_1115,"GUANGZHOU TRINX SPORTS TECHNOLOGY CO., LTD.",广州市千里达运动科技有限公司,TRINX SPORT,W1,W1-0201,,,
official_1116,"SHENZHEN SUBITE BICYCLE INDUSTRY DEVELOPMENT CO., LTD.",深圳市速比特车业发展有限公司,SUBITE,W1,W1-0315,,,
official_1117,厦门银贝斯体育用品有限公司,厦门银贝斯体育用品有限公司,银贝斯体育用品,W1,W1-0318,,,
official_1118,"HANGZHOU YONGHUA BICYCLE CO., LTD.",杭州勇华车业有限公司,YONGHUA,W1,W1-0326,,,
official_1119,RETYRE AS,reTyre AS,SHIMANO,W1,W1-0331,,,
official_1120,"JIRE (WENZHOU) COMMERCIAL AND TRADING CO., LTD.",吉热（温州）商贸有限公司,JIRE COMMERCIAL,W1,W1-0333,,,
official_1121,"CHENG SHIN RUBBER IND. CO., LTD.",正新橡胶工业股份公司,CHENG SHIN,W1,W1-0336,,,
official_1122,YUANDONGLANJIAN,天津市远东蓝剑科技有限公司,YUANDONGLANJIAN,W1,W1-0342,,,
official_1123,SOVEREIGN EXPORTS,SOVEREIGN EXPORTS,SOVEREIGN EXPORTS,W1,W1-0345,,,
official_1124,宁波百琦自行车有限公司,宁波百琦自行车有限公司,百琦,W1,W1-0505,,,
official_1125,"SHANGHAI DIDONG SPORTS GOODS CO., LTD.",上海迪动体育用品有限公司,SPEED WAYS,W1,W1-0511,,,
official_1126,"ROTOR COMPONENTES TECNOLOGICOS, SL","ROTOR COMPONENTES TECNOLOGICOS, SL",ROTOR COMPONENTES,W1,W1-0513,,,
official_1127,"XIAMEN HONGJIWEIYE INDUSTRIAL CO., LTD.",厦门鸿基伟业复材科技股份有限公司,HONGJIWEIYE,W1,W1-0515,,,
official_1128,"HANGZHOU JIUQI CULTURE AND SPORTS CO., LTD.",杭州九骑文化体育有限公司,SANHAI,W1,W1-0521,,,
official_1129,ARMOR MANUFACTURING CORPORATION,铁甲工业股份有限公司,ARMOR,W1,W1-0526,,,
official_1130,"SHANDONG TAISHAN RUIBAO COMPOSITE MATERIAL CO., LTD.",山东泰山瑞豹复合材料有限公司,TAISHAN RUIBAO,W1,W1-0531,,,
official_1131,"SHENZHEN NEW CANGHAI MACHINERY CO., LTD.",深圳市新沧海机械有限公司,CANGHAI,W1,W1-0536,,,
official_1132,"KUNSHAN CITY SANHAL ELECTRICAL CO., LTD.",昆山市三海机电有限公司,CITY SANHAL,W1,W1-0539,,,
official_1133,HARTEX RUBBER PRIVATE LIMITED,HARTEX RUBBER PRIVATE LIMITED,HARTEX PRIVATE,W1,W1-0542,,,
official_1134,SPEEDWAYS TYRE LTD.,SPEEDWAYS TYRE LTD,SPEEDWAYS,W1,W1-0545,,,
official_1135,RALSON (INDIA) LIMITED,RALSON（INDIA）LIMITED,RALSON,W1,W1-0713,,,
official_1136,"TIANJIN BORUITE BICYCLE CO., LTD.",天津市博瑞特自行车有限公司,BORUITE,W1,W1-0715,,,2027 Boruite  Catalogue.pdf
official_1137,MICROSHIFT,台湾微转股份有限公司,MICROSHIFT,W1,W1-0736,,,
official_1138,"CHING TONG SHAN ENTERPRISE (HUIZHOU) CO., LTD.",金同山车业（惠州）有限公司,CHING TONG,W1,W1-0738,,,
official_1139,"XM RUDY SPORTING GOODS CO., LTD.",厦门陆迪体育用品有限公司,XM RUDY,W1,W1-0743,,,
official_1140,"SHENZHEN JUCHUANG BICYCLE CO., LTD.",深圳市聚创车业有限公司,JUCHUANG,W1,W1-0745,,,
official_1141,"ALTALIST CO., LTD.",至高株式会社,NEW SPEED,W1,W1-0901,,,
official_1142,"HOLLAND MECHANICS CHINA S.E.M CO., LTD.",荷兰机械（中国）专用设备制造有限公司,BANGPUR,W1,W1-0905,,,
official_1143,SELLEROYAL GROUP,赛勒罗亚车业（中国）有限公司,QYH,W1,W1-0911,,,
official_1144,"CHENGSHIN RUBBERIND.,LTD.",厦门正新橡胶工业有限公司,CHENGSHIN RUBBERIND,W1,W1-0915,,,
official_1145,"SHENZHEN CHUANG XIN WEI BICYCLE CO., LTD.",深圳市创新维自行车有限公司,FOREVER NEW ENERGY,W1,W1-0921,,,
official_1146,"S-RIDE BICYCLE COMPONENTS (FOSHAN) CO., LTD.",速瑞达自行车零件（佛山）有限公司,CST,W1,W1-0926,,,2026 S-RIDE CATALOG-CN.pdf|2026 S-RIDE CATALOG-EN.pdf|S-Ride MY27 catalog.pdf
official_1147,"FOREVER NEW ENERGY TECHNOLOGY (TIANJIN) CO., LTD.",永久新能源科技（天津）有限公司,SAITELITE RUSH,W1,W1-0931,,,
official_1148,"JIANGSU QYH CARBON TECH CO., LTD.",江苏祺洋航碳纤科技有限公司,QYH,W1,W1-0936,,,
official_1149,"SHENZHEN MINJUN ELECTRONIC TECHNOLOGY CO., LTD.",深圳市旻君电子科技有限公司,SELLEROYAL,W1,W1-0938,,,
official_1150,"JODDY INDUSTRIES CO., LTD.",南京锦泰行运动车有限公司,JODDY,W1,W1-0942,,,
official_1151,"KUNSHAN TIBO SPORTS CO., LTD.",昆山拓步户外运动用品有限公司,TIBO,W1,W1-0945,,,
official_1152,"KARASAWA TRAFFIC EQUIPMENT (TAI ZHOU) CO., LTD.",唐泽交通器材（泰州）有限公司,AVON,W1,W1-1105,,,
official_1153,"NINGBO C.STAR TECHNOLOGY CO., LTD. / NINGBO POWER BICYCLE COMPONENTS CO., LTD.",宁波彰星智能科技有限公司/宁波力盟机械有限公司,FSA S.R.L.,W1,"W1-1111, E2-0726",,,
official_1154,"SATE-LITE (FOSHAN) PLASTICS CO., LTD.",赛特莱特（佛山）塑胶制品有限公司,SATE-LITE,W1,W1-1113,,,
official_1155,"SHENZHEN JIANKUN SPORTING GOODS CO., LTD.",深圳市健坤运动器材有限公司,JIANKUN,W1,W1-1121,,,
official_1156,FSA S.R.L.,FSA S.R.L.,FSA S,W1,W1-1126,,,
official_1157,AVON CYCLES LTD.,AVON CYCLES LTD,AVON CYCLES,W1,W1-1131,,,
official_1158,SOLEHRE BROTHERS INDUSTRIES,SOLEHRE BROTHERS INDUSTRIES,SOLEHRE BROTHERS,W1,W1-1133,,,
official_1159,"GUANGZHOU PARTNER SUSPENSION FORK INDUSTRY CO., LTD.",广州市完美车业有限公司,PARTNER SUSPENSION,W1,W1-1136,,,
official_1160,GUANGSHI (CHANGZHOU) INFORMATION TECHNOLOGE LTD.,广世（常州）信息科技有限公司,GUANGSHI INFORMATION,W1,W1-1138,,,
official_1161,RANGPUR METAL INDUSTRIES LIMITED,RANGPUR METAL INDUSTRIES LIMITED,RANGPUR,W1,W1-1142,,,
official_1162,"TIANJIN NEWSPEED CYCLE CO., LTD.",天津新速度自行车有限公司,NEWSPEED,W1,W1-1145,,,
official_1163,"MAGURA (SHANGHAI) CO., LTD.",玛古拉商贸（上海）有限公司,FUJIAN CARBON,W1,W1-1301,,,
official_1164,迪脉（上海）企业管理有限公司,迪脉（上海）企业管理有限公司,HEMC,W1,W1-1305,,,
official_1165,"DDK GROUP CO., LTD. TAIWAN BRANCH (CAYMAN)",英属开曼群岛商锋明国际股份有限公司台湾分公司,DDK,W1,W1-1311,,,
official_1166,厦门途酷斯体育用品有限公司,厦门途酷斯体育用品有限公司,途酷斯体育用品,W1,W1-1312,,,
official_1167,"YOUNG SING BALL BEARING CO., LTD.",永兴轴承有限公司,YOUNG SING,W1,W1-1313,,,
official_1168,"SENSAH SMART SPORT EQUIPMENTS CO., LTD.",广东顺德顺泰智能运动器材有限公司,SENSAH SMART,W1,W1-1315,,,
official_1169,"NINGBO TOPRIGHT LEISURE PRODUCTS CO., LTD.",宁波途锐达休闲用品有限公司,TOPRIGHT LEISURE,W1,W1-1321,,,2026 Topbright catalog 1.pdf|2026 Topbright catalog 2.pdf
official_1170,SHENZHEN JIAWO BICYCLE FACTORY,深圳市佳沃自行车厂,JIAWO FACTORY,W1,W1-1326,,,
official_1171,东莞市骏奔五金机械有限公司,东莞市骏奔五金机械有限公司,TOPRIGHT,W1,W1-1331,,,
official_1172,"TIANJIN JIABAO ELECTRIC BICYCLE CO., LTD.",天津市佳宝电动自行车有限公司,JIABAO,W1,"W1-1333, W2-0736",,,2026 JIABAO CATALOG.pdf
official_1173,"TENVELS (XINGTAI) BICYCLE TECHNOLOGY CO., LTD.",探为来（邢台）自行车科技有限公司,MMC / TENVELS,W1,"W1-1336, E1-1142",,,
official_1174,HEMC INTERNATIONAL LIMITED,谷圍有限公司,SENSAH,W1,W1-1338,,,
official_1175,"TAICANG KINIGFORCE CHINA CO., LTD.",太仓劲力商贸有限公司,VAN RASEL,W1,W1-1342,,,
official_1176,"XINGTAI TIANZHENG BICYCLE CO., LTD.",邢台天正自行车有限公司,TIANZHENG,W1,W1-1345,,,
official_1177,"XIAMEN KOMCAS SPORTS CO., LTD.",厦门康卡斯体育有限公司,KOMCAS,W1,W1-1511,,,
official_1178,"WENZHOU LIBANG ENTERPRISE CO., LTD.",温州力邦企业有限公司,LIBANG,W1,W1-1513,,,
official_1179,"HUIZHOU MOTACHIE BICYCLE CO., LTD.",惠州市朦太奇自行车有限公司,MOTACHIE,W1,W1-1515,,,
official_1180,"XIAMEN APEX TECHNOLOGY CO., LTD.",厦门纬衡科技有限公司,APEX,W1,W1-1518,,,2026 APEX Catalogue.pdf
official_1181,"TIANJIN WEIWANGDA TECHNOLOGY DEVELOPMENT CO., LTD.",天津市伟旺达科技发展有限公司,WEIWANGDA,W1,"W1-1519, N1-1215",,,
official_1182,"SHENZHEN GBC UNITED ENTERPRISES CO., LTD.",深圳新益瑞企业管理有限公司,GBC UNITED,W1,W1-1526,,,
official_1183,PACIFIC CYCLES. INC,太平洋自行车股份有限公司/上海市鸿太贸易有限公司,PACIFIC CYCLES,W1,W1-1531,,,
official_1184,"TIANJIN QFAMS BICYCLE CO., LTD.",天津市全福车业有限公司,QFAMS,W1,W1-1536,,,
official_1185,杭州海美特商贸有限公司,杭州海美特商贸有限公司,海美特商贸,W1,W1-1538,,,
official_1186,MOON SPORT LTD.,Moon Sport Ltd,MOON,W1,W1-1542,,,
official_1187,DOLOMITI PADS SRL,DOLOMITI PADS SRL,DOLOMITI PADS,W1,W1-1543,,,
official_1188,"ZUATU CYCLING INTERNATIONAL D.O.O.,","Zuatu cycling international d.o.o.,",ZUATU D,W1,W1-1544,,,
official_1189,"FUJIAN CARBON WHEEL SPORTS GOODS CO., LTD.",福建碳轮体育用品有限公司,WHEEL,W1,W1-1545,,,
official_1190,"VIETNAM-SINGAPORE INDUSTRIAL PARK J.V. CO., LTD.",越南-新加坡工业园区集团,VIETNAM-SINGAPORE PARK,W1,W1-1700,,,
official_1191,"SALLOY BIKE (KUNSHAN) CO., LTD. / SALLOY (TIANJIN) CO., LTD.",昆山顶亨自行车配件有限公司/天津市顶佑商贸有限公司,LANDONI,W1,W1-1701,,,
official_1192,"SHENZHEN XINJIE LEOPARD CAR CO., LTD.",深圳市鑫杰豹车业有限公司,SAHWELI,W1,W1-1709,,,
official_1193,EASTERN SOLAR BICYCLE CO.,深圳市镇洋兄弟单车有限公司,HANGYI,W1,W1-1711,,,
official_1194,"MEIPIN (XIAMEN) RUBBER INDUSTRIAL CO., LTD. / YING PAIO ENTERPRISE CO., LTD. (TAIWAN)",美品（厦门）橡胶制品有限公司/营标企业有限公司（台湾）,MEIPIN,W1,W1-1712,,,
official_1195,"SPORT MANIAINTERNATIONAL CO., LTD.",美尼亚国际有限公司,SPONT,W1,W1-1715,,,
official_1196,"TIANJIN HUITENG BICYCLE PARTS CO., LIMITED",天津辉腾自行车有限公司,MUSEUM RING,W1,W1-1717,,,
official_1197,"ZHEJIANG HANGYI BICYCLE MANUFACTURING CO., LTD.",浙江杭依自行车制造有限公司,COCOA,W1,W1-1722,,,
official_1198,"QUANZHOU 3VELO TRADING CO., LTD.",泉州三唯乐贸易有限公司,SALLOY,W1,W1-1725,,,
official_1199,NAVIHOOD EUROPE,Navihood Europe,NAVIHOOD EUROPE,W1,W1-1727,,,
official_1200,"THE HONG KONG UNIVERSITY OF SCIENCE AND TECHNOLOGY, AERODYNAMICS AND ACOUSTICS FACILITY",香港科技大学空气动力学和声学实验中心,THE HONG,W1,W1-1728,,,
official_1201,"HSING TAINDUSTRIAL (SHEN ZHENCO., LTD.",信大塑胶五金（深圳）有限公司,HSING TAINDUSTRIAL,W1,W1-1729,,,
official_1202,DR CHEM SPECIALIZED RESTORATION LTD.,化学式专业护理有限公司,DR CHEM,W1,W1-1730,,,
official_1203,"KUNSHAN LANDON TRADE CO., LTD.",昆山联敦贸易有限公司,LANDON,W1,W1-1731,,,
official_1204,"GUANGZHOU YINXIN PLASTIC PRODUCTS CO., LTD.",广州银辛塑料制品有限公司,ALTALIST,W1,W1-1801,,,
official_1205,XXF,昆山昶铕顺箱包有限公司,XXF,W1,"W1-1805, E2-1812",,,
official_1206,LIGHTSKIN (EVERGREEN I &amp; D),LightSKIN（Evergreen I&amp;D）,LIGHTSKIN,W1,W1-1807,,,
official_1207,CCN SPORT LIMITED,深圳市驰恩体育用品有限公司,CCN,W1,W1-1811,,,
official_1208,F.L.R SHOES LTD.,F.L.R SHOES LTD,F L,W1,W1-1815,,,
official_1209,ASIA CYCLE INDSUTRIES,ASIA CYCLE INDSUTRIES,ASIA INDSUTRIES,W1,W1-1816,,,
official_1210,BARLAS GROUP,Barlas Group,BARLAS,W1,W1-1817,,,
official_1211,"GREAT COMBINATION ENTERPRISE CO., LTD.",综和企业股份有限公司,GREAT COMBINATION,W1,W1-1818,,,
official_1212,VELOMARCHE DI DANIELE OLIVA &amp; C. SAS,VELOMARCHE DI DANIELE OLIVA &amp; C. SAS,VELOMARCHE DI,W1,W1-1819,,,
official_1213,连云港金悠惠商贸有限公司,连云港金悠惠商贸有限公司,JINYOUHUI,W2,W2-0001,,,
official_1214,河北信隆车业有限公司,河北信隆车业有限公司,XINLONG,W2,W2-0005,,,
official_1215,"BAOJI SPEEDLONG METAL PRODUCTS CO., LTD.",宝鸡速朗金属制品股份有限公司,SPEED LONG,W2,W2-0007,,,2026 SPEEDLONG CATALOG.pdf
official_1216,"SHENZHEN REBORN BICYCLE CO., LTD.",深圳市锐博恩自行车有限公司,RBN,W2,W2-0009,,,
official_1217,INTERTEK,上海天祥质量技术服务有限公司,TIANXIANG,W2,W2-0011,,,
official_1218,"JIANGSU SUNTORI VEHICLE METAL CO., LTD.",江苏顺得利金属有限公司,JSSLE,W2,W2-0013,,,
official_1219,"CANGZHOU RONGJIAN METAL PRODUCTS CO., LTD.",沧州荣建金属制品有限公司,RONGJIAN,W2,W2-0017,,,2026 RONGJIAN CATALOG.pdf
official_1220,HANDAN BEAUTIFUL BIRD,邯郸市靓鸟车业有限公司,BEAUTIFUL,W2,W2-0020,,,
official_1221,上海开驰自行车辐条有限公司,上海开驰自行车辐条有限公司,KAICHI,W2,W2-0021,,,2026 KAICHI CATALOG.pdf
official_1222,"HANGZHOU HONGSHI TECHNOLOGY CO., LTD.",杭州鸿石科技有限公司,HONGSHI,W2,W2-0025,,,
official_1223,"XIAMEN ZHOUHUI NEW MATERIAL TECHNOLOGY CO., LTD.",厦门宙晖新材料科技有限公司,ZHOUHUI,W2,W2-0027,,,
official_1224,"RAYON (TIANJIN) CYCLE CO., LTD.",瑞龙（天津）国际贸易有限公司,RAYON,W2,W2-0029,,,
official_1225,河北省邢台市平乡县盛大儿童玩具厂,河北省邢台市平乡县盛大儿童玩具厂,SHENGDA,W2,W2-0031,,,
official_1226,"TIANJIN GOLDEN WHEEL BICYCLE GROUP. CO., LTD.",天津市金轮信德车业有限公司/金玖（天津）科技有限公司,GOLDEN WHEEL GROUP / J&G,W2,"W2-0105, W2-0110",,,
official_1227,JOY KIE CORPORATION LIMITED,久祺股份有限公司,JOY KIE,W2,"W2-0112, W3-0029",,,2026-2027 JOYKIE BIKE CATALOG NEWEST.pdf|2026-2027 JOYKIE BIKE CATALOGUE.pdf|JK bike parts catalog.pdf
official_1228,"LAUX (ITALY) INTERNATIONAL CO., LTD. / TIANJIN LAUX SPORT EQUIPMENT CO., LTD. / LUAX NEW ENERGY TECHNOLOGY (TIANJIN) CO., LTD. / TIANJIN KMK TECHNOLOGY CO., LTD.",雷克斯（意大利）国际集团有限公司/天津雷克斯运动器材有限公司/雷克斯新能源科技（天津）有限公司/天津柯米克科技有限公司,KMK,W2,W2-0116,,,
official_1229,"GOLDEN INTERNATIONAL SPORTING GOODS CO., LTD.",高登智信（北京）国际贸易有限公司,GOLDEN,W2,W2-0121,,,
official_1230,"TIANJIN SHINEWING BICYCLE CO., LTD.",天津光合翼车业有限公司,SHINE WING,W2,W2-0123,,,
official_1231,天津市利雅得工贸有限公司,天津市利雅得工贸有限公司,LIYADE,W2,W2-0126,,,
official_1232,"TIANJIN HUAGUAN BICYCLE PARTS CO., LTD.",天津华冠自行车配件有限公司,HUAGUAN,W2,W2-0131,,,2026 HUAGUAN CATALOG.pdf|2026 HUAGUAN CATALOG-GRIPS.pdf|2026 HUAGUAN CATALOG-SEAT.pdf
official_1233,"TIANJIN JINSHIDA BICYCLE CO., LTD. / TIANJIN MINGSHENG SPORTS EQUIPMENT CO., LTD.",天津市金世达自行车有限公司/天津市铭盛运动器材有限公司,JINSHIDA,W2,W2-0134,,,
official_1234,"TIANJIN PROGRESSER INDUSTRY CO., LTD.",天津市克兰佰瑞自行车股份有限公司,PROGRESSER,W2,W2-0136,,,
official_1235,"XINGTAI SIXING CYCLE CO., LTD.",邢台四星车业有限公司,SIXING CYCLE,W2,W2-0141,,,
official_1236,"TIANJIN FENGYUN BICYCLE CO., LTD.",天津市峰云自行车有限公司,FENG YUN,W2,W2-0145,,,2026 FENGYUN Catalog.pdf
official_1237,"TIANJIN SIHAIHENGTONG BICYCLE CO., LTD.",天津市四海亨通自行车股份有限公司,SHHT,W2,W2-0201,,,
official_1238,"HANDAN YOUHUA VEHICLE CO., LTD.",邯郸市友华车业有限公司,YOUHUA,W2,W2-0331,,,
official_1239,"ANHUI YOUKEN TRADE CO., LTD.",安徽优肯贸易有限公司,YOUKEN,W2,W2-0521,,,
official_1240,"HANGZHOU MINKI BICYCLE CO., LTD. / HANGZHOU WINNER INTL' CO., LTD.",杭州名骐自行车有限公司/杭州威燕进出口有限公司,WEIYAN,W2,W2-0526,,,
official_1241,"HEBEI AMANI VEHICLE INDUSTRY CO., LTD.",河北阿玛尼车业有限公司,AMANI VEHICLE,W2,W2-0528,,,
official_1242,"HANGZHOU HED TECHNOLOGY CO., LIMITED",杭州孩爱镫科技有限公司,HED,W2,W2-0531,,,
official_1243,"TIANJIN MELAS BICYCLE CO., LTD.",天津泓远天晟自行车有限公司,MELAS,W2,W2-0536,,,
official_1244,"CHENGCOU METAL PRODUCTS NANTONG CO., LTD.",政科金属制品南通有限公司,CHENG COU,W2,W2-0541,,,
official_1245,"YBN INDUSTRIAL (SHENZHEN) CO., LTD. / ALHONGA ENTERPRISE CO., LTD.",深圳市雅邦传动有限公司/弘家金属工业股份有限公司,YBN,W2,W2-0543,,,YBN-2025.Catalogue(1).pdf
official_1246,"NINGBO KENGEWA CHILDREN'S PRODUCTS CO., LTD.",宁波肯吉娃儿童用品有限公司,KENGEWA,W2,W2-0601,,,
official_1247,"HANGZHOU YONGDI BICYCLE CO., LTD. / HANGZHOU FUQI IMP. &amp; EXP. CO., LTD.",杭州新永迪车业有限公司/杭州富祺进出口有限公司,YONGDI,W2,W2-0721,,,
official_1248,"SENWELL INDUSTRIES CO., LIMITED",盛为实业有限公司,SENWELL,W2,W2-0731,,,
official_1249,"HEBEI BDF BICYCLE TECHNOLOGY CO., LTD.",河北贝多福自行车科技有限公司,BDF,W2,W2-0734,,,
official_1250,河北创仟儿童玩具有限公司,河北创仟儿童玩具有限公司,CHUANG QIAN,W2,W2-0738,,,
official_1251,DRIVETRAIN TECH SOLUTION INC.,传诚技研有限公司,ALLUF ORCE,W2,W2-0741,,,
official_1252,"CO-LUCK ENTERPRISE CO., LTD.",集优企业股份有限公司,CO-LUCK,W2,W2-0742,,,
official_1253,"ZHANGPU YUAN WEN SHING TECHNOLOGY CO., LTD.",漳浦源文兴科技有限公司,YWS,W2,W2-0743,,,
official_1254,"ZHANGPU WEIBO BICYCLE CO., LTD.",漳浦玮柏自行车有限公司,WB,W2,W2-0745,,,FPD 2026 Catalog.pdf
official_1255,"ALUFORCE INT'L CO., LTD.",元富五金制品（漳州）有限公司,ALUFORCE INT,W2,W2-0841,,,
official_1256,HEBEI HONOR MECHANICAL MOULD INC.,河北欧耐机械模具股份有限公司,HEBEI HONOR,W2,W2-0901,,,
official_1257,"HANGZHOU YONGWEI BICYCLE CO., LTD.",杭州永威自行车有限公司,YONGWEI,W2,W2-0905,,,
official_1258,"HEBEI SKYS BICYCLE CO., LTD.",河北天王自行车科技有限公司/河北天天自行车有限公司,SKYS,W2,W2-0911,,,2026 SKYS KING BICYCLE Catalog.pdf
official_1259,"WANYI BICYCLE GUANGZONG CO., LTD.",万怡自行车广宗有限公司,WANYI,W2,W2-0916,,,
official_1260,TIANJIN GRANMAX TECHNOLOGY COMPANY LIMITED,天津歌瑞思科技有限公司,GRAN MAX,W2,W2-0921,,,
official_1261,宁波南洋车业有限公司,宁波南洋车业有限公司,NANYANG,W2,"W2-0923, W1-0742",,,
official_1262,"HEBEI HENGCHI BICYCLE PARTS (GROUP) CO., LTD.",河北恒驰自行车零件（集团）有限公司,HENGCHI GROUP,W2,"W2-0926, E3-0714",,,2026HENGCHI Catalogue Product Manual .PDF|2026HENGCHI Catalogue.pdf|2026 HENGCHI CATALOG.pdf|2026 HENGCHI CATALOG-SEAT.pdf
official_1263,"XIANGJIN (TIANJIN) CYCLE CO., LTD.",祥锦（天津）车业有限公司,XIANG JIN,W2,W2-0931,,,TXED CITY AND LEISURE BICYCLES 2019-2020 (V9.1).pdf
official_1264,"TIANJIN CHINTONE BICYCLE CO., LTD.",天津钦通自行车有限公司,CHINTONE,W2,W2-0936,,,
official_1265,"EASKY (TIANJIN) BICYCLE CO., LTD.",亿泽（天津）自行车有限公司,EASKY,W2,W2-0941,,,
official_1266,"ZHEJIANG ZL BICYCLE CO., LTD.",浙江卓洛运动器材有限公司,ZL,W2,W2-0943,,,
official_1267,"HEBEI YESFREE BICYCLE MANUFACTORY CO., LTD.",河北亿丰童车有限公司,YESFREE,W2,W2-1105,,,
official_1268,"SHENZHEN XUTONG INDUSTRIAL CO., LTD.",深圳市胥同实业有限公司/厦门圣意隆体育用品有限公司,XU TONG,W2,W2-1131,,,
official_1269,"TIANJIN YINGFEINI BICYCLE CO., LTD.",天津市英菲尼自行车有限公司,YFN,W2,W2-1133,,,
official_1270,SHANGHAI FIVE SIXTY INTERNATIONAL TRADE LTD.,上海五甲子国际贸易有限公司,FIVE SIXTY,W2,W2-1136,,,fivesixty (2).pdf
official_1271,杭州临安锐拓车业有限公司,杭州临安锐拓车业有限公司,RUITUO,W2,W2-1141,,,
official_1272,"ZHEJIANG XINGJIE BICYCLE CO., LTD.",浙江兴捷车业有限公司,XINGJIE,W2,W2-1143,,,
official_1273,"XINGTAI MEISIDA CYCLE CO., LTD.",邢台美斯达车业有限公司,MEISIDA,W2,W2-1301,,,
official_1274,"XINGTAI JIUQI CYCLES CO., LTD.",邢台市久骐车业有限公司,JIUQI,W2,"W2-1405, E3-0118",,,JiuQi kid-bike catalog 2026.pdf|JIUQI SADDLE&SPARE PARTS.pdf
official_1275,天津瀛通车业,天津瀛通车业,YING TONG,W2,W2-1411,,,
official_1276,广州绿骑客贸易有限公司/台弘,广州绿骑客贸易有限公司/台弘,LVQIKE,W2,W2-1413,,,
official_1277,"TIANJIN FEIJIA BICYCLE PRODUCTION &amp; TRADE CO., LTD.",天津市菲佳自行车工贸有限公司/佳菲（天津）运动器材股份有限公司,FEIJIA,W2,W2-1416,,,2026 FEIJIA CATALOG.pdf
official_1278,"TIANJIN EASUN BICYCLE CO., LTD.",天津福祥运动器材有限公司,EASUN,W2,W2-1421,,,
official_1279,"HEBEI XINGZHENG AUTOMOBILE INDUSTRY CO., LTD.",河北兴正车业有限公司,XZ,W2,W2-1423,,,
official_1280,"XINGTAI OUMEIYA CYCLE CO., LTD.",邢台欧美亚车业有限公司,JINJIA,W2,W2-1431,,,
official_1281,"TIANJIN AIWEIJITE PRODUCTS CO., LTD.",天津艾维纪特贸易有限公司,EVERY STAR,W2,W2-1433,,,
official_1282,"BENGBU FURUI ELECTROMECHANICAL TECHNOLOGY CO., LTD.",蚌埠福瑞机电科技有限责任公司/蚌埠新福瑞贸易有限公司,FURUI BICYCLE,W2,W2-1436,,,
official_1283,"ZHEJIANG WANLUN IND. &amp; TRADE CO., LTD. / HANGZHOU PULLY IMPORT AND EXPORT CO., LTD. / JIANDE XINRONG SPOKES CO., LTD.",浙江万轮工贸有限公司/杭州彪立进出口有限公司/建德欣荣辐条有限公司,WAN LUN PULLY XINRONG,W2,W2-1438,,,
official_1284,"TIANJIN ZYX BICYCLE CO., LTD.",天津自由行车业有限公司,ZYX,W2,W2-1441,,,
official_1285,"XINGTAI ZHONGZHOU BICYCLE CO., LTD.",邢台钟洲车业有限公司,ZHONG ZHOU,W2,W2-1513,,,
official_1286,"TIANJIN CHENHAO AUTOMOBILE CO., LTD.",天津辰昊车业有限公司,SELLE PRIMA,W2,W2-1526,,,2025 CHENHAO CATALOG-GRIPS.pdf|2025 CHENHAO CATALOG-SEAT.pdf|2025 CHENHAO CATALOG.pdf|2026 CHENHAO CATALOG.pdf|2026 CHENHAO CATALOG-GRIPS.pdf|2026 CHENHAO CATALOG-SEAT.pdf
official_1287,"TIANJIN JINJIA SPORT EQUIPMENT CO., LTD.",天津金嘉运动器材有限公司,JINJIA,W2,W2-1631,,,
official_1288,XINGTAI YAXIN BICYCLE PARTS FACTORY,邢台市亚欣自行车配件厂,YAXIN,W2,W2-1641,,,
official_1289,"TIANJIN CREST BICYCLE CO., LTD.",天津泰峰车业有限公司,CREST BICYCLE,W2,W2-1643,,,
official_1290,"PESU CYCLE (SHENZHEN) TECHNOLOGY CO., LTD.",倍速出行（深圳）科技有限公司,PESU,W2,W2-1701,,,
official_1291,"DASHENG METAL CO., LTD.",达升金属制品有限公司,DA SHENG,W2,W2-1703,,,2026 DASHENG CATALOG.xlsx
official_1292,"YUYAO XINFENG BEARING CO., LTD.",余姚市新丰轴承有限公司,XINFENG,W2,W2-1704,,,
official_1293,"JINKE KAI (TANGSHAN) TECHNOLOGY CO., LTD.",金泽凯（唐山）科技有限公司（唐山铧锋金属制品有限责任公司）,JINZEKAI,W2,W2-1706,,,
official_1294,"XING TAI XIANG TIAN BLCYCLE PARTS CO., LTD.",邢台翔天自行车零件有限公司,XTIAN,W2,W2-1709,,,
official_1295,"SHENZHEN ODIER SPORTS TECHNOLOGY CO., LIMITED",深圳偶地运动科技有限公司,ODIER,W2,W2-1711,,,2026 ODIER Product manual.pdf
official_1296,"XINGTAI BANGTAI BICYCLE PARTS CO., LTD.",邢台邦泰自行车配件有限公司,BANGTAI,W2,W2-1713,,,
official_1297,惠阳钰城泰化工有限公司,惠阳钰城泰化工有限公司,YOUNG STAR,W2,W2-1715,,,
official_1298,"IGUS (SHABGHAI) MOTION PLASTICS CO., LTD.",易格斯（上海）拖链系统有限公司,IGUS,W2,W2-1717,,,
official_1299,慈溪市永钻车业有限公司,慈溪市永钻车业有限公司,YZ,W2,W2-1719,,,
official_1300,"SHENZHEN YUANMAO NEW TECHNOLOGY CO., LTD.",深圳源茂新科技有限公司,YUAN MAO,W2,W2-1720,,,
official_1301,"TAIZHOU CITY LIDE MACHINERY CO., LTD.",泰州市立得机械有限公司,LIDE,W2,W2-1721,,,2026 LIDE CATALOG.pdf
official_1302,XINGTAI YIDA CHEYE YOUXIANGONGSI,邢台宜达车业有限公司,YIDA,W2,W2-1723,,,
official_1303,"XINGTAI HUASHENG AUTOMOBILE CO., LTD.",邢台华圣车业有限责任公司,HUASHENG,W2,W2-1725,,,
official_1304,GUANGZONGXIAN BOCHUANG CHEYE YOUXIANGONGSI,广宗县博创车业有限公司,BOCHUANG,W2,W2-1729,,,2026 BOCHUANG CATALOG.pdf
official_1305,邢台金鸽自行车制造有限公司,邢台金鸽自行车制造有限公司,JINGE,W2,W2-1731,,,
official_1306,"KUNSHAN DOODLE ELECTROMECHANICAL SCIENCE-TECHNOLOGY CO., LTD.",昆山嘟嘟机电科技有限公司,DOODLE ELECTROMECHANICAL,W2,W2-1801,,,
official_1307,"KUNSHAN BAIYANCHEN PLASTIC MOLD CO., LTD.",昆山百彦宸塑胶模具有限公司,BAIYANCHEN MOLD,W2,W2-1803,,,BYC plastic.pdf
official_1308,"TIANJIN PEERLESS TECHNICAL CO., LTD.",天津比尔莱斯科技有限公司,PEERLESS,W2,"W2-1811, W2-1804",,,
official_1309,"XINGTAI YOUWANG BICYCLE CO., LTD.",邢台优旺自行车有限公司,YO BICYCLE,W3,W3-0001,,,
official_1310,"XINGTAI PENGSHUAI BICYCLE PARTS CO., LTD.",邢台鹏帅自行车有限公司,JUDI,W3,W3-0005,,,
official_1311,"FENGMING KIDS BIKE (HEBEI) MANUFACTURING CO,.LTD.",平乡县凤鸣童车厂,FENGMING,W3,W3-0007,,,
official_1312,"HEBEI YASSAT BICYCLE MFG. CO., LTD.",河北雅洒特自行车制造有限公司,LIANGZUKAS,W3,W3-0009,,,
official_1313,"HEBEI TIANBEN BICYCLE CO., LTD.",河北天本车业有限公司,TIANBEN,W3,"W3-0013, E3-1707",,,
official_1314,HEBEI HENGLAI CHEYE YOUXIANGONGSI,河北恒莱车业有限公司,TIANBEN,W3,W3-0017,,,
official_1315,"CHANGJIANG BICYCLE CO., LTD.",邢台市长江车业有限公司,CHANGJIANG,W3,W3-0021,,,
official_1316,GUANG HUI ZI XING CHE ZHI ZAO YOU XIAN GONG SI,广宗县光辉自行车制造有限公司,GUANG HUI,W3,W3-0025,,,
official_1317,GUANGZONG COUNTY QING HUAN FU LUN TUI FACTORY,广宗县庆环辅轮腿厂,YOUWANG,W3,W3-0027,,,
official_1318,"XINGTAI YOUDIAN BICYCLE CO., LTD.",邢台优典自行车有限公司,YOUDIAN,W3,W3-0031,,,
official_1319,"ROYALBABY CYCLE BEIJING CO., LTD.",北京优贝百祺科技股份有限公司,GENBUM SHI CHEN,W3,W3-0105,,,
official_1320,邢台圣德玛自行车有限公司,邢台圣德玛自行车有限公司,圣德玛,W3,W3-0108,,,
official_1321,"HEBEI DATOO CHILDREN BICYCLE CO., LTD.",河北大图儿童自行车有限公司,YATONG,W3,W3-0111,,,
official_1322,"YIBAIXIN BICYCLE INDUSTRY CO., LTD.",平乡县伊佰信车业有限公司,YIBAIXIN,W3,W3-0116,,,YIBAIXIN QUOTATION 2024.pdf|YIBAIXIN QUOTATION 2026 .pdf
official_1323,"XINGTAI CHITAI BICYCLE MANUFACTURING CO., LTD.",邢台市驰泰自行车制造有限公司,EVERSUN,W3,W3-0121,,,
official_1324,"HE BEI JIUSHENG BICYCLE CO., LTD.",河北久盛车业有限公司,CHITAI BICYCLE / EVERSUN,W3,"W3-0126, E6-1701",,,
official_1325,美凯琪（天津）科技有限公司,美凯琪（天津）科技有限公司,美凯琪（天津）,W3,W3-0132,,,
official_1326,JINBANG,文安县金邦塑料制品有限公司,JINBANG,W3,W3-0134,,,
official_1327,"XINGTAI YATONG BICYCLE CO., LTD.",邢台亚通自行车车业有限公司,DATOO,W3,W3-0136,,,
official_1328,"XINGTAI BOMAN IMPORT AND EXPORT CO., LTD.",邢台博嫚进出口有限公司,BOMAN,W3,W3-0139,,,
official_1329,"XINGTAI SHICHEN CHILDREN'S TOYS CO., LTD.",邢台世晨儿童玩具有限公司,SHICHEN S,W3,W3-0142,,,
official_1330,"ANHUI GEMSUM IMP. &amp; EXP. CO., LTD.",安徽省珏盛进出口有限公司,GEMSUM IMP,W3,W3-0144,,,
official_1331,大连瑞达自行车有限公司,大连瑞达自行车有限公司,大连瑞达,W3,W3-0201,,,
official_1332,"HEBEI ACE BEAUTY TECHNOLOGY CO., LTD.",河北爱思美科技有限公司,ACE BEAUTY,W3,W3-0411,,,
official_1333,"XINGTAI TONGBAO CHILDREN TOYS CO., LTD.",邢台彤宝贸易有限公司,TONGBAO,W3,W3-0416,,,
official_1334,"HEBEI HONGTU BABY TOYS CO., LTD.",河北宏途儿童用品有限公司,HONGTU,W3,W3-0421,,,
official_1335,"HEBEI QIKE TECHNOLOGY CO., LTD.",河北骑客科技有限公司,QIKE,W3,W3-0426,,,
official_1336,"HEBEI YIHAO BICYCLE CO., LTD.",河北怡豪自行车有限公司,YIHAO,W3,W3-0432,,,
official_1337,"HEBEI HENGRUN BICYCLE MANUFACTURING CO., LTD.",河北恒润自行车制造有限公司,HENGRUN,W3,W3-0436,,,
official_1338,"QUZHOU HONGYA BIKE PARTS CO., LTD.",曲周县宏亚自行车配件有限公司,QUZHOU HONGYA,W3,W3-0439,,,
official_1339,邢台维克多车业有限公司,邢台维克多车业有限公司,维克多,W3,W3-0442,,,
official_1340,"HEBEI LIFENG BICYCLE CO., LTD.",河北利丰自行车有限公司,LIFENG,W3,W3-0601,,,
official_1341,"HEBEI XIAOTIANHANG BICYCLE CO., LTD.",河北小天航自行车有限公司,XIAOTIANHANG,W3,"W3-0605, W5-0544",,,2026 XIAO TIAN XING-Adult MTB.pdf|2026 XIAO TIAN XING-Kid.pdf|2026 XIAO TIAN XING-Kid's bicycle in stock.pdf
official_1342,"XINGTAI SHANGXUE BICYCLE CO., LTD.",邢台尚学车业有限公司,SHANGXUE,W3,W3-0711,,,
official_1343,"HEBEI TIANYUAN TECHNOLOGY CO., LTD.",河北天元科技有限公司,HAIBO,W3,"W3-0716, E2-0029, E4-0444",,,2026 TIANYUAN CATALOG.pdf|2026 ZHUO YUE TIANYUAN CATALOG.pdf
official_1344,"XINGTAI OUYATE BICYCLE CO., LTD.",邢台市欧亚特车业有限公司,OUYATE,W3,W3-0721,,,
official_1345,TPT CYCLE (TIANJIN) LIMITED,天津荣知园自行车有限公司,TPT,W3,W3-0726,,,
official_1346,"XINGTAI XINWANG TRADE &amp; AGENT CO., LTD.",邢台鑫旺贸易代理有限公司,XINWANG,W3,W3-0732,,,2026 XINWANG CYCLE PARTS CATALOG-METAL PARTS.pdf|2026 XINWANG CYCLE PARTS CATALOG-Plastic.pdf|2026 XINWANG CYCLE PARTS CATALOG-SEAT.pdf|2026 XINWANG CYCLE PARTS CATALOG.pdf
official_1347,"XINGTAI NUOLONG CYCLE CO., LTD.",邢台诺隆科技有限公司,NUOLONG,W3,W3-0736,,,
official_1348,"HEBEI MAIBANGKE AUTOMOBILE INDUSTRY CO., LTD.",河北迈邦克车业有限公司,MAIBANGKE AUTOMOBILE,W3,W3-0742,,,
official_1349,"HEBEI HONGTENG BICYCLE CO., LTD.",河北鸿腾自行车有限公司,HONG TENG,W3,W3-0901,,,
official_1350,"HEBEI TIENIU BICYCLE INDUSTRY CO., LTD.",河北铁牛自行车业有限公司,GL,W3,W3-0905,,,
official_1351,"XINGTAI WANTAI BICYCLE CO., LTD.",邢台万泰车业有限公司,SHUO PAI,W3,W3-0911,,,
official_1352,"NINGBO VALUE BICYCLE CO., LTD.",宁波伟力车业有限公司,SIRIS,W3,W3-0921,,,
official_1353,"XINGTAI SIRIS BICYCLE TECHNOLOGY CO., LTD.",邢台赛瑞斯自行车科技有限公司,VALUE,W3,W3-0926,,,
official_1354,河北柒克车业有限公司,河北柒克车业有限公司,柒克,W3,W3-0932,,,
official_1355,"HEBEI BEIYAQI BICYCLE CO., LTD.",河北贝亚琪童车有限公司,WANTAI BICYCLE,W3,W3-0936,,,
official_1356,"XINGTAI SHUOPAI BICYCLE MANUFACTURING CO., LTD.",邢台硕湃自行车制造有限公司,SHUOPAI,W3,W3-0939,,,
official_1357,GL,平乡县工力飞轮有限公司,GL,W3,"W3-0942, W4-1426, E2-0007",,,
official_1358,广宗凯狮儿童自行车制造有限公司,广宗凯狮儿童自行车制造有限公司,广宗凯狮儿童,W3,W3-1205,,,
official_1359,"WENZHOU DORICH INDUSTRY CO., LTD.",温州德润国际贸易有限公司,DORICH,W3,W3-1211,,,
official_1360,PINGXIANG ZHENHAOWAN,平乡县真好玩儿童玩具厂,ZHENHAOWAN,W3,W3-1536,,,
official_1361,"XINGTAI BOHONG IMPORT AND EXPORT CO., LTD.",邢台博红进出口有限公司,BOHONG,W3,W3-1539,,,
official_1362,"HEBEI CHIJIU TECHNOLOGY CO., LTD.",河北驰久科技有限公司,CHIJIU,W3,"W3-1542, W3-1244",,,
official_1363,"XINGTAI FEITIAN BICYCLE CO., LTD.",邢台市飞天自行车有限公司,FEITIAN,W3,W3-1701,,,
official_1364,"XINGTAI QIANGYU VEHICLE INDUSTRY CO., LTD.",邢台强宇车业有限公司,QIANGYU,W3,W3-1707,,,2026 QIANGYU CATALOG-BASKET.pdf|2026 QIANGYU CATALOG-METAL PARTS.pdf|2026 QIANGYU CATALOG.pdf
official_1365,"TIANJIN HUIZHU INDUSTRIAL CO., LTD.",天津辉柱贸易有限公司,HUIZHU,W3,W3-1709,,,
official_1366,"XINGTAI YANGCHUANG BICYCLE TECHNOLOGY CO., LTD.",邢台扬创自行车科技有限公司,YANGCHUANG,W3,W3-1712,,,
official_1367,"XINGTAI SAIGUAN CYCLE CO., LTD.",邢台赛冠自行车有限公司,KADINGMAO,W3,W3-1715,,,2026 SAIGUAN CATALOG.pdf
official_1368,"XINGTAI HAORUI BICYCLE CO., LTD.",邢台皓睿自行车有限公司,HAORUI,W3,W3-1717,,,Haorui connector 1.pdf|Haorui connector 2.pptx
official_1369,广宗县世宝自行车配件厂,广宗县世宝自行车配件厂,世宝自行车配件厂,W3,W3-1719,,,
official_1370,GUANGZONG COUNTY SHUNLI BICYCLE SHOCK ABSORBER FACTORY,广宗县顺利自行车配件厂,GUANGZONG SHUNLI,W3,W3-1720,,,2026 SHUNLI CATALOG.pdf
official_1371,KADINGMAO,曲周县卡丁猫童车厂,KADINGMAO,W3,W3-1721,,,
official_1372,邢台市荣腾儿童玩具有限公司,邢台市荣腾儿童玩具有限公司,ROCEXIO,W3,W3-1725,,,
official_1373,"YING JIANG FITTINGS OF VEHICLE CO., LTD.",慈溪市颖江车辆配件有限公司,BAIYUAN,W3,W3-1727,,,
official_1374,PINGXIANG SHENGRUI,平乡县晟瑞自行车配件厂,SHENGRUI,W3,W3-1728,,,
official_1375,XINGTAISHI KAIXIANG ZIXINGCHE PEIJIAN YOUXIANGONGSI,邢台市凯翔自行车配件有限公司,XINGTAISHI KAIXIANG,W3,W3-1729,,,
official_1376,"GUANGZONG COUNTY JULONG BICYCLE CO., LTD.",广宗县巨龙车业有限公司,JULONG,W3,W3-1731,,,
official_1377,邢台达盛儿童玩具有限公司,邢台达盛儿童玩具有限公司,达盛,W3,W3-1801,,,
official_1378,TENGCHEN,平乡县腾晨自行车配件厂,TENGCHEN,W3,W3-1804,,,
official_1379,"XINGTAI DAXIN VEHICLE INDUSTRY CO., LTD.",邢台大信车业有限公司,DAXIN,W3,W3-1805,,,
official_1380,"PINGXIANG COAN TY ZHUTECHILD REN TOY CO., LTD.",平乡县卓特儿童玩具有限公司,COAN TY,W3,W3-1806,,,
official_1381,"XINGTAI CHANGLI BICYCLE MANUFACTURING CO., LTD.",邢台昶力自行车制造有限公司,CHANGLI,W3,W3-1811,,,
official_1382,"SHANGHAI BAOQI BABY GOODS CO., LTD.",上海宝骑儿童用品有限公司,BAOQI,W3,W3-1813,,,
official_1383,"XINGTAI SHUAIDIAN VEHICLE INDUSTRY CO., LTD.",邢台帅点车业有限公司,SHUAIDIAN,W3,W3-1814,,,2026 SHUAI DIAN CATALOG.xlsx
official_1384,LINYI LUCKY WOVEN HANDICRAFT FACTORY,临沂市罗庄区幸运编织工艺品厂,LUCKY WOVEN,W3,W3-1817,,,Linyi Luck Woven basket.pdf
official_1385,"SHANGHAI HUADE YAOXING PLASTIC TECHNOLOGY CO., LTD.",上海华德耀兴塑胶科技有限公司,KUBEI,W4,W4-0001,,,2026 HD XPJ CATALOGpdf.pdf|2026 HD XPJ CATALOG.pdf
official_1386,GUANGDONG GRAND BILLION ELECTRONICS TECHNOLOGY LTD.,广东浩亿光电科技有限公司,GRAND BILLION,W4,W4-0003,,,
official_1387,BOTOU AIDI BICYCLE PARTS FACTORY,泊头市爱迪车业配件厂,BANGHO,W4,W4-0005,,,Hebei AIDI bell.pdf
official_1388,"NINGBO FERTS BICYCLE ACCESSORY CO., LTD.",宁波福致自行车附件有限公司,UTS,W4,W4-0007,,,2026 FERTS CATALOG.pdf
official_1389,"GUANGZHOU SOMTA OPTICAL TECHNOLOGY CO., LTD.",广州尚达光学科技有限公司,SOMTA OPTICAL,W4,W4-0009,,,2026 LSON SOMTA CATALOG 2.xlsx|2026 LSON SOMTA CATALOG.xlsx|ski goggles catalogs 20251015更新.pdf
official_1390,"SHENZHEN BIKEVEE ELECTRONICS CO., LTD.",深圳市博时利电子有限公司,BIKEVEE,W4,W4-0012,,,Shenzhen Bikevee_副本.pdf|Shenzhen Bikevee.pdf
official_1391,XIDIAN TIANQI,宁县县西店天奇户外用品厂,XIDIAN TIANQI,W4,W4-0013,,,
official_1392,"BOTOU XINNUO BICYCLE BELL CO., LTD.",泊头市鑫诺车业有限公司,BOTOU XINNUO,W4,W4-0015,,,
official_1393,"SHANGHAI SUNRISE TRADING CO., LTD.",上海晨瑞商贸有限公司,SUNRISE,W4,W4-0017,,,
official_1394,"SHENZHEN YI PAIER ELECTRONIC TECHNOLOGY CO., LTD.",深圳市易派尔电子科技有限公司,SOMTA,W4,W4-0021,,,
official_1395,"LOUDI ZHUORUI TECHNOLOGY CO., LTD.",娄底市卓瑞科技有限公司,LOUDI ZHUORUI,W4,W4-0022,,,
official_1396,"KUNSHAN CHAONUO PLASTIC PRODUCTS CO., LTD.",昆山超诺塑胶制品有限公司,CHAONUO,W4,W4-0023,,,
official_1397,"UTS SPORT CO., LTD.",广州市联胜体育用品有限公司,UTS,W4,W4-0025,,,2026 UTS Catalog.pdf
official_1398,"SUZHOU INDUSTRIAL PARK XINXING BELL CO., LTD.",苏州工业园区新兴车铃有限公司,FERTIS,W4,W4-0027,,,Suzhou xinxing Bell.pdf
official_1399,"XINGTAI AILI INFLATOR CO., LTD.",邢台艾利气筒制造有限公司,AILI INFLATOR,W4,W4-0029,,,Ali Pump 1.pdf
official_1400,MARVEL OUTDOOR PRODUCTS LTD.,安徽酷贝童车有限公司,MARVEL,W4,W4-0031,,,
official_1401,"HANGZHOU LAMEDA SPORTS CO., LTD.",杭州兰帕达体育用品有限公司,GOOD OSMAR PUMP,W4,W4-0105,,,
official_1402,STRATEGIC SPORTS LTD.,东莞韬略运动器材有限公司,JIABAO,W4,W4-0111,,,
official_1403,"JINHUA UNISKY TOOLS CO., LTD.",金华市天裕工具有限公司,UNISKY,W4,W4-0113,,,2025 Unisky CATALOG.pdf
official_1404,"WUHAN QIWU TECHNOLOGY CO., LTD.",武汉齐物科技有限公司,CHANGZHOU FENGYU,W4,W4-0116,,,
official_1405,"JINGZHOU TAIKE SPORT EQUIPMENT CO., LTD.",荆州市泰克体育用品有限公司,HONGFEI JINLI,W4,W4-0121,,,
official_1406,邢台市虹飞车业有限公司/河北金力自行车零件有限公司,邢台市虹飞车业有限公司/河北金力自行车零件有限公司,LIETU,W4,W4-0126,,,2026 HONGSEN CATALOG.pdf|hongfei saddle.pdf|2025 bike accessories catalog from danielle.pdf
official_1407,"CHANGZHOU FENGYU HARDWARE TECHNOLOGY CO., LTD.",常州市丰宇五金工艺有限公司,FENGYU,W4,W4-0132,,,
official_1408,深圳市加雪龙科技有限公司,深圳市加雪龙科技有限公司,YAFENG SADDLE,W4,W4-0136,,,
official_1409,深圳市捷步宝运动科技有限公司,深圳市捷步宝运动科技有限公司,市捷步宝运动,W4,W4-0139,,,
official_1410,"LIAN YANG PLASTIC (SHEN ZHEN) CO., LTD.",联扬塑胶（深圳）有限公司,LIAN YANG,W4,W4-0142,,,
official_1411,"HEBEI GOOD PUMP TECHNOLOGY CO., LTD.",河北好泵科技有限公司（原乐驰科技）,GOOD,W4,W4-0144,,,GOOD PUMP-2026.pdf
official_1412,"HEBEI XINGBAIKE BICYCLE MANUFACTURING CO., LTD.",河北星佰客自行车制造有限公司,XINGBAIKE,W4,W4-0201,,,XINGBAIKE bicycle saddle.pdf|星佰客碳纤维产品清单.xlsx
official_1413,PINGXIANG YAFENG SADDLE FACTORY,平乡县亚凤鞍座厂,XIFANSI,W4,W4-0305,,,YAFENG Saddle.pdf
official_1414,"DONGYANGSHI XINNUO LEISURE PRODUCTS MANUFACTURING CO., LTD.",东阳市欣诺休闲用品制造有限公司,SENDE LOCKS,W4,W4-0311,,,SINO 2026 catalogues.pdf|2023 sino new  catalogue .pdf|Sino catalogs 2024.pdf
official_1415,"XINGTAI LIETU BICYCLE PARTS CO., LTD.",邢台猎途自行车配件有限公司,OSKAR-BEBEHUTI,W4,W4-0316,,,
official_1416,"CIGNA SPORTS CO., LTD.",广东信诺体育用品有限公司,CIGNA,W4,W4-0321,,,
official_1417,"SHANGHAI DABUZIDUO INFORMATION &amp; TECHNOLOGY CO., LTD.",上海大不自多信息科技有限公司,DABUZIDUO INFORMATION,W4,W4-0326,,,
official_1418,"JIAXING OSKAR-BEBEHUT SPORTS TECHNOLOGY CO., LTD.",嘉兴奥拜运动科技有限公司,OSKAR-BEBEHUT,W4,W4-0432,,,
official_1419,"NEW AN LUN LAMP (SHEN ZHEN) CO., LTD.",新全轮车灯（深圳）有限公司,AN LUN,W4,W4-0436,,,2026 NEW AN LUN CATALOG.pdf
official_1420,广州席凡丝服饰有限公司,广州席凡丝服饰有限公司,席凡丝服饰,W4,W4-0439,,,
official_1421,"NINGBO ZHENHAI DADI BICYCLE CO., LTD.",宁波市镇海大地车业有限公司,ZHENHAI DADI,W4,W4-0442,,,2026 DADI CATALOG.pdf
official_1422,"JIASHAN LEADBIKE CO., LTD.",嘉善力动户外用品有限公司,LEADBIKE,W4,W4-0444,,,2026 JIASHAN LEADBIKE CATALOG.pdf
official_1423,"WENZHOU SENDE LOCKS CO., LTD.",温州森德锁具有限公司,SENDE LOCKS,W4,W4-0536,,,Wenzhou SENDE Lock 2026.pdf
official_1424,"NINGBO ZHENHAI HUALONG PLASTIC PRODUCTS CO., LTD.",宁波市镇海华隆塑胶制品有限公司,ZHENHAI HUALONG,W4,W4-0601,,,2026  Hualong Plastic.pdf|2025-2026 Hualong catalogue.pdf
official_1425,"YONGKANG ZHUFENG INFLATOR CO., LTD.",永康市珠峰气筒有限公司,ZHUFENG INFLATOR,W4,W4-0605,,,zhufeng 2026(5).pdf|ZHUFENG_PUMP CATALOG 2025.pdf
official_1426,"WENZHOU JINFU LOCKS CO., LTD.",温州市金福锁业有限公司,JINFU LOCKS,W4,W4-0611,,,Poddedly wenzhou 2026 lock.pdf
official_1427,"JIAXING HUAXIN ELECTRONIC ACCESSARY AND BICK CO., LTD.",嘉兴市华欣电子车业有限公司,HUAXIN ACCESSARY,W4,W4-0616,,,
official_1428,宁波安途户外用品有限公司,宁波安途户外用品有限公司,安途户外用品,W4,W4-0618,,,
official_1429,"YIWU LEDONG IMPORT AND EXPORT CO., LTD.",义乌市乐动进出口有限公司,LEDONG,W4,W4-0626,,,
official_1430,"HANGZHOU XINHAI INDUSTRIAL CO., LTD.",杭州欣海实业有限公司,XINHAI,W4,W4-0732,,,
official_1431,"YONGKANG MINGDA IMP. &amp; EXP. CO., LTD.",永康市名大进出口有限公司,MINGDA IMP,W4,W4-0736,,,
official_1432,"SHANGHAI ZHENGXING BICYCLE CO., LTD.",上海正行自行车有限公司,ZX,W4,"W4-0739, E5-1723",,,2026 bicycle bag catalogue-zhengxing Janey.pdf
official_1433,"WENZHOU YUNXIAO BICYCLE PARTS CO., LTD.",温州云霄车辆配件有限公司,YUNXIAO,W4,W4-0742,,,2026 YUNXIAO CATALOG.pdf
official_1434,"ZHUHAI SAFETY HELMETS MFG CO., LTD.",珠海市恒基业安全头盔有限公司,HELMETS MFG,W4,W4-0744,,,
official_1435,WENZHOU OUHAI CIHU DAILY LOCK FACTORY,温州市瓯海慈湖日用锁厂,ZD,W4,W4-0901,,,Wenzhou Ouhai lock 2026.pdf
official_1436,"ZHEJIANG ZHONGLI GROUP CO., LTD.",浙江中立集团有限公司,LANOVA,W4,W4-0905,,,2025  ZOLI Product catalogue 22M.pdf|2026  ZOLI Product catalogue 40M.pdf
official_1437,"JIASHAN SHENGGUANG ELECTRONICS CO., LTD.",嘉善声光电子有限公司,GASTROHIKEN,W4,W4-0911,,,Jiashan Shengguang 2025-2026 OEM new catalogue(1).pdf|Jiashan Shengguang 2026-2027 aftermarket new catalogue.pdf|2026 JINGYI AFTERMARKET CATALOG.pdf|2026 JINGYI OEM CATALOG.pdf
official_1438,"CIXI CITY XURI LOCKS CO., LTD.",慈溪市旭日锁具有限公司,CITY XURI,W4,W4-0916,,,XURI LOCKS COLLECTION 2024-2025.pdf
official_1439,"WENZHOU TONGYONG LOCKS CO., LTD.",温州市通用锁具有限公司,XINGCHENG,W4,W4-0921,,,Tongyong Lock 2026.pdf
official_1440,"JIAXING XINGCHENG ELECTRONICS CO., LTD.",嘉兴星程电子有限公司,TONYON LOCKS,W4,W4-0926,,,2026 XINGCHENG CATALOG.pdf
official_1441,"WENZHOU JINJIAN SMART LOCK CO., LTD.",温州金锏智能锁具有限公司,JINJIAN SMART,W4,W4-0932,,,jinjian 2025 Catalog.pdf
official_1442,FIDLOCK INDUSTRIAL (SHENZHEN) LIMITED,斐得洛扣实业（深圳）有限公司,FIDLOCK,W4,W4-0934,,,2026 FIDLOCK CATALOG 2.pdf|2026 FIDLOCK CATALOG 3.pdf|2026 FIDLOCK CATALOG.pdf
official_1443,"BOTOU ANNUO BICYCLE CO., LTD.",泊头市安诺车业有限责任公司,BECOOL,W4,W4-0936,,,Annuo bells 2026.pdf
official_1444,"NINGBO EASTPOWER ELECTRONICS CO., LTD.",宁波意沃电子有限公司,EASTPOWER,W4,W4-0939,,,
official_1445,"WENZHOU HONGAN HARDWARE CO., LTD.",温州市弘安五金有限公司,ZHUFENG INFLATOR,W4,W4-0942,,,
official_1446,"HUIZHOU LANOVA OUTDOOR PRODUCTS CO., LTD.",惠州市乐德沃户外用品有限公司,LANOVA,W4,W4-0944,,,2026 LANOVA Catalog.pdf
official_1447,BÜCHEL,南京凌旭工贸实业有限公司,BÜCHEL,W4,W4-1232,,,
official_1448,"SHENZHEN SOONA INDUSTRIAL &amp; TRADING CO., LTD.",深圳市苏那工贸有限公司,SOONA &AMP,W4,W4-1234,,,
official_1449,河北鸿鼎运动用品有限公司,河北鸿鼎运动用品有限公司,鸿鼎运动用品,W4,W4-1236,,,2026 HONGDING CATALOG.pdf|Hebei Hongding Saddle.pdf
official_1450,"CHENGDU CHENDIAN INTELLIGENT TECHNOLOGY CO., LTD.",成都晨电智能科技有限公司,CHENDIAN,W4,W4-1239,,,
official_1451,"WENZHOU YIMIN LOCKS CO., LTD.",温州益民锁业有限公司,YIMIN LOCKS,W4,W4-1242,,,Wenzhou YIMIN Lock 2026.pdf
official_1452,"WENZHOU GOLDENKEY LOCK INDUSTRIAL CO., LTD.",温州金钥匙锁业有限公司,GOLDENKEY LOCK,W4,W4-1244,,,Wenzhou Golden Key 2026.pdf
official_1453,浙江珠峰工贸有限公司,浙江珠峰工贸有限公司,珠峰,W4,W4-1301,,,2025 ZHUFENG CATALOG.pdf
official_1454,"ZHEJIANG KANGJIAGN SPORTS &amp; EQUIPMENT CO., LTD.",浙江康匠运动器械有限公司（珠光气筒厂）,HAUMIN,W4,W4-1305,,,2026 RASSINE CATALOG.pdf
official_1455,"XIAOQI SPORTS GOODS (ZHEJIANG) CO., LTD.",小骑运动用品（浙江）有限公司,XIAOQI,W4,W4-1308,,,
official_1456,"HEBEI MEIDE BICYCLE CO., LTD.",河北美德车业有限公司,SOKIND,W4,W4-1311,,,
official_1457,"NINGBO FANCHENG INDUSTRY TRADE CO., LTD.",宁波市繁诚工贸实业有限公司,HEBEI WANHAO,W4,W4-1316,,,Fancheng plastic.pdf
official_1458,"BEIJING HONOR TRADE CO., LTD.",北京欧耐经贸有限公司,DALISHI,W4,W4-1321,,,Honor.pdf
official_1459,"WENZHOU DALISHI TECHNOLOGY CO., LTD.",温州达利仕科技有限公司,DALISHI,W4,W4-1429,,,WENZHOU DALISHI lock 2026.pdf
official_1460,HONGLEXIN COMPOSITE MATERIALS TECHNOLOGY,厦门鸿乐鑫复材科技有限公司,HONGLEXIN COMPOSITE,W4,W4-1505,,,2026 TANCHAO CATALOG(with price).pdf
official_1461,武义新明珠气筒制造有限公司,武义新明珠气筒制造有限公司,武义新明珠,W4,W4-1511,,,MINGZHU PUMP-new.pdf
official_1462,"INTERNATIONAL PNY SPORTS CO., LIMITED",广州市凯洛斯体育用品有限公司,PNY,W4,W4-1513,,,
official_1463,"NINGBO KAIWEI BICYCLE PARTS CO., LTD. / NINGBO DETAI MACHINE INDUSTRY CO., LTD.",宁波凯威车料有限公司/宁波德泰机械实业有限公司,KAIWEI,W4,W4-1516,,,2026 KAIWEI CATALOG.pdf
official_1464,"FULL MARK (KUNSHAN) CO., LTD.",昆山十全塑胶五金产品有限公司,FULL MARK,W4,W4-1521,,,
official_1465,"ANSHENG PRECISION METAL PRODUCTS CO., LTD.",太仓安笙精密金属制品有限公司,ANSHENG,W4,W4-1532,,,
official_1466,"HEBEI WANHAO BICYCLE MANUFACTURING CO., LTD.",河北万豪自行车制造有限公司,WANHAO,W4,W4-1534,,,2026 HUA RUI WAN HAO CATALOG.pdf
official_1467,SOKIND CYCLING TECH LIMITED,泉州舒康服饰有限公司,SOKIND,W4,W4-1536,,,
official_1468,"NINGBO KAISHENG ELECTRICAL APPLIANCE CO., LTD.",宁波凯盛电器有限公司,KAISHENG APPLIANCE,W4,W4-1539,,,
official_1469,"CHANGZHOU EASTEK INTERNATIONAL CO., LTD.",常州东岩国际贸易有限公司,EASTEK,W4,W4-1542,,,Eastek-Catalog.pdf
official_1470,"CHANGZHOU JCL VEHICLE CO., LTD.",常州市璟程乐车业有限公司,JCL,W4,W4-1544,,,
official_1471,"CHANGZHOU HAOTU BASKET OF FITTINGS CO., LTD.",常州新区昊图自行车配件有限公司,HAOTU BASKET,W4,W4-1644,,,HAOTU 2025 Catalog.pdf
official_1472,广州市博顿运动装备股份有限公司,广州市博顿运动装备股份有限公司,KINGUARD,W4,W4-1701,,,
official_1473,"ENCHESS INTERNATIONAL CO., LTD.",鸿馼有限公司,ENCHESS,W4,W4-1703,,,
official_1474,邯郸市安骑骑行装备有限公司,邯郸市安骑骑行装备有限公司,安骑骑行装备,W4,W4-1705,,,
official_1475,"CIXI SHENGHUI BICYCLE CO., LTD.",慈溪市胜辉车业有限公司,DAEN,W4,W4-1707,,,2022 WINBLAZE CATALOG.pdf
official_1476,"XIAMEN KINGUARD LOCKS CO., LTD.",厦门金佳德锁业有限公司,COOSPO,W4,W4-1709,,,E-CATALOGUE KINGUARD.pdf
official_1477,"JINHUA DONEN SPORT CO., LTD.",金华市达恩运动用品有限公司,GANGZHILU,W4,W4-1711,,,
official_1478,"SHENZHEN COOSPO TECH CO., LTD.",深圳市酷思运动科技有限公司,XINGTAI JIAGUAN,W4,W4-1715,,,COOSPO-product_catalog-2025.pdf
official_1479,"CANGZHOU KMT TECHNOLOGY CO., LTD.",沧州康美特科技有限公司,CANGZHOU KMT,W4,W4-1717,,,
official_1480,"XINGTAI JIAGUAN TECHNOLOGY CO., LTD.",邢台佳冠科技有限公司,JIAGUAN,W4,W4-1719,,,2026 JIAGUAN CATALOG.pdf
official_1481,"DONGGUAN YAQI OUTDOOR PRODUCTS CO., LTD.",东莞市雅琪户外用品有限公司,STANCE,W4,W4-1723,,,2026 YAQI CATALOG.pdf
official_1482,STANCE,斯坦斯商贸有限公司,ALIDE,W4,W4-1725,,,
official_1483,"NINGBO AUDE ELECTRONICS CO., LTD.",宁波市鄞州奥多电器有限公司,AUDE,W4,W4-1727,,,2026 AUDE CATALOG.pdf
official_1484,河北省双娃自行车有限公司,河北省双娃自行车有限公司,DONGYIN,W4,W4-1729,,,2026 Shuangwa catalog for bike.pdf|Hebei shuangwa-basket.pdf|Hebei shuangwa.pdf|Tiger Pump.pdf
official_1485,"GUANGZHOU XUNQI GLASSES CO., LTD.",广州市迅奇眼镜有限公司,HAOTU,W4,W4-1731,,,2026 XUNQI CATALOG.pdf
official_1486,"NINGBO THAINHUAMBO TRADING CO., LTD.",宁波赛恩万博贸易有限公司,THAINHUAMBO,W4,W4-1801,,,2026 ThainHuambo CATALOG.pdf
official_1487,"BOTOU TAIHE BICYCLE BELL CO., LTD.",泊头市太和车铃有限公司,BOTOU TAIHE,W4,W4-1803,,,Hebei Taihe Bell.pdf
official_1488,"DONGGUAN YIYANG SPORTS CO., LTD.",东莞市亿扬运动用品有限公司,YIYANG,W4,W4-1805,,,2026 YICHI Catalog.pdf
official_1489,"GUANGZHOU HAOQIANG SPORTS GOODS CO., LTD.",广州市豪强体育用品有限责任公司,HAOQIANG,W4,W4-1806,,,
official_1490,GUANGZONGXIAN ZHOMGDA ZIXC,广宗县中达自行车配件厂,GUANGZONGXIAN ZHOMGDA,W4,W4-1807,,,
official_1491,PINGXIANG ZHUOXUN BICYCLE PARTS FACTORY,平乡县卓迅自行车配件厂,ZHUOXUN FACTORY,W4,W4-1811,,,
official_1492,"JIAXING BOSCHEN HARDWARE &amp; PLASTIC CO., LTD.",嘉兴市博盛五金塑料股份有限公司,BOSCHEN &AMP,W4,W4-1813,,,2026 BOSCHEN CATALOG.pdf
official_1493,"ZHONGSHAN FIELDWALK PLASTIC PRODUCTS CO., LTD.",中山闪耀户外用品有限公司,FIELDWALK,W4,W4-1814,,,Seawalk 箱包.pdf
official_1494,"HANGZHOU SIKE BOYU BROTHERS CLOTHING CO., LTD.",杭州丝科博煜兄弟服饰有限公司,SIKE BOYU,W4,W4-1815,,,
official_1495,"NINGBO UNIT AUTO MOBILE ACCESSORIES CO., LTD.",宁波尤利特汽车用品股份有限公司,UNIT AUTO,W4,W4-1816,,,2026 UNIT CATALOG.pdf
official_1496,"WENZHOU JINQIU LOCK CO., LTD.",温州市金球锁业有限公司,JINQIU LOCK,W4,W4-1817,,,2026 Catalog-Jinqiu Lock 金球电子目录M.pdf
official_1497,上海晨依服饰有限公司,上海晨依服饰有限公司,晨依服饰,W4,W4-1820,,,
official_1498,"TSB TECHNOLOGY CO., LTD.",陕西泰世邦科技实业有限公司,TEWSN,W5,W5-0001,,,
official_1499,ITM BIKE CONSULTANCY SRL,ITM BIKE CONSULTANCY SRL,ITM CONSULTANCY,W5,W5-0003,,,
official_1500,"SHENZHEN SANDIAN TECHNOLOGY CO., LTD.",深圳市善电科技有限公司,SANDIAN,W5,W5-0005,,,
official_1501,"HUIZHOU WINFORCE COMPOSITE TECHNOLOGY CO., LTD.",惠州市怡丰复材科技有限公司,WINFORCE COMPOSITE,W5,W5-0007,,,
official_1502,"ALU MEGA INDUSTRIAL CO., LTD.",铝大股份有限公司,ALU MEGA,W5,W5-0009,,,
official_1503,"GUANGZHOU SUNOK GLASSES CO., LTD.",广州尚诺克眼镜有限公司,SUNOK GLASSES,W5,W5-0010,,,2026 SUNOK  GLASSES QUOTATION.pdf|2026 SUNOK SPORTS SUNGLASSES CATALOG.pdf
official_1504,"ZHEJIANG MINGXIN SPORTS GOODS CO., LTD.",浙江铭鑫体育用品有限公司,BEIAN,W5,W5-0011,,,2026 Mingxin Sports Catalog.pdf
official_1505,"WENZHOU CONCENT LOCKS CO., LTD.",温州康升特锁业有限公司,CONCENT LOCKS,W5,W5-0013,,,Wenzhou Concent Lock 2026.pdf
official_1506,"NINGBO CYCLE SPORTS EQUIPMENT CO., LTD.",宁波赛客运动器材有限公司,NINGBO,W5,W5-0017,,,2026 NINGBO CYCLE CATALOG.pdf
official_1507,"SUZHOU XUANCHENG SPORTS EQUIPMENT TECHNOLOGY CO., LTD.",苏州轩诚运动器材科技有限公司,CONCERT,W5,W5-0019,,,
official_1508,"JIAXING BEIAN SPORTS TECHNOLOGY CO., LTD.",嘉兴贝安运动科技有限公司,BEIAN,W5,W5-0021,,,
official_1509,HEIBEI JINGDA,河北晶大车业有限公司,HEIBEI JINGDA,W5,W5-0025,,,
official_1510,欧宇诺自行车配件厂,欧宇诺自行车配件厂,欧宇诺自行车配件厂,W5,W5-0028,,,
official_1511,"GUANGZHOU TEWSN SPORTS CO., LTD.",广州市途士恩体育用品有限公司,TEWSN,W5,W5-0030,,,
official_1512,"SHANGHAI MONTASEN MATERNAL AND CHILDREN PRODUCT CO., LTD.",上海萌大圣母婴儿童用品有限公司,JINGHEN,W5,W5-0105,,,
official_1513,"ZHEJIANG FEISHEN VEHICLE CO., LTD.",浙江飞神车业有限公司,QIXING,W5,"W5-0111, E6-0932",,,
official_1514,"GALAXY BICYCLE CO., LTD.",鹤山市格莱仕车业有限公司,GALAXY,W5,W5-0116,,,
official_1515,TOSUOD,义乌市塔斯体育用品有限公司,TOSUOD,W5,W5-0123,,,TOSUOD.pdf
official_1516,SHUNDE MOON HELMET.COM,佛山市顺德区跨速头盔有限公司,DIVANO HONGYI,W5,W5-0126,,,
official_1517,"XIAMEN PANDA PODIUM TECHNOLOGY CO., LTD.",厦门磐搭冠科技有限公司,PANDA PODIUM,W5,W5-0129,,,
official_1518,"HEBEI HONGCHI BICYCLE CO., LTD.",河北宏驰自行车有限公司,HONGCHI,W5,W5-0132,,,2026 HONGCHI CATALOG.pdf
official_1519,"DIVANO TECHNOLOGY CO., LTD.",台湾加乘兴业有限公司,DIVANO,W5,W5-0134,,,
official_1520,"SHANGHAI RALLEX INDUSTRIAL CO., LTD.",上海彦锐实业有限公司,TOSUDO,W5,W5-0136,,,
official_1521,"SHENZHEN JIEMEISHENG SPORTS EOUIPMENT CO., LTD.",深圳捷美盛体育器材有限公司,JIEMEISHENG EOUIPMENT,W5,W5-0139,,,
official_1522,"SHENZHEN MOGUBROTHERS TECHNOLOY CO., LTD.",深圳市蘑菇兄弟科技有限公司,MOGUBROTHERS TECHNOLOY,W5,W5-0140,,,
official_1523,"XIAMEN RIDING BEAUTY SPORTS TECHNOLOGY CO., LTD.",厦门骑形体育科技有限公司,RIDING BEAUTY,W5,W5-0142,,,
official_1524,"HANGZHOU KING PALACE SPORTS EQUIPMENT CO., LTD.",杭州金宸运动器材有限公司,KING PALACE,W5,W5-0144,,,
official_1525,"FACTOR BIKES CHINA CO., LTD.",上海菲克特自行车有限公司,FACTOR CHINA,W5,W5-0201,,,
official_1526,UNIVERSAL CYCLE CORPORATION,广州环球自行车工业有限公司,UNIVERSAL,W5,W5-0505,,,
official_1527,广州可欣体育用品有限公司,广州可欣体育用品有限公司,可欣体育用品,W5,W5-0511,,,
official_1528,"SHENZHEN SUPERLINK BICYCLE CO., LTD.",深圳市顺联车业有限公司,SUPERLINK,W5,W5-0513,,,
official_1529,"BEIJING POWERPOOL SPORTS DEVELOPMENT CO., LTD.",北京力方力合体育发展有限公司,POWERPOOL,W5,W5-0516,,,
official_1530,深圳市新赫琦科技有限公司,深圳市新赫琦科技有限公司,市新赫琦,W5,W5-0518,,,
official_1531,"QINGDAO MAGENE INTELLIGENCE TECHNOLOGY CO., LTD.",青岛迈金智能科技股份有限公司,MAGENE,W5,W5-0521,,,
official_1532,"HEFEI LIGHT-CARBON BICYCLE CO., LTD.",合肥莱特卡本自行车有限公司,LIGHT-CARBON,W5,W5-0526,,,2026 LightCarbon CATALOG.pdf
official_1533,"GUANGZHOU MONTON SPORTS GOODS CO., LTD.",广州市脉腾运动用品有限公司,MONTON,W5,W5-0532,,,
official_1534,JETSON TRADING,上海铨轮贸易有限公司,JETSON,W5,W5-0534,,,
official_1535,"DONGGUAN FROG SPORTS TECHNOLOGY CO., LTD.",东莞市青蛙运动科技有限公司,FROG,W5,W5-0536,,,2026 FROG CATALOG.pdf
official_1536,"YONGKANG SHENFENG INDUSTRY &amp; TRADE CO., LTD.",永康市神蜂工贸有限公司,SHENFENG &AMP,W5,W5-0539,,,cnshenfeng.pdf|电动打气筒样册.pdf
official_1537,"TIANJIN OVERFLY VEHICLE CO., LTD.",天津飞越车业有限公司,OVERFLY,W5,W5-0542,,,
official_1538,"TIANJIN SANHESHUN INDUSTRY &amp; TRADE CO., LTD.",天津市三合顺工贸有限公司,MAGENE,W5,W5-0726,,,
official_1539,"RAVEMEN (HK) ELECTRONICS CO., LTD.",深圳市中科锐电子有限公司,RAVEMEN,W5,W5-0732,,,
official_1540,NANJING YONGLU TEXTILE LTD.,南京永禄纺织品有限公司,YONGLU TEXTILE,W5,W5-0734,,,
official_1541,深圳市龙岗区黑石运动器材有限公司,深圳市龙岗区黑石运动器材有限公司,市龙岗区黑石,W5,W5-0736,,,
official_1542,"XIAMEN XUTU OPTICAL GLASSES CO., LTD.",厦门旭途光学眼镜有限公司,XUTU OPTICAL,W5,W5-0739,,,
official_1543,"ZHEJIANG VEONINSERT SPORTS TECHNOLOGY CO., LTD.",浙江威隆运动科技股份有限公司,VEONINSERT,W5,W5-0742,,,
official_1544,"SHUZTUNG MACHINERY (KUNSHAN) CO., LTD.",旭东机械（昆山）有限公司,SHUZTUNG,W5,W5-0744,,,
official_1545,上海哈啰普惠科技有限公司,上海哈啰普惠科技有限公司,SHENGHONG,W5,W5-0905,,,
official_1546,"DONGGUAN ZHICHENG SPORTS TECHNOLOGY CO., LTD.",东莞市志诚运动科技有限公司,ZHICHENG,W5,W5-0913,,,
official_1547,"TIANJIN HOLYLION BICYCLE CO., LTD.",天津市圣狮自行车有限公司,KUOTA,W5,W5-0916,,,
official_1548,"HENZHEN KUOTA TRADING CO., LTD.",深圳扩塔贸易有限公司,HOLEYUN BICYCLE,W5,W5-0918,,,
official_1549,大鹅车业（深圳）有限公司,大鹅车业（深圳）有限公司,ABEAR,W5,W5-0921,,,
official_1550,"HEBEI HUAGAISI ELECTRIC VEHICLE TECHNOLOGY CO., LTD.",河北华盖斯电动车科技有限公司,HUAGAISI,W5,W5-0923,,,
official_1551,"SHENZHEN ANTAI SPORTS EQUIPMENT CO., LTD.",深圳市安泰运动器材有限公司,ANTAI,W5,W5-0926,,,
official_1552,"EK (XIAMEN) COMPOSITES TECHNOLOGY CO., LTD.",易凯科越（厦门）复材科技有限公司,EK COMPOSITES,W5,W5-0932,,,
official_1553,"KUNSHAN WANTONGHE MACHINERY CO., LTD.",昆山市万同和机械有限公司,WANTONGHE,W5,W5-0934,,,
official_1554,"XINGTAI BAOLIN BICYCLE CO., LTD.",邢台宝琳车业有限公司,BAOLIN,W5,W5-0936,,,
official_1555,"YI MING TECHNOLOGY CO., LTD.",亿铭材料科技有限公司,YI MING,W5,W5-0939,,,YIMING bicycle parts.pdf
official_1556,"NINGBO TIANQI TECHNOLOGY CO., LTD.",宁波天旗科技有限公司,TIANQI,W5,W5-0942,,,Ningbo Tianqi.pdf
official_1557,河北昇宏车业有限公司,河北昇宏车业有限公司,昇宏,W5,W5-1023,,,
official_1558,"NINGBO JULONG MACHINERY CO., LTD.",宁波巨隆机械股份有限公司,COSMOS EBIKE,W5,W5-1305,,,
official_1559,高乐普电气（苏州）有限公司,高乐普电气（苏州）有限公司,高乐普电气（苏州）,W5,W5-1309,,,
official_1560,"HEBEI YIHE BICYCLE CO., LTD.",河北怡合自行车有限公司,YIHE,W5,"W5-1313, N1-0415",,,
official_1561,"XIAMEN ELITE SPORTING GOODS CO., LTD.",厦门缘安复材科技有限公司,OCEAN BICYCLE,W5,W5-1316,,,
official_1562,"SHANGHAI PARAGON INDUSTRY IMP &amp; EXP CO., LTD.",上海彩森进出口有限公司,PARAGON IMP,W5,W5-1321,,,
official_1563,"HANGZHOU XIBU TECHNOLOGY CO., LTD.",杭州犀步科技有限公司,XIBU,W5,W5-1326,,,
official_1564,XINGTAI LECHI HIGH-PRESSURE PUMP FACTORY,邢台乐驰高压气筒制造厂（普通合伙）,LECHI HIGH-PRESSURE,W5,W5-1332,,,2026 Lechi.pdf
official_1565,"CANGZHOU KAIZE TECHNOLOGY CO., LTD.",沧州开泽科技有限公司,CANGZHOU KAIZE,W5,W5-1334,,,Hebei Kaize Bell.pdf
official_1566,"GUANGZHOU INCOLOR SPORTS PRODUCTS CO., LTD.",广州英凯路体育用品有限公司,INCOLOR,W5,W5-1336,,,
official_1567,"FOSHAN DASHUO MENTAL PRODUCT CO., LTD.",佛山市大硕金属制品有限公司,DASHUO MENTAL,W5,W5-1339,,,
official_1568,"TOP RIDER (TIANJIN) BICYCLE CO., LTD.",途瑞达（天津）车业有限公司,TOP RIDER,W5,W5-1342,,,
official_1569,TIANJIN OCEAN BICYCLE INUDSTRY GROUP LIMITED,天津拓凯新材料科技有限公司,OCEAN INUDSTRY,W5,W5-1344,,,
official_1570,JAUBLE,天津新聚友运动器材有限公司,JAUBLE,W5,W5-1513,,,
official_1571,"HEBEI GREENSKY BICYCLE CO., LTD.",河北绿驰车业集团有限公司,GREENSKY,W5,W5-1516,,,
official_1572,"QUANZHOU YUAN XING LIGHT INDUSTRY DEVELOPMENT CO., LTD.",泉州市元兴轻工发展有限公司,YUAN XING,W5,W5-1518,,,2026 WONNY CATALOG.pdf
official_1573,SHANGHAI ONQUOR SPORTS TECHNOLOGY LTD.,上海盎刻运动科技有限公司,ONQUOR,W5,W5-1521,,,
official_1574,"SHENZHEN EXPLORER OUTDOOR PRODUCTS CO., LTD.",深圳探索者户外用品有限公司,EXPLORER,W5,W5-1523,,,
official_1575,"ZHEJIANG GOCCIA ELECTRIC TECHNOLOGY CO., LTD.",浙江凯驰电动科技有限公司,GOCCIA,W5,W5-1526,,,
official_1576,"DONGGUAN HONGTU SPORTING CO., LTD.",东莞市宏途运动用品有限公司,HONGTU,W5,W5-1532,,,2026 Hongtu catalog.pdf
official_1577,"CHINA SHENZHEN CYLION TECHNOLOGY INTL CO., LTD.",深圳市赛领车业科技有限公司,CHINA SHENZHEN,W5,W5-1534,,,
official_1578,"TIANJIN ANSHILI SCIENCE AND TECHNOLOGY CO., LTD.",天津安士力科技有限公司,ANSHILI SCIENCE,W5,W5-1536,,,
official_1579,"HONG FU SPORTS EQUIPMENT CO., LTD.",深圳市鸿富体育用品有限公司,HONG FU,W5,W5-1539,,,
official_1580,"XINGTAI HEFENGYUAN IMP. &amp; EXP. CO., LTD.",邢台合丰源进出口贸易有限公司,HEFENGYUAN IMP,W5,W5-1542,,,
official_1581,"COSMOS E-BIKE CO., LTD.",宇宙电动科技（杭州）有限公司,COSMOS E-BIKE,W5,W5-1544,,,
official_1582,天津永鑫运动器材有限公司,天津永鑫运动器材有限公司,OC CYBERIA,W5,W5-1701,,,
official_1583,CYBREI,厦门市益百克运动器材有限公司,CYBREI,W5,W5-1705,,,
official_1584,"OUTCYCLE TRADING CO., LTD.",拜奥睿思（深圳）贸易有限公司,OUTCYCLE,W5,W5-1707,,,
official_1585,"DURMAS ENTERPRISE CO., LTD.",哲三贸易有限公司,SIDEBAG,W5,W5-1709,,,
official_1586,"GUANGZHOU SIDEBIKE SPORT CO., LTD.",广州市赛铂客体育用品有限公司,TOWILO,W5,W5-1711,,,SIDEBIKE 2025 New Catalogue.pdf
official_1587,"GUANGZHOU LANGSTON ELECTRONIC TECHNOLOGY CO., LTD.",广州市兰士顿电子科技有限公司,LANGSTON,W5,W5-1713,,,
official_1588,"SHENZHEN WILDFIRES OUTDOOR PRODUCTS CO., LTD.",深圳市野火户外用品有限公司,WILDFIRES,W5,W5-1715,,,2024 TOWILD CATALOG-CN.pdf|2026 TOWILD CATALOG-EN.pdf|2026 TOWILD CATALOG.pdf|2026 TOWILD CATALOG.pdf
official_1589,EAST MELA,东方梅拉有限公司,EAST MELA,W5,W5-1717,,,
official_1590,"RED STAR LOCKS CO., LTD.",佛山市南海红星锁业有限公司,RED STAR,W5,W5-1719,,,
official_1591,惠州市智联运动科技有限公司,惠州市智联运动科技有限公司,JINLU,W5,W5-1721,,,2026 HUI ZHOU CHINION Catalog.pdf
official_1592,EASTPARTS INTERNATIOANL LTD.,宁波锦路车业有限公司,EASTPARTS INTERNATIOANL,W5,W5-1723,,,
official_1593,骑行宝（上海）体育用品有限公司,骑行宝（上海）体育用品有限公司,ZHEJIANG STARCAST MEILA,W5,W5-1725,,,
official_1594,"WENZHOU ANTONG LOCKS CO., LTD.",温州市安通锁业有限公司,ANTONG LOCKS,W5,W5-1727,,,Wenzhou Antong Lock 2026.pdf
official_1595,"LEAD TREND TECHNOLOGY CO., LTD.",天之健（宁波）工具制造有限责任公司,ANTONG,W5,W5-1729,,,2026 LTM CATALOG.pdf
official_1596,HIMALAYA OUTDOOR PRODUCTION CO,中山喜玛拉雅户外,TWELO,W5,W5-1731,,,
official_1597,"BNINGO INNRACK TECHNOLOGY CO., LTD.",宁波逸路客科技有限公司,BNINGO INNRACK,W5,W5-1801,,,
official_1598,"SHENZHEN KING-SERRY ELECTRONICS CO., LTD.",深圳市金西瑞电子有限公司,KING-SERRY,W5,W5-1805,,,2026 KING-SERRY CATALOG.pdf
official_1599,"WUHAN MY KILOMETRE SPORTS CULTURE DEVELOPMENT CO., LTD.",武汉市劢励体育文化发展有限公司,MY KILOMETRE,W5,W5-1806,,,
official_1600,"FUSHUN SHUNDE XIANGSHUNHONG SPORTING GOODS CO., LTD.",佛山市顺德区翔顺宏运动器材有限公司,SHUNDE XIANGSHUNHONG,W5,W5-1807,,,2026 Xiangshun JoyKnight Catalog.pdf
official_1601,"DONGGUAN WENCAN SPORTING GOODS CO., LTD.",东莞文灿体育用品有限公司,WENCAN,W5,W5-1808,,,
official_1602,"FARSPORTS (XIAMEN) TECHNOLOGY CO., LTD.",方远复材（厦门）科技有限公司,FARSPORTS,W5,W5-1811,,,
official_1603,河北澳明车业有限公司,河北澳明车业有限公司,澳明,W5,W5-1813,,,
official_1604,"DONGGUAN CITY FAST SPORTS PRODUCTS CO., LTD.",东莞市迅捷运动用品有限公司,CITY FAST,W5,W5-1815,,,
official_1605,"NINGBO CHEPARK INDUSTRY AND TRADE CO., LTD.",宁波双伟工贸有限公司,CHEPARK,W5,W5-1816,,,
official_1606,MONU SPORTS,东莞魔诺运动科技有限公司,MONU,W5,W5-1817,,,2026 Catalogue from MONU SPORTS20260513.pdf|2026 MONU SPORTS Catalog.pdf|2026 MONU SPORTS Catalog.pdf
official_1607,,河北多乐儿童玩具有限公司,多乐,W3,W3-1532,,,
official_1608,,邯郸市路驰童车有限公司,路驰,W3,W3-1521,,,
official_1609,,邢台市天星儿童玩具有限公司,天星,W3,W3-1226,,,
official_1610,,河北库比车业有限公司,库比,W3,W3-1511,,,
official_1611,,厦门凯迪尔进出口有限公司,凯迪尔,W3,W3-1523,,,
official_1612,,宁波童萌车业有限公司,童萌,W3,W3-1232,,,
official_1613,,河北井昌车业有限公司,井昌,W3,W3-1236,,,
official_1614,,邢台市布鲁顿自行车制造有限公司,布鲁顿,W3,W3-1516,,,
official_1615,,邢台铁友车业有限公司,铁友,W3,W3-1234,,,
official_1616,,河北金赛克自行车制造有限公司,金赛克,W3,W3-1513,,,
official_1617,,邢台恒鹏车业有限公司,恒鹏,W3,W3-1239,,,
official_1618,,广宗县东尼兔儿童玩具有限公司,东尼兔,W3,W3-1526,,,
official_1619,,邢台海龙车业有限公司,海龙,W3,W3-1218,,,
official_1620,,广宗县恒威车业有限公司,CAIDER,W3,W3-1321,,,
official_1621,,河北百美气筒制造有限公司,百美,W3,W3-1242,,,Baimei.pdf
official_1622,,邢台市森金儿童玩具有限公司,森金,W3,W3-1216,,,
official_1623,,河北拓步车业有限公司,TUOBU BICYCLE,W3,W3-1301,,,
official_1624,,邢台毅明自行车有限公司,毅明,W3,W3-1213,,,
official_1625,,河北万美自行车有限公司,万美,W3,W3-1505,,,
official_1626,,杭州慧同科技有限公司,慧同,W3,W3-1339,,,
ocr_rockbros,ROCKBROS,洛克兄弟,ROCKBROS,W1,,,,ROCKBROS Bikes.pdf|Sports jerseys&Pants.pdf|ROCKBROS Accessories.pdf|ROCKBROS Bicycle audio& cycling computer.pdf|ROCKBROS Bicycle bag - BIKE LOADING BAG & LUGGAGE BAG.pdf|ROCKBROS Bicycle Bag-BACKPACK&SPORT BAG & TOOL BAG.pdf|ROCKBROS Bicycle Bag-COOLER BAG AND DRY BAG.pdf|ROCKBROS Bicycle Bag-FRAME BAG&TUBE BAG.pdf|ROCKBROS Bicycle Bag-HANDLEBAR BAG.pdf|ROCKBROS Bicycle Bag-PANNIER BAG.pdf|ROCKBROS Bicycle Bag-SADDLE BAG.pdf|ROCKBROS Bicycle Bell.pdf|ROCKBROS BICYCLE CATALOG(ENGLISH).pdf|ROCKBROS Bicycle Fender.pdf|ROCKBROS Bicycle Grips & tape.pdf|ROCKBROS Bicycle Kickstand.pdf|ROCKBROS Bicycle Light.pdf|ROCKBROS Bicycle Lock.pdf|ROCKBROS Bicycle Pedal.pdf|ROCKBROS Bicycle phone& lamp holder.pdf|ROCKBROS Bicycle Pump.pdf|ROCKBROS Bicycle Rack&Suction Rack.pdf|ROCKBROS Bicycle Repair Tools.pdf|ROCKBROS Bicycle Saddle cover.pdf|ROCKBROS Bicycle Saddle.pdf|ROCKBROS Bicycle Shoe Cover.pdf|ROCKBROS Bicycle Water Bottle & Bottle Cage.pdf|ROCKBROS Bike Trainer&Sweat net.pdf|ROCKBROS Camping products.pdf|ROCKBROS Children's cycling equipment.pdf|ROCKBROS Cycling Eyewear.pdf|ROCKBROS Cycling Gloves1.pdf|ROCKBROS Cycling masks&caps for summer.pdf|ROCKBROS Cycling masks&caps for winter.pdf|ROCKBROS Heated Gloves.pdf|ROCKBROS Helmet.pdf|ROCKBROS inner tube.pdf|ROCKBROS Knee Pad&arm sleeves&protective gear.pdf|ROCKBROS Moto accessories.pdf|ROCKBROS Neutral  product.pdf|ROCKBROS Qunature - Camping products.pdf|ROCKBROS Qunature-Ski products.pdf|ROCKBROS ROAD TO SKY CATALOG.pdf|ROCKBROS ROAD TO SKY CATALOGS.pdf|ROCKBROS Socks.pdf|ROCKBROS Ti product.pdf|ROAD TO SKY CATALOGS.pdf
ocr_pardus,PARDUS,瑞豹,PARDUS,W1,,,,
ocr_java,JAVA,JAVA,JAVA,W1,,,,
ocr_velofox,VELOFOX,VELOFOX,VELOFOX,E5,,,,VeloFox brochure-MY2026_RevA.pdf
ocr_tunap,TUNAP,TUNAP,TUNAP,N1,,,,
ocr_aventon,AVENTON,Aventon,AVENTON,N1,,,,
