Company Name (English),Company Name (Chinese),Booth/Hall Number,Hall Name (English),Hall Name (Chinese),All Booths,ID
"LANXI JIEKE SPORTS APPARATUS MANUFACTURING CO., LTD.",兰溪市捷克运动器材制造有限公司,E1,Bicycles,整车品牌馆,E1-0001,official_0
REBORN BICYCLE COMPANY LTD.,深圳市松展商贸有限公司,E1,Bicycles,整车品牌馆,E1-0009,official_1
"NINGBO K.S.D. VEHICLE ACCESSORIES CO., LTD.",宁波市镇海凯盛达车辆配件有限公司,E1,Bicycles,整车品牌馆,E1-0011,official_2
ANHUI ELITE INDUSTRIAL,安徽易瑞德实业有限公司,E1,Bicycles,整车品牌馆,E1-0013,official_3
"HEBEI XUHUA BICYCLE CO., LTD.",邢台旭华车业有限公司,E1,Bicycles,整车品牌馆,E1-0015,official_4
"XINGTAI WEILIAN BICYCLE CO., LTD.",邢台市唯链自行车有限公司,E1,Bicycles,整车品牌馆,E1-0017,official_5
EAST SUN,同心石（上海）贸易有限公司,E1,Bicycles,整车品牌馆,E1-0019,official_6
"DONGGUAN ZHIYU TECHNOLOGY CO., LTD.",东莞智宇科技有限公司,E1,Bicycles,整车品牌馆,E1-0022,official_7
"DFS TECH (SHENZHEN) CO., LTD.",深圳市东升创科技有限公司,E1,Bicycles,整车品牌馆,E1-0023,official_8
"TIANJIN KEYO BICYCLE CO., LTD.",天津凯欧自行车有限公司,E1,Bicycles,整车品牌馆,E1-0025,official_9
"HANGZHOU HONGXING CHAIN MANUFACTURING CO., LTD.",杭州红星链条制造有限公司,E1,Bicycles,整车品牌馆,E1-0028,official_10
"PINGXIANG COUNTY YIZHE BICYCLE CO., LTD.",平乡县亿浙车业有限公司,E1,Bicycles,整车品牌馆,E1-0029,official_11
"DSK CO., LTD.",东莞市吉全运动器材有限公司,E1,Bicycles,整车品牌馆,E1-0031,official_12
"GIANT CO., LTD.",捷安特投资有限公司【捷安特（昆山）有限公司/鼎镁新材料科技股份有限公司】,E1,Bicycles,整车品牌馆,"E1-0105, E1-0113",official_13
"GUANGZHOU KESPOR BICYCLE CO., LTD.",广州凯斯博自行车有限公司,E1,Bicycles,整车品牌馆,E1-0116,official_14
"TIANJIN LEIFA INDUSTRY AND TRADE CO., LTD.",天津市雷发工贸有限公司,E1,Bicycles,整车品牌馆,E1-0121,official_15
"KOMDA INDUSTRIAL (DONGGUAN) CO., LTD.",东莞镁迪电子有限公司,E1,Bicycles,整车品牌馆,E1-0123,official_16
"SHANGHAI ROLLINGSTONE BICYCLE CO., LTD.",上海唯德自行车有限公司,E1,Bicycles,整车品牌馆,E1-0126,official_17
"HUIZHOU SINBAO BICYCLE CO., LTD.",惠州市信宝自行车有限公司,E1,Bicycles,整车品牌馆,E1-0131,official_18
"HANGZHOU WANGZHENG BICYCLE CO., LTD.",杭州王征车业有限公司,E1,Bicycles,整车品牌馆,E1-0133,official_19
"SHENZHEN LEBYCLE BIKE TECHNOLOGY CO., LTD.",深圳市乐享单车科技有限公司,E1,Bicycles,整车品牌馆,E1-0136,official_20
"TANGSHAN JINTAI METAL PRODUCTS CO., LTD.",唐山市金泰金属制品有限公司,E1,Bicycles,整车品牌馆,E1-0139,official_21
"TIANJIN DONGYA CHAIN CO., LTD.",天津市东亚链条有限公司,E1,Bicycles,整车品牌馆,E1-0142,official_22
"SHANGHAI PHOENIX BICYCLE CO., LTD.",上海凤凰自行车有限公司,E1,Bicycles,整车品牌馆,"E1-0201, W5-0901",official_23
"TIANJIN TIANHENG INTELLIGENT TECHNOLOGY CO., LTD.",天津天恒智能科技有限公司,E1,Bicycles,整车品牌馆,E1-0316,official_24
"DONGGUAN DAIDAILE TECHNOLOGY CO., LTD.",东莞市代戴乐科技有限公司,E1,Bicycles,整车品牌馆,E1-0321,official_25
"TIANJIN DUSHIMA BICYCLE CO., LTD.",天津都市玛科技有限公司,E1,Bicycles,整车品牌馆,E1-0326,official_26
"TIANJIN ANBU CYCLE CO., LTD.",天津安步车业有限公司,E1,Bicycles,整车品牌馆,E1-0331,official_27
"TIANJIN MALEVI SPORTS EQUIPMENT CO., LTD.",天津玛乐维运动器材有限公司,E1,Bicycles,整车品牌馆,E1-0336,official_28
"TIANJIN SHENGRUI BICYCLE CO., LTD.",天津晟瑞自行车有限公司,E1,Bicycles,整车品牌馆,E1-0342,official_29
"HONGRUI TIANCHENG TECHNOLOGY (TIANJIN) CO., LTD.",鸿瑞天成科技（天津）有限公司,E1,Bicycles,整车品牌馆,E1-0345,official_30
"MERIDA BICYCLE (SHANDONG) CO., LTD.",美利达自行车（山东）有限公司,E1,Bicycles,整车品牌馆,E1-0505,official_31
"GUANGZHOU WUYANG BICYCLE CO., LTD.",广州五羊自行车有限公司,E1,Bicycles,整车品牌馆,E1-0511,official_32
"TIANJIN FLYINGPIGEON BICYCLE CO., LTD.",天津飞鸽车业有限公司,E1,Bicycles,整车品牌馆,E1-0516,official_33
"OYAMA TECHNOLOGY (NANTON) CO., LTD.",欧亚马电动科技（江苏）有限公司,E1,Bicycles,整车品牌馆,E1-0521,official_34
YONG QI (CHINA) BICYCLE INDUSTRIAL CORP.,永祺（中国）车业股份有限公司,E1,Bicycles,整车品牌馆,E1-0526,official_35
"SHENZHEN LIZHIXIN TECHNOLOGY CO., LTD.",深圳市笠智鑫科技有限公司,E1,Bicycles,整车品牌馆,E1-0531,official_36
"TIANJIN QIAN JUN BICYCLE CO., LTD.",天津市千钧自行车有限公司,E1,Bicycles,整车品牌馆,E1-0536,official_37
"SHENZHEN PU RUO KEN TECHNOLOGY CO., LTD.",深圳普偌肯科技有限公司,E1,Bicycles,整车品牌馆,E1-0542,official_38
深圳普洛姆运动科技有限公司,深圳普洛姆运动科技有限公司,E1,Bicycles,整车品牌馆,E1-0544,official_39
"SHENZHEN KESPOR BICYCLE CO., LTD. / HUIZHOU KESPOR BICYCLE CO., LTD.",惠州凯斯普瑞自行车有限公司,E1,Bicycles,整车品牌馆,E1-0731,official_40
"TIANJIN ARISE BIKE CO., LTD.",天津市阿琳达运动器材有限公司,E1,Bicycles,整车品牌馆,E1-0736,official_41
"IDEAL (DONGGUAN) BIKE CO., LTD.",爱地雅（东莞）自行车有限公司,E1,Bicycles,整车品牌馆,E1-0742,official_42
DONGGUAN JUSTECH CORPORATION LIMITED,东莞市杰顺车业科技有限公司,E1,Bicycles,整车品牌馆,E1-0745,official_43
"SHANGHAI FOREVER BICYCLE CO., LTD.",上海永久自行车有限公司,E1,Bicycles,整车品牌馆,E1-0901,official_44
"TIANJIN FUJI-TA BICYCLE INDUSTRIAL CO., LTD.",天津富士达自行车工业股份有限公司,E1,Bicycles,整车品牌馆,E1-0905,official_45
"NINGBO XINGLONG BICYCLE CO., LTD.",宁波兴隆巨创机电科技有限公司,E1,Bicycles,整车品牌馆,E1-0916,official_46
"TIANJIN KELIN VEHICLE CO., LTD.",天津科林车业有限公司,E1,Bicycles,整车品牌馆,E1-0921,official_47
"SUZHOU KMC INDUSTRY AND TRADE CO., LTD.",苏州桂盟科恩斯工贸有限公司,E1,Bicycles,整车品牌馆,E1-0926,official_48
"TIANJIN SHENGMEILIN BICYCLE CO., LTD.",天津市盛美林自行车有限公司,E1,Bicycles,整车品牌馆,E1-0931,official_49
GUANGZHOU VIVA BICYCLE CORP. LTD.,广州威华自行车有限公司,E1,Bicycles,整车品牌馆,E1-0936,official_50
"TIANJIN KINGTY BICYCLE CO., LTD.",天津锦泰自行车有限公司,E1,Bicycles,整车品牌馆,E1-0942,official_51
"TIANJIN AOMEI INDUSTRIAL CO., LTD.",天津市奥美工贸有限公司,E1,Bicycles,整车品牌馆,E1-1131,official_52
HANGZHOU GOOD FAITH,杭州名诚贸易有限公司,E1,Bicycles,整车品牌馆,E1-1136,official_53
"DAHON TECH (SHENZHEN) CO., LTD.",大行科工（深圳）股份有限公司,E1,Bicycles,整车品牌馆,"E1-1305, E1-1701",official_54
"TIANJIN AISAIKE BICYCLE CO., LTD.",天津爱赛克车业有限公司,E1,Bicycles,整车品牌馆,E1-1311,official_55
"SHENZHEN SANDINCYCLE CO., LTD.",深圳市三鼎车业有限公司,E1,Bicycles,整车品牌馆,E1-1316,official_56
"HUIZHOU SAVA BICYCLE CO., LTD.",惠州萨瓦自行车有限公司,E1,Bicycles,整车品牌馆,E1-1321,official_57
"TANGSHAN JINHENTONG BICYCLE PARTS CO., LTD.",唐山金亨通车料有限公司,E1,Bicycles,整车品牌馆,E1-1326,official_58
"TIANJIN GAMMA ELECTRIC TECHNOLOGY CO., LTD.",天津捷马电动科技有限公司,E1,Bicycles,整车品牌馆,E1-1331,official_59
"ACETRIKES BICYCLES (ANHUI) CO., LTD.",安徽见诚自行车有限公司,E1,Bicycles,整车品牌馆,E1-1336,official_60
"GUANGZONG TONGFENG CHILDREN'S TOYS CO., LTD.",广宗县童枫儿童玩具有限公司,E1,Bicycles,整车品牌馆,E1-1342,official_61
"TIANJIN SAFEWAY SPORTS CO., LTD.",天津市赛威运动器材有限公司,E1,Bicycles,整车品牌馆,E1-1531,official_62
"TIANJIN SAFEWAY GREEN THEH CO., LTD.",天津市绿之行科技有限公司,E1,Bicycles,整车品牌馆,E1-1534,official_63
"BERNARD (TANGSHAN) TECHNOLGY CO., LTD.",伯纳德（唐山）科技有限公司,E1,Bicycles,整车品牌馆,E1-1536,official_64
"CHENG FENG PRECISION TECHNOLOGY CO., LTD.",诚锋精密科技股份有限公司,E1,Bicycles,整车品牌馆,E1-1542,official_65
"SHANGHAI CATHAY I.T. CO., LTD.",上海开卅信息技术有限公司,E1,Bicycles,整车品牌馆,E1-1544,official_66
"SHENZHEN VIBEE TECHNOLOGY CO., LTD.",深圳市玮泊科技有限公司,E1,Bicycles,整车品牌馆,E1-1707,official_67
"SHENZHEN GUB BIKE TRADING CO., LTD.",深圳市金盟自行车贸易有限公司,E1,Bicycles,整车品牌馆,E1-1709,official_68
TAICANAG DONGCHENG PLASTIC COMPANY,太仓东诚塑胶有限公司,E1,Bicycles,整车品牌馆,E1-1712,official_69
"LINHAO TECHNOLOGY (HUIZHOU) CO., LTD.",良豪科技（惠州）有限公司,E1,Bicycles,整车品牌馆,E1-1715,official_70
TAIZHOU HUANGYAN FANGDA VEHICLE FITTINGS FACTORY,台州市黄岩方大车辆配件厂,E1,Bicycles,整车品牌馆,E1-1717,official_71
"JIANGYIN CHIVER CABLE CO., LTD.",无锡华萨车业有限公司/江阴华江导索有限公司,E1,Bicycles,整车品牌馆,E1-1721,official_72
"AZURTEK TECHNOLOGY (NING BO) CO., LTD.",宁波欧卓车业有限公司,E1,Bicycles,整车品牌馆,E1-1723,official_73
"GUANAGDONG CHICHEN CYCLING CO., LTD.",广东赤辰车业有限公司,E1,Bicycles,整车品牌馆,E1-1725,official_74
惠州市普欧运动器材有限公司,惠州市普欧运动器材有限公司,E1,Bicycles,整车品牌馆,E1-1726,official_75
"GUANGZHOU YISHIGAO ELECTRONIC CO., LTD.",广州伊仕高电子有限公司,E1,Bicycles,整车品牌馆,E1-1728,official_76
COMPREHENSIVE TECHNOLOGY SERVICE CENTER OF KUNSHAN CUSTOMS,昆山海关综合技术服务中心,E1,Bicycles,整车品牌馆,E1-1729,official_77
PINGXIANG COUNTY YUANTU BICYCLE ACCESSORIES FACTORY,平乡县远途自行车配件厂,E1,Bicycles,整车品牌馆,E1-1730,official_78
"DONGGUAN EASING HARDWARE CO., LTD.",东莞市毅鑫五金制品有限公司,E1,Bicycles,整车品牌馆,E1-1731,official_79
"XINGTAI FURUIKE BICYCLE CO., LTD.",邢台福瑞克自行车有限公司,E1,Bicycles,整车品牌馆,E1-1801,official_80
"MAANSHAN YIJUN METAL PRODUCTS CO., LTD.",马鞍山益隽金属制品有限公司,E1,Bicycles,整车品牌馆,E1-1804,official_81
"LANXI AOTONG FRICTION MATERIAL CO., LTD.",兰溪奥通摩擦材料有限公司,E1,Bicycles,整车品牌馆,E1-1806,official_82
"GUANG ZONG DIAMOND BICYCLE FREEWHEEL CO., LTD.",广宗钻石自行车飞轮有限公司,E1,Bicycles,整车品牌馆,E1-1807,official_83
"TABITHA SPORTS EQUIPMENT (TIANJIN) CO., LTD.",踏比达运动器材（天津）有限公司,E1,Bicycles,整车品牌馆,E1-1811,official_84
LIOW KO ELECTRONIC TECHNOLOGY (SZ) LTD.,六哥电子科技（深圳）有限公司,E1,Bicycles,整车品牌馆,E1-1813,official_85
"HANGZHOU NOVICH MACHINERY TECHNOLOGY CO., LTD.",杭州诺维奇机械科技有限公司,E1,Bicycles,整车品牌馆,E1-1815,official_86
CIXI KUANGYAN HONGPENG OUTDOOR PRODUCTS FACTORY,慈溪市匡堰洪鹏户外用品厂,E1,Bicycles,整车品牌馆,E1-1816,official_87
"NANTONG YUQI METAL PRODUCTS CO., LTD.",南通雨奇金属制品有限公司,E2,Accessories,零配件馆,E2-0001,official_88
平乡县迈骑自行车配件厂,平乡县迈骑自行车配件厂,E2,Accessories,零配件馆,E2-0005,official_89
"FOSHAN JUDATONG TECHNOLOGY CO., LTD.",佛山市聚达通科技有限公司,E2,Accessories,零配件馆,E2-0008,official_90
"HEBEI NAILI BICYCLE MANUFACTURING CO., LTD.",河北耐力自行车制造有限公司,E2,Accessories,零配件馆,E2-0009,official_91
XON LTD.,欧马有限公司,E2,Accessories,零配件馆,E2-0011,official_92
"TSAI JUNG METAL PRODUCTS (TAICANG) CO., LTD.",财荣金属制品（太仓）有限公司,E2,Accessories,零配件馆,E2-0013,official_93
"CIXI KAIZHI BICYCLE CO., LTD.",慈溪市凯质车业有限公司,E2,Accessories,零配件馆,E2-0015,official_94
"XIN RUI SHENG HARDWARE PRODUCT (SHENZHEN) CO., LTD.",深圳市鑫睿升五金制品有限公司,E2,Accessories,零配件馆,E2-0017,official_95
"TIANJIN FEIYADA STEEL BALLS CO., LTD.",天津市飞亚达钢珠有限公司,E2,Accessories,零配件馆,E2-0021,official_96
CIXI KUANGYAN AOCHIDA VEHICLE SPARE PARTS FACTORY,慈溪市匡堰镇奥驰达车业配件厂,E2,Accessories,零配件馆,E2-0022,official_97
"TIANJIN BAIFENG BICYCLE PARTS CO., LTD.",天津百丰自行车零件有限公司,E2,Accessories,零配件馆,E2-0023,official_98
"FEIXIANG BICYCLE TECHNOLOGY (XINGTAI) CO., LTD.",飞翔自行车科技（邢台）有限公司,E2,Accessories,零配件馆,E2-0025,official_99
HAIBO BICYCLE SPARE PARTS LTD.,平乡县海波自行车配件有限公司,E2,Accessories,零配件馆,E2-0027,official_100
"JURONG GOOD METAL PRODUCTS CO., LTD.",句容市固德五金制品有限公司,E2,Accessories,零配件馆,E2-0031,official_101
"ZHUHAI L-TWOO SPORT TECHNOLOGY CO., LTD.",珠海蓝图运动科技股份有限公司,E2,Accessories,零配件馆,E2-0105,official_102
"NINGBO TINGBO BICYCLE CO., LTD.",宁波挺博车业有限公司,E2,Accessories,零配件馆,E2-0111,official_103
CHANGZHOU GIMENI METALLIC PRODUCTS,常州捷美耐金属制品有限公司,E2,Accessories,零配件馆,E2-0116,official_104
"CHANGZHOU JUNYUE BICYCLE CO., LTD.",常州君悦车业有限公司,E2,Accessories,零配件馆,E2-0118,official_105
"JIANGSU TRAMA INDUSTRIAL TECHNOLOGY CO., LTD.",江苏川玛工业科技有限公司,E2,Accessories,零配件馆,E2-0121,official_106
"TAIZHOU ANTAI BICYCLE CO., LTD.",泰州市安泰车业有限公司,E2,Accessories,零配件馆,E2-0123,official_107
天津市瑞安自行车有限公司,天津市瑞安自行车有限公司,E2,Accessories,零配件馆,E2-0126,official_108
"DONGGUAN XINYUSHENG METAL PRODUCTS CO., LTD.",东莞市欣裕盛金属制品有限公司,E2,Accessories,零配件馆,E2-0132,official_109
"KINESIS INDUSTRY CO., LTD.",广州经济技术开发区卜威工业有限公司,E2,Accessories,零配件馆,E2-0134,official_110
"TIANJIN YAKUO INDUSTRY TRADE CO., LTD.",大城县坤翊金属材料有限公司（天津市雅阔工贸有限公司）,E2,Accessories,零配件馆,E2-0136,official_111
"SHANGHAI SUMMARUI INDUSTRY CO., LTD.",上海虎贲车业有限公司,E2,Accessories,零配件馆,E2-0142,official_112
"SHUENN-DER GOODLY PAINT CO., LTD.",佛山市顺德区固得丽涂料有限公司,E2,Accessories,零配件馆,E2-0145,official_113
"HAOMENG BICYCLE (SHANGHAI) CO., LTD. / MINTA AL-TECH (TAICANG) CO., LTD. / SUZHOU MAYA TRADING CO., LTD. / TAICANG TEC INTERNATIONAL TRADING CO., LTD.",浩盟车料（上海）有限公司/明达铝业科技（太仓）有限公司/苏州鑫镁亚贸易有限公司/太仓钛克国际贸易有限公司,E2,Accessories,零配件馆,E2-0201,official_114
"SHENZHEN DUOTE BICYCLE CO., LTD.",深圳市多特自行车有限公司,E2,Accessories,零配件馆,E2-0326,official_115
天津迈金机械科技有限公司,天津迈金机械科技有限公司,E2,Accessories,零配件馆,E2-0329,official_116
"NINGBO RISHANG HARDWARE PRODUCTS CO., LTD.",宁波日尚五金制品有限公司,E2,Accessories,零配件馆,E2-0332,official_117
"CHANGSHU CHANGFA ALUMINUM IND CO., LTD.",常熟市长发铝业有限公司,E2,Accessories,零配件馆,E2-0336,official_118
"SHENZHEN MOMO TRADING CO., LTD.",深圳市么么贸易有限公司,E2,Accessories,零配件馆,E2-0342,official_119
"GUANGZHOU MCYCLE SPORTS PRODUCTS CO., LTD.",广州市魅骑运动用品有限公司,E2,Accessories,零配件馆,E2-0345,official_120
"MAGIX NEW MATERIAL TECHNOLOGY (JIANGSU) CO., LTD.",江苏迈吉斯新材料科技有限公司,E2,Accessories,零配件馆,E2-0346,official_121
"VELO CYCLE (KUNSHAN) CO., LTD.",维乐车料（昆山）有限公司,E2,Accessories,零配件馆,E2-0405,official_122
"WELLGO CYCLE ACCESSORIES (KUNSHAN) CO., LTD.",维格车料（昆山）有限公司,E2,Accessories,零配件馆,E2-0407,official_123
"JUSTEK VEHICLE CO., LTD. TIANJIN.CHINA",天津嘉思特车业股份有限公司,E2,Accessories,零配件馆,E2-0411,official_124
"SHENZHEN FDKOBE BIKE CORP CO., LTD.",深圳市锋达科技有限公司,E2,Accessories,零配件馆,E2-0416,official_125
"LANXI ASIASHENG MACHINERY CO., LTD.",兰溪亚晟机械有限公司,E2,Accessories,零配件馆,E2-0418,official_126
"HUIZHOU SOLON SPORTS EQUIQMENT CO., LTD.",惠州速轮运动器材有限公司,E2,Accessories,零配件馆,E2-0421,official_127
"SINGGRIL HARDWARE IND (KUNSHAN) CO., LTD.",新格五金工业（昆山）有限公司,E2,Accessories,零配件馆,E2-0526,official_128
"DONGTAI KANGLONG BICYCLE CO., LTD.",东台市康隆车业有限公司,E2,Accessories,零配件馆,E2-0528,official_129
"KUNSHAN JOGON PACKING CO., LTD.",昆山久广包装制品有限公司,E2,Accessories,零配件馆,E2-0530,official_130
"SHENZHEN WATE TECHNOLOGY INTELLIGENT MANUFACTURING CO., LTD.",深圳市瓦特技术智造有限公司/恩利,E2,Accessories,零配件馆,E2-0532,official_131
"HEBEI PUSAI BICYCLE CORP., LTD.",河北普赛自行车有限公司,E2,Accessories,零配件馆,E2-0534,official_132
"SHENZHEN TANKE BIKE CO., LTD.",深圳碳客自行车有限公司,E2,Accessories,零配件馆,E2-0536,official_133
"LANXI RUIXIANG CHAIN CO., LTD.",兰溪市瑞祥链业有限公司,E2,Accessories,零配件馆,E2-0539,official_134
"HANDAN TENGLIN BICYCLE CO., LTD.",邯郸市腾林自行车有限公司,E2,Accessories,零配件馆,E2-0542,official_135
"DESTINY RACING (HUAIAN) INTERNATIONAL CO., LTD.",明伦运动器材（淮安）有限公司,E2,Accessories,零配件馆,E2-0545,official_136
"SR SUNTOUR MACHINERY (KUNSHAN) CO., LTD.",荣轮机械（昆山）有限公司,E2,Accessories,零配件馆,E2-0705,official_137
"PIN SHANG JIA BICYCLE (SHENZHEN) APPLIANCE CO., LTD.",品上佳自行车（深圳）有限公司,E2,Accessories,零配件馆,E2-0711,official_138
"SHENZHEN YONG DING HONG SCIENCE AND TECHNOLOGY CO., LTD.",深圳市永鼎宏科技有限公司,E2,Accessories,零配件馆,E2-0716,official_139
"SHENZHEN GINEYEA TECHNOLOGY CO., LTD.",深圳市景晔交通器材有限公司,E2,Accessories,零配件馆,E2-0721,official_140
"XINGTAI YIFENG TECHNOLOGY CO., LTD.",邢台燚烽科技有限公司,E2,Accessories,零配件馆,E2-0729,official_141
"NINGBO LONGHUI BICYCLE CO., LTD.",宁波隆辉车业有限公司,E2,Accessories,零配件馆,E2-0732,official_142
"SHENZHEN YIBOTONG BICYCLE PART CO., LTD.",深圳市益钵通自行车配件有限公司,E2,Accessories,零配件馆,E2-0736,official_143
"SHENZHEN MOTION SPORTS INDUSTRY CO., LTD.",深圳市魔迅体育实业有限公司,E2,Accessories,零配件馆,E2-0742,official_144
"KUNSHAN XERO BICYCLE MATERIAL CO., LTD.",昆山鑫元鸿车料有限公司,E2,Accessories,零配件馆,E2-0745,official_145
"NINGBO SHUNFENG BICYCLE CO., LTD.",宁波晟路车业有限公司（原顺峰）,E2,Accessories,零配件馆,E2-0901,official_146
江苏美乐链条车圈有限公司/江苏华久辐条制造有限公司,江苏美乐链条车圈有限公司/江苏华久辐条制造有限公司,E2,Accessories,零配件馆,E2-0905,official_147
HL CORP (SHENZHEN),深圳信隆健康产业发展股份有限公司,E2,Accessories,零配件馆,E2-0911,official_148
"NINGBO SUNRUN BICYCLE CO., LTD.",宁波日骋车业有限公司,E2,Accessories,零配件馆,"E2-0916, E2-0334",official_149
NECO,江苏志庆精密五金零件有限公司,E2,Accessories,零配件馆,E2-0921,official_150
"CIXI CITY KENLI AXLES CO., LTD.",慈溪市肯力中轴有限公司,E2,Accessories,零配件馆,E2-0926,official_151
SLHBIKE,上海箭羽贸易有限公司,E2,Accessories,零配件馆,E2-0932,official_152
TIANJIN DACHENG WEIYE TECHNOLOGY INC.,天津市大城伟业科技股份有限公司,E2,Accessories,零配件馆,E2-0934,official_153
"FASTACE PRECISION METALS CO., LTD.",中山市法斯特精密五金有限公司,E2,Accessories,零配件馆,E2-0936,official_154
"CIONLLI BICYCLE COMPONENTS CO., LTD.",祥力自行车配件（太仓）有限公司,E2,Accessories,零配件馆,E2-0939,official_155
"SUZHOU FALCON CYCLE-PARTS CO., LTD.",苏州福而康车料有限公司,E2,Accessories,零配件馆,E2-0942,official_156
"YUNGFANG PLASTIC METAL (KUNSHAN) CO., LTD.",永芳塑胶（昆山）有限公司,E2,Accessories,零配件馆,E2-0945,official_157
INTRODUCTION TO QINGDAO CHOHO INDUSTRIAL,青岛征和工业股份有限公司,E2,Accessories,零配件馆,E2-1132,official_158
"CHAGNZHOU ZHEGNLUN BICYCLE TECHNOLOGY CO., LTD.",常州正伦车业科技有限公司,E2,Accessories,零配件馆,E2-1136,official_159
"NINGBO DOUYU PLASTIC CO., LTD.",宁波市大圆塑胶有限公司,E2,Accessories,零配件馆,E2-1142,official_160
"YIWU BUNGO OUTDOOR PRODUCTS CO., LTD.",义乌蹦果户外用品有限公司/慈溪市通利车业有限公司,E2,Accessories,零配件馆,E2-1145,official_161
"CYCLE-BAY INTERNATIONAL CO., LTD.",大甲车业,E2,Accessories,零配件馆,E2-1205,official_162
"HUIZHOU MINGRUI SPORTS EQUIPMENT CO., LTD.",惠州市铭瑞运动器材有限公司,E2,Accessories,零配件馆,E2-1216,official_163
"XIANGYU INDUSTRIAL (TAICANG) CO., LTD.",翔宇实业（太仓）有限公司,E2,Accessories,零配件馆,E2-1218,official_164
"WUXI LASCO PRECISION MACHINE CO., LTD.",无锡莱斯克精密机件有限公司,E2,Accessories,零配件馆,E2-1221,official_165
"TEKTRO (WUXI) TECHNOLOGY CO., LTD.",伟成（无锡）金属有限公司,E2,Accessories,零配件馆,E2-1223,official_166
"NINGBO ZHONGYING BICYCLE PARTS CO., LTD.",宁波钟赢车业有限公司,E2,Accessories,零配件馆,E2-1226,official_167
"NINGBO HAOXING BICYCLE INDUSTRY CO., LTD.",宁波豪星车业有限公司,E2,Accessories,零配件馆,E2-1326,official_168
"TIANJIN ACCURA BICYCLE COMPONENTS CO., LTD.",天津顺泽天自行车零件有限公司（世兴恒）,E2,Accessories,零配件馆,E2-1332,official_169
"GUANGZHOU LEONIS MACHINERY CO., LTD.",广州市银三环机械有限公司,E2,Accessories,零配件馆,E2-1334,official_170
"HANGZHOU MINGYANG BICYCLE CO., LTD.",杭州铭洋车业有限公司,E2,Accessories,零配件馆,E2-1336,official_171
惠州市东鑫源五金制品有限公司,惠州市东鑫源五金制品有限公司,E2,Accessories,零配件馆,E2-1339,official_172
"TIANJIN RUIJIN SPORTS CO., LTD.",天津瑞锦体育用品有限公司,E2,Accessories,零配件馆,E2-1342,official_173
"TIANJIN AIBAIKE BICYCLE CO., LTD.",天津市艾拜克自行车股份有限公司,E2,Accessories,零配件馆,"E2-1345, W5-0915, E3-1640",official_174
"ASSESS PRECISION OPTICAL MACHINERY (JIANGSU) CO., LTD. / ASSESS INDUSTRY CO., LTD.",雅瑟斯精密机械（江苏）有限公司/雅瑟斯工业股份有限公司,E2,Accessories,零配件馆,E2-1346,official_175
"HUIZHOU SHUNMENG TECHNOLOGY CO., LTD.",惠州市顺盟科技有限公司,E2,Accessories,零配件馆,E2-1505,official_176
"SHENZHEN SANYUN TECHNOLOGY CO., LTD.",深圳市三云科技有限公司,E2,Accessories,零配件馆,E2-1508,official_177
"DONGGUAN YENYUE MACHINERY CO., LTD.",东莞元渝机械有限公司,E2,Accessories,零配件馆,E2-1511,official_178
"NOVATECWHEELS (SHEN ZHEN) CO., LTD.",诺飞客全球营销（深圳）有限公司,E2,Accessories,零配件馆,E2-1513,official_179
"SUZHOU DAWEI PRECISION CO., LTD.",苏州达韦精密工业有限公司,E2,Accessories,零配件馆,E2-1516,official_180
"SUNSTART METAL PRODUCTS CO., LTD.",唐山盛斯拓金属制品有限公司,E2,Accessories,零配件馆,E2-1521,official_181
"CIXI CITY SHENGFU BICYCLE INDUSTRY CO., LTD. / NINGBO SHENGJIE BICYCLE CO., LTD.",慈溪市圣福车业有限公司/宁波圣洁车业有限公司,E2,Accessories,零配件馆,E2-1526,official_182
"NANTONG REPUTE BICYCLE PARTS CO., LTD.",南通瑞普特车业有限公司,E2,Accessories,零配件馆,E2-1532,official_183
"NINGBO FENGLAN BICYCLE CO., LTD.",宁波市丰兰车业有限公司,E2,Accessories,零配件馆,E2-1534,official_184
"TIANJIN KASHIMA INDUSTRY BICYCLE CO., LTD.",天津市卡希玛车业有限公司,E2,Accessories,零配件馆,E2-1536,official_185
"BLUESKY (KUNSHAN) PRINTING CO., LTD.",昆山市蓝天印务有限公司,E2,Accessories,零配件馆,E2-1539,official_186
"ZHEJIANG SHANYANG SPORTS EQUIPMENT CO., LTD.",浙江善阳运动器材有限公司,E2,Accessories,零配件馆,E2-1542,official_187
"KUNSHAN HOVERIC SPORTS SCIENCE TECHNOLOGY CO., LTD.",昆山泓瑞凯运动科技有限公司,E2,Accessories,零配件馆,E2-1545,official_188
东莞富厚自行车零件有限公司,东莞富厚自行车零件有限公司,E2,Accessories,零配件馆,E2-1701,official_189
"JIANGYIN CITY JIUAN BICYCLE INDUSTRY CO., LTD.",江阴市久安车业有限公司,E2,Accessories,零配件馆,E2-1705,official_190
"JIUHONG METAL PRODUCTS (DONGGUAN) CO., LTD.",久鸿金属制品（东莞市）有限公司,E2,Accessories,零配件馆,E2-1707,official_191
"FOUNDER LAND PRECISION HARDWARE (DONGGUAN) CO., LTD.",逢联精密五金（东莞）有限公司,E2,Accessories,零配件馆,E2-1709,official_192
"NINGBO ZHEHANG BIKE CO., LTD.",宁波哲航车业有限公司,E2,Accessories,零配件馆,E2-1711,official_193
"TIANJIN JOOD METAL PRODUCTS CO., LTD.",天津钜德成金属制品有限公司,E2,Accessories,零配件馆,E2-1713,official_194
"TSLG (KUNSHAN) CO., LTD.",耐落螺丝（昆山）有限公司,E2,Accessories,零配件馆,E2-1717,official_195
"HANGZHOU XINLU CHAIN GUARD CO., LTD.",杭州鑫鹿链罩有限公司,E2,Accessories,零配件馆,E2-1719,official_196
TAI ZHOU XRD BICYCLE PARTS,泰州市新锐达车业有限公司,E2,Accessories,零配件馆,E2-1721,official_197
XINGTAI BEIFUTE ZIXINGCHE YOUXIANGONGSI,邢台贝浮特自行车有限公司,E2,Accessories,零配件馆,E2-1722,official_198
恒美自行车（天津）有限公司,恒美自行车（天津）有限公司,E2,Accessories,零配件馆,E2-1725,official_199
"ZEIT BICYCLE INDUSTRIAL CO., LTD.",柴特工业有限公司,E2,Accessories,零配件馆,E2-1727,official_200
"NINGBO FINESUN BEARING CO., LTD.",慈溪市合进成轴承有限公司,E2,Accessories,零配件馆,E2-1728,official_201
ALPHA CYCLING,杭州爱赛客科技有限公司,E2,Accessories,零配件馆,E2-1729,official_202
"TIANJIN HAIYUE TECHNOLOGY CO., LTD.",天津海越科技有限公司,E2,Accessories,零配件馆,E2-1731,official_203
"SHANGHAI HUIMEI PLASTIC CO., LTD.",上海汇美塑料制品有限公司,E2,Accessories,零配件馆,E2-1801,official_204
邢台正锋自行车零件有限公司,邢台正锋自行车零件有限公司,E2,Accessories,零配件馆,E2-1803,official_205
"MING SHIJU CO., LTD.",名师车有限公司,E2,Accessories,零配件馆,E2-1805,official_206
"XINGTAI SHENGXIN BICYCLE CO., LTD.",邢台市胜鑫自行车有限公司,E2,Accessories,零配件馆,E2-1806,official_207
天津耀胜运动器材有限公司（天津市武清区东鑫自行车零件厂）,天津耀胜运动器材有限公司（天津市武清区东鑫自行车零件厂）,E2,Accessories,零配件馆,E2-1808,official_208
"SHENZHEN MOZO TECHNOLOGY CO., LTD.",深圳市摩大科技有限公司,E2,Accessories,零配件馆,E2-1811,official_209
"LIDROP TECHNOLOGY (SHENZHEN) CO., LTD.",一丁点科技（深圳）有限公司,E2,Accessories,零配件馆,E2-1813,official_210
"SHENZHEN WEIKAILONG CAR INDUSTRY CO., LTD.",深圳市威凯龙车业有限公司,E2,Accessories,零配件馆,E2-1815,official_211
"JIANGSU SAFORT METAL PRODUCTS CO., LTD.",江苏喜富德金属制品有限公司,E2,Accessories,零配件馆,E2-1817,official_212
"TIANJIN MEGHNA BICYCLE CO., LTD.",天津美格纳自行车有限公司,E3,Accessories,零配件馆,E3-0001,official_213
"HANGZHOU ZHONGXING BICYCLE CO., LTD.",杭州中兴车业有限公司,E3,Accessories,零配件馆,E3-0006,official_214
"WENZHOU LITTLE SQUIRREL HARDWARE CO., LTD.",温州小松鼠五金有限公司,E3,Accessories,零配件馆,E3-0008,official_215
"HEBEI BAISIKE BICYCLE CO., LTD.",河北佰思克车业有限公司,E3,Accessories,零配件馆,E3-0009,official_216
"NINGBO JITENG VEHICLE PARTS CO., LTD.",宁波吉腾车辆配件有限公司,E3,Accessories,零配件馆,E3-0013,official_217
"HANGZHOU ZIFENG BICYCLE CO., LTD.",浙江自凤自行车有限公司,E3,Accessories,零配件馆,E3-0015,official_218
"CIXI KAIYU MANIPULATE CABLE CO., LTD.",慈溪市凯宇操纵索有限公司,E3,Accessories,零配件馆,E3-0017,official_219
"NINGBO BIKEBEARING CO., LTD.",宁波百克轴承有限公司,E3,Accessories,零配件馆,E3-0021,official_220
TJXHD ZIXINGBIKE,天津鑫辉达自行车有限公司,E3,Accessories,零配件馆,E3-0022,official_221
"FOSHAN HONGZUAN SPORTING GOODS CO., LTD.",佛山市鸿钻运动用品有限公司,E3,Accessories,零配件馆,E3-0023,official_222
"CIXI DAFENG BICYCLE CO., LTD.",慈溪大丰车业有限公司,E3,Accessories,零配件馆,"E3-0025, E5-0013",official_223
SINMAT TECHNOLOGY CORP.,南宜国际材料有限公司,E3,Accessories,零配件馆,E3-0029,official_224
QINGDAO ROADUP VEHICLE PARTS,青岛路达普车辆配件有限公司,E3,Accessories,零配件馆,E3-0031,official_225
"NINGBO AOYANG BICYCLE CO., LTD.",宁波奥洋车业有限公司,E3,Accessories,零配件馆,E3-0105,official_226
HENGYANG CHEYE,慈溪市恒阳车业有限公司,E3,Accessories,零配件馆,E3-0109,official_227
"NINGBO ZHIDE BICYCLE INDUSTRY CO., LTD.",宁波智德车业有限公司,E3,Accessories,零配件馆,E3-0112,official_228
"TIANJIN SSEART NEW MATERIAL CO., LTD.",天津盛达新材料有限公司,E3,Accessories,零配件馆,E3-0114,official_229
"JIAXING XIUSHUI CHAINGUARD CO., LTD.",嘉兴市秀水链罩股份有限公司,E3,Accessories,零配件馆,E3-0116,official_230
"TAIZHOU RIXIN BICYCLE INDUSTRY CO., LTD.",台州市日新车业股份有限公司,E3,Accessories,零配件馆,E3-0121,official_231
"TIANJIN XINLAN WEIYE TECHNOLOGY CO., LTD.",天津鑫岚伟业科技有限公司,E3,Accessories,零配件馆,E3-0123,official_232
"CIXI HENGFENG VEHICLE CO., LTD.",慈溪市恒丰车业有限公司,E3,Accessories,零配件馆,E3-0126,official_233
"TIANJIN MOMA TECHNOLOGY CO., LTD.",天津摩犸科技有限公司,E3,Accessories,零配件馆,E3-0129,official_234
"NINGBO QIYING SPORTS EQUIPMENT CO., LTD.",宁波骑鹰运动器材有限公司（原昊爵）,E3,Accessories,零配件馆,E3-0132,official_235
"CIXI JIEYA BICYCLE CO., LTD.",慈溪市捷雅（羚翔）车业有限公司,E3,Accessories,零配件馆,E3-0134,official_236
TRANSART,政伸印刷,E3,Accessories,零配件馆,E3-0137,official_237
"XINGTAI HEHAO BICYCLE CO., LTD.",邢台赫浩自行车有限公司,E3,Accessories,零配件馆,E3-0140,official_238
"FOSHAN YOUYING SPORTS TECHNOLOGY CO., LTD.",佛山市佑盈运动科技有限公司,E3,Accessories,零配件馆,E3-0143,official_239
"DONGGUAN XINKAIMING SPORTS EQUIPMENT CO., LTD.",东莞市鑫凯铭运动器材有限公司,E3,Accessories,零配件馆,E3-0145,official_240
"NINGBO TUNAISI FREEWHEEL CO., LTD.",宁波图耐斯飞轮有限公司,E3,Accessories,零配件馆,E3-0201,official_241
"XINGTAI WEEN CHILDREN TOYS CO., LTD.",邢台薇恩儿童玩具有限公司,E3,Accessories,零配件馆,E3-0240,official_242
XINGTAI YUANXIANG ZIXINGCE YIUXIANGONGS,邢台远翔自行车有限公司,E3,Accessories,零配件馆,E3-0243,official_243
宁波帕菲特车业股份有限公司,宁波帕菲特车业股份有限公司,E3,Accessories,零配件馆,E3-0401,official_244
"JINHUA STARS ALLOY RIMS CO., LTD.",金华市双星铝圈有限公司,E3,Accessories,零配件馆,E3-0405,official_245
"CIXI MIXIER BICYCLE CO., LTD.",慈溪市米歇尔车业有限公司,E3,Accessories,零配件馆,E3-0412,official_246
"NINGBO NEW XINUO BICYCLE CO., LTD.",宁波市新禧诺车业有限公司,E3,Accessories,零配件馆,E3-0414,official_247
"KUNSHAN YILUN INTELLIGENT TECHNOLOGY CO., LTD.",昆山亿轮智能科技有限公司,E3,Accessories,零配件馆,E3-0416,official_248
"NINGBO JINDALAI VEHICLE INDUSTRY CO., LTD.",宁波金达莱车业有限公司,E3,Accessories,零配件馆,E3-0418,official_249
"SUZHOU YIDUO SPORTS TECHNOLOGY CO., LTD. / KUNSHAN ANPENG VEHICLE MATERIAL CO., LTD.",苏州意多运动科技有限公司/昆山安鹏车料有限公司,E3,Accessories,零配件馆,E3-0421,official_250
"CIXI CITY FEILAIER VEHICLE INDUSTRY CO., LTD.",慈溪市菲莱尔车业有限公司,E3,Accessories,零配件馆,E3-0423,official_251
"NINGBO SIMAERS SPORTS EQUIPMENT CO., LTD.",宁波星曼运动器材有限公司,E3,Accessories,零配件馆,E3-0426,official_252
"CIXI MENKIN BICYCLE CO., LTD.",慈溪市猛进车业有限公司,E3,Accessories,零配件馆,E3-0432,official_253
"CANGZHOU TIANDE HAREDWARE MANUFACTURING CO., LTD.",沧州天德五金制造有限公司,E3,Accessories,零配件馆,E3-0434,official_254
"TAIZHOU SHUANGJING BICYCLE CO., LTD.",泰州双井车业有限公司,E3,Accessories,零配件馆,E3-0437,official_255
"XINGTAI YIJIE BICYCLE ACCESSORIES CO., LTD.",邢台益捷自行车配件有限公司,E3,Accessories,零配件馆,E3-0440,official_256
"TIANJIN NICEYIDA SPORT TECH CO., LTD. / TIANJIN HAIZHICHUAN INTERNATIONAL TRADE CO., LTD.",天津美益达运动科技有限公司/天津市海之川国际贸易有限公司,E3,Accessories,零配件馆,E3-0443,official_257
"DONGGUAN MEROCA SPORTS PRODUCTS CO., LTD.",东莞市麦瑞卡运动用品有限公司,E3,Accessories,零配件馆,E3-0445,official_258
"CIXI XINDU VEHICLE INDUSTRY CO., LTD.",慈溪市鑫都车业有限公司,E3,Accessories,零配件馆,E3-0523,official_259
"NINGBO DONGFANG GOLD CHAIN INDUSTRY &amp; TRADE CO., LTD.",宁波市东方金链工贸有限公司,E3,Accessories,零配件馆,E3-0601,official_260
"NINGBO PENK INTELLIGENT TECHNOLOGY CO., LTD.",宁波匹克智能科技有限公司,E3,Accessories,零配件馆,E3-0705,official_261
"JIANGMENSHI WEIYI ALUMINUM CO., LTD.",江门市维艺铝业科技有限公司,E3,Accessories,零配件馆,E3-0712,official_262
"NINGBO YOUSHENG BICYCLE CO., LTD.",宁波优升车业有限公司,E3,Accessories,零配件馆,E3-0716,official_263
"DONGTAI YUEXING TECHNOLOGY CO., LTD.",东台悦行科技有限公司,E3,Accessories,零配件馆,E3-0721,official_264
CIXI KANGYUE BICYCLE,慈溪市康跃车业有限公司,E3,Accessories,零配件馆,E3-0723,official_265
"ZHEJIANG LANXI LANHANG CHAIN DRIVE ACCESSORY CO., LTD.",浙江兰溪兰航链传动配件有限公司,E3,Accessories,零配件馆,E3-0726,official_266
"CIXI KANGDI BICYCLE CO., LTD.",慈溪康迪车业有限公司,E3,Accessories,零配件馆,E3-0732,official_267
"HEBEI YIHUA BICYCLE CO., LTD.",河北亿华自行车有限公司,E3,Accessories,零配件馆,E3-0734,official_268
"SHENZHEN HANHONGXIN PRECISION TECHNOLOGY CO., LTD.",深圳市汉鸿欣精密科技有限公司,E3,Accessories,零配件馆,E3-0737,official_269
"KUNSHAN WANDA METAL PRODUCTS CO., LTD.",昆山市万达金属制品有限公司,E3,Accessories,零配件馆,E3-0740,official_270
"XINGTAI CHENXING AUTOMOBILE CO., LTD.",邢台晨星车业有限责任公司,E3,Accessories,零配件馆,E3-0743,official_271
"HEBEI HONGLI BICYCLE TECHNOLOGY CO., LTD.",河北鸿利自行车科技有限公司,E3,Accessories,零配件馆,E3-0745,official_272
"HAOJIE (HK) CO., LTD.",香港豪杰有限公司,E3,Accessories,零配件馆,E3-0812,official_273
"HANGZHOU BAIKESI BICYCLE CO., LTD.",杭州佰客思自行车有限公司,E3,Accessories,零配件馆,E3-0813,official_274
"SANHEWLETT METAL PRODUCTS (TAISHAN) CO., LTD.",三合利金属制品（台山）有限公司,E3,Accessories,零配件馆,E3-0821,official_275
"TIANJIN ANSHIDA BICYCLE CO., LTD.",天津市凯瑞进出口有限公司（天津格斯克运动器材有限公司）,E3,Accessories,零配件馆,E3-0901,official_276
"LANXI WHEELTOP CYCLE INDUSTRIES CO., LTD.",兰溪轮峰车料有限公司,E3,Accessories,零配件馆,E3-0905,official_277
"NINGBO S.SHINE BICYCLE INDUSTRY CO., LTD.",宁波桑夏车业有限公司,E3,Accessories,零配件馆,E3-0912,official_278
"TAICANG&nbsp;AYA METALWARE CO., LTD.",太仓亿海金属制品有限公司,E3,Accessories,零配件馆,E3-0916,official_279
EVERESTT INTERNATIONAL INDUSTRIES LTD.,南京金宏一工贸有限公司,E3,Accessories,零配件馆,E3-0918,official_280
"NINGBO JOYSUN BICYCLE CO., LTD.",宁波久和车业有限公司,E3,Accessories,零配件馆,E3-0921,official_281
"NINGBO HAISHU MAGNESIUM HAO CAR INDUSTRY CO., LTD.",宁波市海曙镁豪车业有限公司,E3,Accessories,零配件馆,E3-0926,official_282
"HUIZHOU KANGSHENG COMPOSITES TECHNOLOGY CO., LTD.",惠州康晟复合材料科技有限公司,E3,Accessories,零配件馆,E3-0929,official_283
"FOSHAN AIFEIT BICYCLE ACCESSORY CO., LTD.",佛山市艾菲特自行车配件有限公司,E3,Accessories,零配件馆,E3-0932,official_284
"LANXISHI TONGLI ALUMINUM CO., LTD.",兰溪市同力铝业股份有限公司,E3,Accessories,零配件馆,E3-0937,official_285
平乡县超力车业有限公司,平乡县超力车业有限公司,E3,Accessories,零配件馆,E3-0940,official_286
广宗县凯宇车业有限公司,广宗县凯宇车业有限公司,E3,Accessories,零配件馆,E3-0943,official_287
"TIANJIN CHUANGMENG BICYCLE PARTS CO., LTD.",扬州创盟自行车配件有限公司,E3,Accessories,零配件馆,E3-1208,official_288
"SHENZHEN CHENGDA BOND TECHNOLOGY CO., LTD.",深圳市诚达邦德科技有限公司,E3,Accessories,零配件馆,E3-1212,official_289
"HEBEI XINDA BICYCLE CO., LTD.",河北信达车业有限公司,E3,Accessories,零配件馆,E3-1214,official_290
"NINGBO JULONG ENVIRONMENTAL PROTECTION TECHNOLOGY CO., LTD.",宁波聚龙环保科技有限公司,E3,Accessories,零配件馆,E3-1216,official_291
"TIANJIN RABER &amp; PS CO., LTD.",天津市诚煌科技有限公司,E3,Accessories,零配件馆,E3-1218,official_292
"KUNSHAN SUNTORI VEHICLE METAL CO., LTD.",昆山顺得利金属有限公司,E3,Accessories,零配件馆,E3-1221,official_293
CYCLONE PRECISION (TAIZHOU) INC.,泰州凯特机械有限公司,E3,Accessories,零配件馆,E3-1223,official_294
"TIANJIN WANHUA VEHICLE COMPONENTS CO., LTD. / WANHUA BICYCLE PAATS CO., LTD.",天津市万华车料有限公司,E3,Accessories,零配件馆,E3-1226,official_295
"TIANJIN SHENG FANGTAI TECHNOLOGY CO., LTD.",天津盛方泰科技有限公司/天津市连合工贸有限公司,E3,Accessories,零配件馆,E3-1229,official_296
HAISHU YINJIANG BAOLIFENG BICYCLE FITTING FACTORY,宁波市海曙鄞江宝丽丰车辆配件厂,E3,Accessories,零配件馆,E3-1232,official_297
"XINGTAI CITY JIANGHAO BICYCLE PARTS CO., LTD.",邢台市江浩自行车配件有限公司,E3,Accessories,零配件馆,E3-1234,official_298
"XINGTAI HUABEI BICYCLE PARTS CO., LTD.",邢台市华北自行车零件有限公司,E3,Accessories,零配件馆,E3-1237,official_299
"GUANGZONG COUNTY KAIJIN BICYCLE CO., LTD.",广宗县凯进自行车有限公司,E3,Accessories,零配件馆,E3-1240,official_300
平乡县沐泽车业有限公司,平乡县沐泽车业有限公司,E3,Accessories,零配件馆,E3-1243,official_301
"NINGBO YONGXIN BICYCLE CO., LTD.",宁波市勇欣车业有限公司,E3,Accessories,零配件馆,E3-1245,official_302
"TIANJIN VEALEN TECHNOLOGY CO., LTD.",炜仑（天津）科技有限公司,E3,Accessories,零配件馆,E3-1246,official_303
"NINGBO HENLON BICYCLE CO., LTD.",宁波恒隆车业有限公司,E3,Accessories,零配件馆,E3-1301,official_304
"SHENZHEN LANGTE TECHNOLOGY CO., LTD.",深圳市浪特科技有限公司,E3,Accessories,零配件馆,E3-1312,official_305
"TIANJIN BINFEI CHAIN TANGSHAN CO., LTD.",唐山滨飞链条厂,E3,Accessories,零配件馆,E3-1343,official_306
"NINGBO CHENKUN BICYCLE INDUSTRY CO., LTD.",宁波辰坤车业有限公司,E3,Accessories,零配件馆,E3-1345,official_307
TAIZHOU JIAOJIANG JIANGLING PLASTIC MACHINE FACTORY,台州市椒江江凌塑料机械厂,E3,Accessories,零配件馆,E3-1505,official_308
"GAOPIN WHEEL RIM CO., LTD.",唐山市高品轮辋有限公司,E3,Accessories,零配件馆,E3-1508,official_309
"CHUAN WEI INDUSTRIAL CO., LTD.",全维金属制品（昆山）有限公司,E3,Accessories,零配件馆,E3-1512,official_310
"WENLING DOFOHO BICYCLE PARTS CO., LTD.",温岭东方红车料有限公司,E3,Accessories,零配件馆,E3-1516,official_311
"NINGBO QILONG BICYCLE INDUSTRY CO., LTD.",宁波奇龙车业有限公司,E3,Accessories,零配件馆,E3-1518,official_312
"GUANGZONG FEIXIANG BICYCLE CO., LTD.",河北臻华自行车有限公司,E3,Accessories,零配件馆,E3-1521,official_313
"DDK CYCLE (NANTONG) CO., LTD.",永丰铭车料（南通）有限公司,E3,Accessories,零配件馆,E3-1526,official_314
SHANGHAI HAIWEY INTERNATIONAL CORP.,上海重阳国际贸易有限公司,E3,Accessories,零配件馆,E3-1529,official_315
"SHANGHAI FLEXTECH TRANSMISSION TECHNOLOGY CO., LTD.",上海寰钧传动技术有限公司,E3,Accessories,零配件馆,E3-1532,official_316
"XINGTAI YADA VEHICLE INDUSTRY CO., LTD.",邢台亚达车业有限公司,E3,Accessories,零配件馆,E3-1534,official_317
"CHANGZHOU EASYLIFE PRODUCTS CO., LTD.",常州亿来金属制品有限公司,E3,Accessories,零配件馆,E3-1537,official_318
"XIAMEN GAOLAN NEW MATERIALS CO., LTD.",厦门高澜新材料有限公司,E3,Accessories,零配件馆,E3-1540,official_319
"NINGBO LUYICHI SPORTS CO., LTD.",宁波市路易驰体育用品有限公司,E3,Accessories,零配件馆,E3-1543,official_320
YISAI-XINGTAI,邢台市亿赛自行车制造有限公司,E3,Accessories,零配件馆,E3-1545,official_321
"GUANGZONG COUNTY FEIMA BICYCLE CO., LTD.",广宗县飞马车业有限公司,E3,Accessories,零配件馆,E3-1546,official_322
"CIXI ZHONGYA BICYCLE CO., LTD.",慈溪市中亚车业有限公司,E3,Accessories,零配件馆,E3-1605,official_323
"CHANGZHOU CHUNDA BICYCLE INDUSTRY CO., LTD.",常州春达车业有限公司,E3,Accessories,零配件馆,E3-1637,official_324
"TIANJIN HUANMIN METAL PRODUCTS CO., LTD.",天津市华民金属制品有限公司,E3,Accessories,零配件馆,E3-1701,official_325
"KUNSHAN FANGGE PRECISION FORGING CO., LTD.",昆山方歌精密锻造有限公司,E3,Accessories,零配件馆,E3-1705,official_326
SHUNTUO,慈溪市丰太车业有限公司,E3,Accessories,零配件馆,E3-1709,official_327
浙江长盛塑料轴承技术有限公司,浙江长盛塑料轴承技术有限公司,E3,Accessories,零配件馆,E3-1711,official_328
"HEBEI XIANGLAI TRADING CO., LTD.",河北翔来贸易有限公司,E3,Accessories,零配件馆,E3-1712,official_329
XINGTAIJINTE,邢台金特电动自行车有限公司,E3,Accessories,零配件馆,E3-1715,official_330
"XINGTAI SHANGJIE BICYCLE PARTS CO., LTD.",邢台尚捷自行车配件有限公司,E3,Accessories,零配件馆,E3-1717,official_331
"HSIN-TECH (SHENZHEN) CO., LTD.",深圳信碟科技有限公司,E3,Accessories,零配件馆,E3-1720,official_332
"TIANJIN XINANYUAN IMPORT &amp; EXPORT TRADING CO., LTD.",天津欣安元进出口有限公司,E3,Accessories,零配件馆,E3-1723,official_333
"DEVELOPED PLASTIC PRODUCTS FACTORY IN WEN'AN COUNTY, HEBEI PROVINCE",河北省文安县发达塑胶制品厂,E3,Accessories,零配件馆,E3-1725,official_334
"YUNCHI EQUIPMENT TECHNOLOGY (KUNSHAN) CO., LTD.",云驰设备科技（昆山）有限公司,E3,Accessories,零配件馆,E3-1727,official_335
"SHENZHEN CATO OUTDOOR PRODUCTS CO., LTD.",深圳市凯之拓户外用品有限公司,E3,Accessories,零配件馆,E3-1728,official_336
TIANJIN HOT WHEEL TECHNOLOGY,天津羽轮科技有限公司,E3,Accessories,零配件馆,E3-1729,official_337
"SHAOXING SHANGYU CHUANGXIN VECHICLE INDUSTRY CO., LTD.",绍兴上虞创新车业有限公司,E3,Accessories,零配件馆,E3-1730,official_338
"ZHONGSHAN HENGYI SPORTS EQUIPMENT CO., LTD.",中山恒奕体育器材有限公司,E3,Accessories,零配件馆,E3-1731,official_339
"CIXI ZHONGKEN BICYCLE INDUSTRY CO., LTD.",慈溪市中肯车业有限公司,E3,Accessories,零配件馆,E3-1801,official_340
TIANJIN XINGQI BICYCLE PARTS FACTORY,天津兴起自行车零件有限公司,E3,Accessories,零配件馆,E3-1803,official_341
"SHANGHAI KUILAI ENTERPRISE DEVELOPMENT CO., LTD.",上海葵莱企业发展有限公司,E3,Accessories,零配件馆,E3-1804,official_342
GONGZONGXIAN XINWEI ZIXINGCHE PEIJIANCHANG,广宗县鑫伟自行车配件厂,E3,Accessories,零配件馆,E3-1805,official_343
天津冠麒塑胶有限公司,天津冠麒塑胶有限公司,E3,Accessories,零配件馆,E3-1807,official_344
"NINGBO HUAQING BRAKE CO., LTD.",宁波华轻车闸有限公司,E3,Accessories,零配件馆,E3-1811,official_345
"XINPUWANGJIONG VEHICLE PARTS FACTORY, CIXI CITY",慈溪市新浦旺炯车辆配件厂,E3,Accessories,零配件馆,E3-1813,official_346
"NINGBO SHENGZHOU PLASTIC CO., LTD.",宁波晟洲塑胶有限公司,E3,Accessories,零配件馆,E3-1815,official_347
"JINHUA POWER RIM CO., LTD.",金华市帕威尔车圈有限公司,E4,Tires & accessories,轮胎及零配件馆,"E4-0001, E7-1717",official_348
"HEBEI XIEMEI RUBBER PRODUCTS CO., LTD.",河北协美橡胶制品有限公司,E4,Tires & accessories,轮胎及零配件馆,E4-0003,official_349
"TIANJIN BOHAI CHENGCHENG CO., LTD.",天津博海诚成科技有限公司,E4,Tires & accessories,轮胎及零配件馆,E4-0005,official_350
"LIANYUNGANG JIDELONG TRADING CO., LTD.",连云港吉得龙贸易有限公司,E4,Tires & accessories,轮胎及零配件馆,E4-0007,official_351
CHANGZHOU JIANGNAN SPOKE LTD.,常州市江南辐条有限公司,E4,Tires & accessories,轮胎及零配件馆,E4-0009,official_352
"TIANJIN CHANGYU RUBBER PRODUCTS CO., LTD.",天津昌宇橡胶制品有限公司,E4,Tires & accessories,轮胎及零配件馆,E4-0011,official_353
"XINGTAI SHUNKE TRADE CO., LTD.",邢台顺科商贸有限公司,E4,Tires & accessories,轮胎及零配件馆,E4-0013,official_354
"NANTONG XIANGRUI RUBBER PRODUCTS CO., LTD.",南通祥瑞橡塑制品有限公司,E4,Tires & accessories,轮胎及零配件馆,E4-0015,official_355
"GUANGZONG COUNTY LIQIANG BICYCLE PARTS CO., LTD.",广宗县力强自行车零件有限公司,E4,Tires & accessories,轮胎及零配件馆,E4-0017,official_356
PINGXIANGXIAN KEMA ZIXINGCHECHANG,邢台欧信自行车有限公司,E4,Tires & accessories,轮胎及零配件馆,E4-0019,official_357
"GUANGZONG COUNTY QISHENG BICYCLE SADDLE CLAY PLATE CO., LTD.",广宗县旗盛自行车有限公司,E4,Tires & accessories,轮胎及零配件馆,E4-0020,official_358
"JIANGSU DEMEIQI TYRE CO., LTD.",江苏德美祺轮胎有限公司,E4,Tires & accessories,轮胎及零配件馆,E4-0021,official_359
"XIAMEN MOSTSPORT COMPOSITE TECHNOLOGY CO., LTD.",厦门麦胜复材科技有限公司,E4,Tires & accessories,轮胎及零配件馆,E4-0022,official_360
"NANTONG FINECARE HEALTH PRODUCTS CO., LTD.",南通辉宏康复器材有限公司,E4,Tires & accessories,轮胎及零配件馆,E4-0025,official_361
"SHENZHEN FORTY TECHNOLOGY CO., LTD.",深圳市肆零科技有限公司,E4,Tires & accessories,轮胎及零配件馆,E4-0026,official_362
DSI TYRES - SAMSON RUBBER INDUSTRIES (PVT) LTD.,DSI TYRES - SAMSON RUBBER INDUSTRIES (PVT) LTD,E4,Tires & accessories,轮胎及零配件馆,E4-0027,official_363
"FUJIAN XINJU LIGHTWEIGHT COMPOSITE MATERIALS CO., LTD.",福建鑫聚轻质复合材料有限公司,E4,Tires & accessories,轮胎及零配件馆,E4-0029,official_364
QIUXIANJIAMEI,嘉美自行车闸把有限公司,E4,Tires & accessories,轮胎及零配件馆,E4-0030,official_365
"TIANJIN JINJIAN TRADING CO., LTD.",天津市金健昌盛伟业贸易有限公司,E4,Tires & accessories,轮胎及零配件馆,E4-0031,official_366
"HEBEI ZHENGTONG TIRE MANUFACTURING CO., LTD.",河北正通轮胎制造有限公司,E4,Tires & accessories,轮胎及零配件馆,E4-0105,official_367
"AOXIN RUBBER (CHANGZHOU) CO., LTD.",奥新橡胶（常州）有限公司,E4,Tires & accessories,轮胎及零配件馆,E4-0108,official_368
"KUNSHAN TOOPRE OUTDOOR SUPPLIES CO., LTD.",昆山拓派户外用品有限公司/瓦特,E4,Tires & accessories,轮胎及零配件馆,E4-0111,official_369
"SUNSHUAI BICYCLE HEBEI INDUSTRY CO., LTD.",森帅自行车河北有限公司,E4,Tires & accessories,轮胎及零配件馆,E4-0116,official_370
"NANTONG IFENG RUBBER PRODUCT CO., LTD.",南通凤凰橡胶制品有限公司,E4,Tires & accessories,轮胎及零配件馆,E4-0121,official_371
"SHINEMORE SPORTS EQUIPMENT (KUNSHAN) CO., LTD.",昆山亚鑫茂运动器材有限公司,E4,Tires & accessories,轮胎及零配件馆,E4-0123,official_372
"EVER GLORY MACHINERY (KUNSHAN) CO., LTD.",英隆机械（昆山）有限公司,E4,Tires & accessories,轮胎及零配件馆,E4-0126,official_373
CRW,漳州市铠富特复材科技有限公司,E4,Tires & accessories,轮胎及零配件馆,E4-0129,official_374
诺言自行车配件厂,诺言自行车配件厂,E4,Tires & accessories,轮胎及零配件馆,E4-0132,official_375
"HANGZHOU XINXING BICYCLE PARTS CO., LTD.",杭州新兴车料有限公司,E4,Tires & accessories,轮胎及零配件馆,E4-0134,official_376
"SHANGDI (JIAXING) TECHNOLOGY CO., LTD.",尚滴（嘉兴）科技有限公司,E4,Tires & accessories,轮胎及零配件馆,E4-0136,official_377
"XINGTAI CHAOZHENG TIRE CO., LTD.",邢台超正轮胎有限公司,E4,Tires & accessories,轮胎及零配件馆,E4-0139,official_378
"SHENZHEN DIFEN SPORTING EQUIPMENT BIKE CO., LTD.",深圳市鼎丰体育用品有限公司,E4,Tires & accessories,轮胎及零配件馆,E4-0142,official_379
"HANDAN TIENIU BICYCLE ACCESSORIES CO., LTD.",邯郸市铁牛自行车配件有限公司,E4,Tires & accessories,轮胎及零配件馆,E4-0144,official_380
"INNOVA RUBBER (PINGHU) CO., LTD.",蚌埠伊诺华轮胎有限公司,E4,Tires & accessories,轮胎及零配件馆,E4-0201,official_381
"HUIZHOU XINGYOU SPORTS EQUIPMENT CO., LTD.",惠州市兴友运动器材有限公司,E4,Tires & accessories,轮胎及零配件馆,E4-0239,official_382
SHANTOU YEDA PLASTIC PRODUCTS PLANT,汕头烨达塑料制品厂,E4,Tires & accessories,轮胎及零配件馆,E4-0242,official_383
CIXI JINGSHENG PLASTIC COMPANY LTD.,慈溪市精晟塑料制品有限公司,E4,Tires & accessories,轮胎及零配件馆,E4-0243,official_384
"NANTONG HAICHENG SPOKE CO., LTD.",南通海诚辐条有限公司,E4,Tires & accessories,轮胎及零配件馆,E4-0411,official_385
"TANNUS CO., LTD.","TANNUS CO.,LTD",E4,Tires & accessories,轮胎及零配件馆,E4-0413,official_386
"JINDE RUBBER (FUJIAN) CO., LTD.",金德橡胶（福建）有限公司,E4,Tires & accessories,轮胎及零配件馆,E4-0416,official_387
"RUGAO HUATAI RUBBER PRODUCTS CO., LTD.",如皋市华泰轮胎有限公司,E4,Tires & accessories,轮胎及零配件馆,E4-0418,official_388
"HEBEI HONG YANG TIRE CO., LTD.",河北虹阳轮胎有限公司,E4,Tires & accessories,轮胎及零配件馆,E4-0421,official_389
"SHENZHEN HENGLITONG METAL PRODUCTS CO., LTD.",深圳市恒力通金属制品有限公司,E4,Tires & accessories,轮胎及零配件馆,E4-0426,official_390
"LIGHT BICYCLE (XIAMEN) TECHNOLOGY CO., LTD.",厦门乐摆定制科技有限公司,E4,Tires & accessories,轮胎及零配件馆,E4-0429,official_391
厦门凯世迈复材科技有限公司,厦门凯世迈复材科技有限公司,E4,Tires & accessories,轮胎及零配件馆,E4-0432,official_392
"NINGBO CHISMAN BICYCLE CO., LTD.",宁波驰鸣车业有限公司,E4,Tires & accessories,轮胎及零配件馆,E4-0434,official_393
"KUNSHAN YUNCAN ELECTRONIC TECHNOLOGY CO., LTD.",昆山昀灿电子科技有限公司,E4,Tires & accessories,轮胎及零配件馆,E4-0436,official_394
PINGXIANG COUNTY XULIN PARTS FACTORY,平乡县栩霖配件厂,E4,Tires & accessories,轮胎及零配件馆,E4-0439,official_395
"FOSHAN OWENLAN PRECISION TECHNOLOGY CO., LTD.",佛山市中鑫奥联精密科技有限公司,E4,Tires & accessories,轮胎及零配件馆,E4-0442,official_396
"JIANGSU RISINGSUN TECHNOLOGY CO., LTD.",江苏江昕科技股份有限公司,E4,Tires & accessories,轮胎及零配件馆,E4-0501,official_397
"ZHONGCE RUBBER GROUP CO., LTD.",中策橡胶集团股份有限公司,E4,Tires & accessories,轮胎及零配件馆,"E4-0505, W1-0518",official_398
"XIAMEN H-WORKS TECHNOLOGY CO., LTD.",厦门毂声科技有限公司,E4,Tires & accessories,轮胎及零配件馆,E4-0532,official_399
NO6 WORKS PTE LTD.,No6 Works Pte Ltd,E4,Tires & accessories,轮胎及零配件馆,E4-0534,official_400
"CHANGZHOU HANNUO BICYCLE RIMS CO., LTD.",常州汉诺车圈有限公司,E4,Tires & accessories,轮胎及零配件馆,E4-0539,official_401
"NINGBO HUACHI CYCLE CO., LTD.",宁波华驰车业有限公司,E4,Tires & accessories,轮胎及零配件馆,E4-0542,official_402
KAIYU,凯宇自行车配件,E4,Tires & accessories,轮胎及零配件馆,E4-0544,official_403
"HANGZHOU YICHANG TECHNOLOGY CO., LTD.",杭州钰蝉科技有限公司,E4,Tires & accessories,轮胎及零配件馆,E4-0545,official_404
河南启升精锻科技有限公司（天津市卜升金属）,河南启升精锻科技有限公司（天津市卜升金属）,E4,Tires & accessories,轮胎及零配件馆,E4-0711,official_405
"GUANGZHOU FEIXUAN RUBBER CO., LTD.",广州飞旋橡胶有限公司,E4,Tires & accessories,轮胎及零配件馆,E4-0716,official_406
"HEBEI LUYING RUBBER MANUFACTORY CO., LTD.",河北路盈橡胶制品有限公司,E4,Tires & accessories,轮胎及零配件馆,E4-0718,official_407
"SHANDONG JILUER TYRE CO., LTD.",山东吉路尔轮胎有限公司,E4,Tires & accessories,轮胎及零配件馆,E4-0721,official_408
"XINGTAI JIANLI AUTOMOBILE INDUSTRY CO., LTD.",邢台市健力车业有限公司,E4,Tires & accessories,轮胎及零配件馆,E4-0726,official_409
"XINGTAI GANGJIE BICYCLE CO., LTD.",邢台港捷自行车有限公司,E4,Tires & accessories,轮胎及零配件馆,E4-0732,official_410
"JIAXING TIGGO CAR SEATS CO., LTD.",嘉兴途观汽车安全座椅有限公司,E4,Tires & accessories,轮胎及零配件馆,E4-0734,official_411
"JOVIAL BIKE COMPONENTS (CHANGSHU) CO., LTD.",巨驰自行车配件（常熟）有限公司,E4,Tires & accessories,轮胎及零配件馆,E4-0736,official_412
"ZHELIANG DIMA RUBBER CO., LTD.",浙江迪马橡胶有限公司,E4,Tires & accessories,轮胎及零配件馆,E4-0739,official_413
"TIANJIN FUCHUANFENGCHENG INTERNATIONAL TRADING CO., LTD.",天津福川丰程国际贸易有限公司,E4,Tires & accessories,轮胎及零配件馆,E4-0742,official_414
昆山宏博交通器材有限公司,昆山宏博交通器材有限公司,E4,Tires & accessories,轮胎及零配件馆,E4-0744,official_415
"RICHER (TIANJIN) SPORTS EQUIPMENT CO., LTD.",睿驰（天津）运动器材有限公司,E4,Tires & accessories,轮胎及零配件馆,E4-0842,official_416
"HUNAN SUAO TECHNOLOGY CO., LTD.",湖南速奥科技有限公司,E4,Tires & accessories,轮胎及零配件馆,E4-0844,official_417
"JIANGSU YISHENG SPORTS EQUIPMENT CO., LTD.",江苏益晟运动器材有限公司,E4,Tires & accessories,轮胎及零配件馆,E4-0901,official_418
"TIANJIN WANDA TYRE GROUP CO., LTD.",天津市万达轮胎集团有限公司,E4,Tires & accessories,轮胎及零配件馆,E4-0905,official_419
"SIBOGE BICYCLE COMPONENT (TAICANG) CO., LTD.",斯柏格车料（太仓）有限公司,E4,Tires & accessories,轮胎及零配件馆,E4-0911,official_420
"HANGZHOU SINUOMAN RIMS CO., LTD.",杭州斯诺曼车圈有限公司,E4,Tires & accessories,轮胎及零配件馆,E4-0913,official_421
"WUXI THINKRIDER TECHNOLOGY CO., LTD.",无锡芯科来德科技有限公司,E4,Tires & accessories,轮胎及零配件馆,E4-0916,official_422
"HEBEI YONGNAI VEHICLE CO., LTD.",河北永耐车业有限公司,E4,Tires & accessories,轮胎及零配件馆,E4-0918,official_423
NANTONG SUN CHASE RUBBER PRODUCTS,南通顺驰橡胶制品有限公司,E4,Tires & accessories,轮胎及零配件馆,E4-0921,official_424
"TAICANG XIANGYUE SPORTS EQUIPMENT CO., LTD.",太仓市祥跃运动器材有限公司,E4,Tires & accessories,轮胎及零配件馆,E4-0926,official_425
UP-VINE,杭州静藤自行车有限公司,E4,Tires & accessories,轮胎及零配件馆,E4-0932,official_426
SHANGHAI INOAC CORPORATION,上海井上贸易有限公司,E4,Tires & accessories,轮胎及零配件馆,E4-0934,official_427
"HEBEI KAILAI VEHICLE INDUSTRY CO., LTD.",河北凯莱车业有限公司,E4,Tires & accessories,轮胎及零配件馆,E4-0936,official_428
"DONGGUAN FEIHONG INSTRUMENT AND EQUIPMENT CO., LTD.",东莞飞弘仪器设备有限公司,E4,Tires & accessories,轮胎及零配件馆,E4-0939,official_429
"XIAMEN TIMETEC IMPORT AND EXPORT CO., LTD.",厦门帝睦克进出口有限公司,E4,Tires & accessories,轮胎及零配件馆,E4-0942,official_430
杭州猎速运动科技有限公司,杭州猎速运动科技有限公司,E4,Tires & accessories,轮胎及零配件馆,E4-0944,official_431
"WUXI XITANG RIMS CO., LTD.",无锡西塘车圈有限公司,E4,Tires & accessories,轮胎及零配件馆,E4-0945,official_432
"XINGTAI YANGZHOU BICYCLE PARTS CO., LTD.",邢台市洋洲自行车零件有限公司,E4,Tires & accessories,轮胎及零配件馆,E4-1036,official_433
"XIAMEN TANDELL COMPOSITES TECHNOLOGY CO., LTD.",厦门腾达尔复材科技有限公司,E4,Tires & accessories,轮胎及零配件馆,E4-1042,official_434
"NINGBO HENGSHANG ELECTRIC TECHNOLOGY CO., LTD.",宁波恒尚电子科技有限公司,E4,Tires & accessories,轮胎及零配件馆,E4-1044,official_435
"XIAMEN LFT COMPOSITE PLASTIC CO., LTD.",长纤（厦门）新材料科技有限公司,E4,Tires & accessories,轮胎及零配件馆,E4-1045,official_436
"KENDA RUBBER (CHINA) CO., LTD.",建大橡胶（中国）有限公司,E4,Tires & accessories,轮胎及零配件馆,E4-1201,official_437
"TIANJIN SHIDA INTERNATIONAL TRADE CO., LTD.",山西中天麒麟科技有限公司,E4,Tires & accessories,轮胎及零配件馆,E4-1221,official_438
"HEBEI IKIA INDUSTRY &amp; TRADE CO., LTD. / HEBEI TANDA CYCLES CO., LTD. / SHENZHEN HONGYUN TECH CO., LTD.",河北艺佳工贸有限公司/河北坦达车业有限公司/深圳鸿筠科技有限公司,E4,Tires & accessories,轮胎及零配件馆,E4-1226,official_439
"SHENZHEN BEST BICYCLE CO., LTD.",深圳市百思特车业有限公司,E4,Tires & accessories,轮胎及零配件馆,E4-1229,official_440
"KUNSHAN KAIFU INTELLIGENT TECHINOLOGY CO., LTD.",昆山开富智能科技有限公司,E4,Tires & accessories,轮胎及零配件馆,E4-1232,official_441
"GUANGZHOU NEDONG INFORMATION TECHNOLOGY CO., LTD.",广州市耐动信息科技有限公司,E4,Tires & accessories,轮胎及零配件馆,E4-1234,official_442
"HEBEI YIYANG BICYCLE CO., LTD.",河北怡洋自行车有限公司,E4,Tires & accessories,轮胎及零配件馆,E4-1236,official_443
"DONGGUAN HAOPAI INTELLIGENT TECHNOLOGY CO., LTD.",东莞市豪派智能科技有限公司,E4,Tires & accessories,轮胎及零配件馆,E4-1239,official_444
KANGDE,广宗县康德车业有限公司,E4,Tires & accessories,轮胎及零配件馆,E4-1242,official_445
"GANZHOU BOTTLE CAGE BICYCLE CO., LTD.",赣州水壶架自行车有限公司,E4,Tires & accessories,轮胎及零配件馆,E4-1244,official_446
"EIE (XIAMEN) BICYCLE CO., LTD.",翼而毅（厦门）自行车有限公司,E4,Tires & accessories,轮胎及零配件馆,E4-1245,official_447
"HEBEI HONGSIDA BICYCLE INDUSTRY CO., LTD.",河北红思达车业有限公司,E4,Tires & accessories,轮胎及零配件馆,E4-1311,official_448
"HANGZHOU MUTUAL IMPORT &amp; EXPORT CO., LTD.",浙江西陵汽车零部件制造有限公司（杭州明特进出口有限公司）,E4,Tires & accessories,轮胎及零配件馆,E4-1313,official_449
"TRUEEAST ENTERPRISE CO., LTD.",泉州依贝克包袋有限公司,E4,Tires & accessories,轮胎及零配件馆,E4-1316,official_450
"KUNSHAN BRISKY TRADING CO., LTD.",昆山贝思奇商贸有限公司,E4,Tires & accessories,轮胎及零配件馆,E4-1318,official_451
"DUKEDI TIRE (TIANJIN) CO., LTD.",杜可迪轮胎（天津）有限公司,E4,Tires & accessories,轮胎及零配件馆,E4-1336,official_452
"CARBON (XIAMEN) NEW MATERIALS CO., LTD.",碳元素（厦门）新材料有限公司,E4,Tires & accessories,轮胎及零配件馆,E4-1338,official_453
"HEBEI AOXIN BICYCLE MANUFACTURING CO., LTD.",河北奥鑫自行车制造有限公司,E4,Tires & accessories,轮胎及零配件馆,E4-1339,official_454
"ZHONGSHAN MICHEL CHEMICAL CO., LTD.",中山市迈克化工有限公司,E4,Tires & accessories,轮胎及零配件馆,E4-1342,official_455
"TAI'AN ZHONGHE STEEL BALL CO., LTD.",泰安中核钢球有限公司,E4,Tires & accessories,轮胎及零配件馆,E4-1344,official_456
"YUNCLEVER NETWORK TECHNOLOGY CO., LTD.",厦门云聪网络科技有限公司,E4,Tires & accessories,轮胎及零配件馆,E4-1345,official_457
"DUKADI TIRE (HEBEI) CO., LTD.",杜卡迪轮胎（河北）有限公司,E4,Tires & accessories,轮胎及零配件馆,E4-1505,official_458
"FOSHAN MAGOOD BICYCLE PARTS CO., LTD.",佛山镁利好自行车配件有限公司,E4,Tires & accessories,轮胎及零配件馆,E4-1511,official_459
"TIANJIN FASTRON TECHNOLOGY CO., LTD.",天津市富士成科技有限公司,E4,Tires & accessories,轮胎及零配件馆,E4-1516,official_460
"TIANJIN DATONG WEIYE SCIENCE AND TECHNOLOGY DEVELOPMENT CO., LTD.",天津大通伟业科技发展有限公司,E4,Tires & accessories,轮胎及零配件馆,E4-1518,official_461
"XINGTAI GUAN LING BICYCLE CO., LTD.",冠羚车业有限公司,E4,Tires & accessories,轮胎及零配件馆,E4-1521,official_462
"AK TECH CO., LTD. (UNO CHINA)",金皇铝科技（惠州）有限公司,E4,Tires & accessories,轮胎及零配件馆,E4-1526,official_463
河北环森车业有限公司,河北环森车业有限公司,E4,Tires & accessories,轮胎及零配件馆,E4-1532,official_464
"BEIJING XUANCHENG NEW ENERGY TECHNOLOGY CO., LTD.",北京炫程新能源科技有限公司,E4,Tires & accessories,轮胎及零配件馆,E4-1534,official_465
平乡县平征橡胶工业有限公司,平乡县平征橡胶工业有限公司,E4,Tires & accessories,轮胎及零配件馆,E4-1536,official_466
SHAOXING SHANGYU SONGXIA SHUANGLONG BICYCLE PARTS FACTROY,绍兴市上虞崧厦双龙自行车配件厂,E4,Tires & accessories,轮胎及零配件馆,E4-1538,official_467
QUZHOU MINHAO,曲周县铭豪电动车配件有限公司,E4,Tires & accessories,轮胎及零配件馆,E4-1539,official_468
"NANAN TESHUN SPORTING GOODS CO., LTD.",南安特顺体育用品有限公司,E4,Tires & accessories,轮胎及零配件馆,E4-1542,official_469
泉州市舒骐体育用品有限公司,泉州市舒骐体育用品有限公司,E4,Tires & accessories,轮胎及零配件馆,E4-1544,official_470
WUHAN KIVI RUBBER &amp; PLASTIC,武汉开维橡塑有限公司,E4,Tires & accessories,轮胎及零配件馆,E4-1545,official_471
"HENGSHUI KAIYUE TECHNOLOGY CO., LTD.",衡水凯跃科技有限公司,E4,Tires & accessories,轮胎及零配件馆,E4-1638,official_472
HEBEI DUODA SULIAO YOUXIANGONGSI,河北多达塑料制品有限公司,E4,Tires & accessories,轮胎及零配件馆,E4-1639,official_473
"HANGZHOU VICTOR FRICTION MATERIAL CO., LTD.",杭州维克特摩擦材料有限公司,E4,Tires & accessories,轮胎及零配件馆,E4-1642,official_474
宁波和沃科技有限公司,宁波和沃科技有限公司,E4,Tires & accessories,轮胎及零配件馆,E4-1643,official_475
"DONGGUAN CITY XIFU HARDWARE TECHNOLOGY CO., LTD.",东莞市鑫富五金科技有限公司,E4,Tires & accessories,轮胎及零配件馆,E4-1644,official_476
"HEBEI GAOSHIBANG INTELLIGENT TECHNOLOGY CO., LTD.",河北高士邦智能科技有限公司,E4,Tires & accessories,轮胎及零配件馆,E4-1645,official_477
"WUXI ONLYRIM CO., LTD.",无锡奥利车圈有限公司,E4,Tires & accessories,轮胎及零配件馆,E4-1701,official_478
"WUXI SIGMA METAL PRODUCTS CO., LTD.",无锡西格玛金属制品有限公司,E4,Tires & accessories,轮胎及零配件馆,E4-1703,official_479
"SAFETY REFLECTIVE CO., LTD.",上海承粒国际贸易有限公司,E4,Tires & accessories,轮胎及零配件馆,E4-1704,official_480
"JIASHAN MARGINAL BEARING CO., LTD.",嘉善边际轴承有限公司,E4,Tires & accessories,轮胎及零配件馆,E4-1705,official_481
XING TAI BEI AO SUO JU YOU XIAN GONG SI,邢台北翱锁具有限公司,E4,Tires & accessories,轮胎及零配件馆,E4-1706,official_482
"JINHUA SAMSON RIMS CO., LTD.",金华三胜车圈有限公司,E4,Tires & accessories,轮胎及零配件馆,E4-1707,official_483
"HUAIAN IOMEGA IMPORT AND EXPORT TRADE DEVELOPMENT CO., LTD.",淮安市艾米加进出口贸易发展有限公司,E4,Tires & accessories,轮胎及零配件馆,E4-1709,official_484
"JIANGXI JUYUAN RUBBER CO., LTD.",江西聚源橡胶有限公司,E4,Tires & accessories,轮胎及零配件馆,E4-1711,official_485
"ALEADER (LONGYAN) NEW MATERIAL CO., LTD.",龙岩市领昕新材料有限公司,E4,Tires & accessories,轮胎及零配件馆,E4-1712,official_486
河北鹏赋纺织科技股份有限公司,河北鹏赋纺织科技股份有限公司,E4,Tires & accessories,轮胎及零配件馆,E4-1713,official_487
XINYOUPENG,天津市鑫友鹏塑胶制品有限公司,E4,Tires & accessories,轮胎及零配件馆,E4-1714,official_488
"XIAMEN GO ZONE COMPOSITE MATERIALS TECH. CO., LTD.",厦门格纵复材科技有限公司,E4,Tires & accessories,轮胎及零配件馆,E4-1715,official_489
"HAIMEN KYOWA RUBBER &amp; PLASTIC PRODUCTS CO., LTD.",海门市协和车辆配件有限公司,E4,Tires & accessories,轮胎及零配件馆,E4-1717,official_490
PINGXIANG HAONIU FREEWHEEL FACTORY,平乡县浩牛飞轮厂,E4,Tires & accessories,轮胎及零配件馆,E4-1719,official_491
"CHANGSHU JINBIAO TIRE VALVES CO., LTD.",常熟市金标气门咀有限公司,E4,Tires & accessories,轮胎及零配件馆,E4-1720,official_492
PINGXIANG COUNTY PENGPENGLE BICYCLE PARTS FACTORY,平乡县鹏鹏乐自行车配件厂,E4,Tires & accessories,轮胎及零配件馆,E4-1721,official_493
泰兴市双轮淮河车辆配件有限公司,泰兴市双轮淮河车辆配件有限公司,E4,Tires & accessories,轮胎及零配件馆,E4-1723,official_494
"ZHANGJIAGANG EAST OCEAN TECHNICAL FABRIC CO., LTD.",张家港市东海工业用布有限公司,E4,Tires & accessories,轮胎及零配件馆,E4-1724,official_495
"SHENZHEN YUANDA SPORTS EQUIPMENT CO., LTD.",深圳市远大运动器材有限公司,E4,Tires & accessories,轮胎及零配件馆,E4-1725,official_496
山东巡山新材料科技有限公司,山东巡山新材料科技有限公司,E4,Tires & accessories,轮胎及零配件馆,E4-1726,official_497
淮安亚联精密机械有限公司,淮安亚联精密机械有限公司,E4,Tires & accessories,轮胎及零配件馆,E4-1727,official_498
MG,泰州市夕菲自行车配件厂,E4,Tires & accessories,轮胎及零配件馆,E4-1728,official_499
广州市荣舟科技有限公司,广州市荣舟科技有限公司,E4,Tires & accessories,轮胎及零配件馆,E4-1729,official_500
"HEBEI LANGTENG BICYCLE CO., LTD.",河北浪腾车业有限公司,E4,Tires & accessories,轮胎及零配件馆,E4-1730,official_501
"CIXI SHENGXIANG PHOTOELECTRIC TECHNOLOGY CO., LTD.",慈溪市盛翔光电科技有限公司,E4,Tires & accessories,轮胎及零配件馆,E4-1732,official_502
"ZHONGSHAN JIEANDA SPORTS EQUIPMENT CO., LTD.",中山捷安达运动器材有限公司,E4,Tires & accessories,轮胎及零配件馆,E4-1801,official_503
"NANJING 100G SMART TECH CO., LTD.",南京壹佰克智能科技有限公司,E4,Tires & accessories,轮胎及零配件馆,E4-1803,official_504
CHAOWU LOCK FACTORY,曲周县超武制锁厂,E4,Tires & accessories,轮胎及零配件馆,E4-1804,official_505
"JIANGYIN HUAXING BICYCLE PARTS CO., LTD.",江阴市华星车料有限公司,E4,Tires & accessories,轮胎及零配件馆,E4-1805,official_506
"XINGTAI MEISONG PLASTIC TECHNOLOGY CO., LTD.",邢台市美松塑胶科技有限公司,E4,Tires & accessories,轮胎及零配件馆,E4-1806,official_507
"JIANGXI HUAYI RUBBER CO., LTD.",江西华谊橡胶有限公司,E4,Tires & accessories,轮胎及零配件馆,E4-1809,official_508
"ZHONG HONG INDUSTRIAL CO., LTD.",中宏（天津）实业有限公司,E4,Tires & accessories,轮胎及零配件馆,E4-1811,official_509
SSQUARE ENTERPRISES,SSQUARE ENTERPRISES,E4,Tires & accessories,轮胎及零配件馆,E4-1812,official_510
"NINGBO LONGSHENG BICYCLE CO., LTD.",宁波隆晟车业有限公司,E4,Tires & accessories,轮胎及零配件馆,E4-1813,official_511
"HANGZHOU YONGLI FRICTION MATERIAL CO., LTD.",杭州永利摩擦材料有限公司,E4,Tires & accessories,轮胎及零配件馆,E4-1815,official_512
"CHANGZHOU SCIWIL ELECTRONICS HOLDING CO., LTD.",常州新思维电子股份有限公司,E5,E-bikes accessories,电动车零配件馆,E5-0001,official_513
"TAICANG YUEBO ELECTRIC TECHNOLOGY CO., LTD.",太仓市悦博电动科技有限公司,E5,E-bikes accessories,电动车零配件馆,E5-0005,official_514
永康慧步工贸有限公司,永康慧步工贸有限公司,E5,E-bikes accessories,电动车零配件馆,E5-0007,official_515
"TIANJIN GUSAM GEMS OUTDOOR PRODUCTS CO., LTD.",天津沽上万宝户外用品有限公司,E5,E-bikes accessories,电动车零配件馆,E5-0009,official_516
昆山深裕泽电子有限公司,昆山深裕泽电子有限公司,E5,E-bikes accessories,电动车零配件馆,E5-0010,official_517
"XINGTAI SHANG LEI TECHONLOGY CO., LTD.",邢台尚磊科技有限公司,E5,E-bikes accessories,电动车零配件馆,E5-0011,official_518
"CHANGZHOU KEVAR PLASTICS CO., LTD.",常州新区凯华塑料有限公司,E5,E-bikes accessories,电动车零配件馆,E5-0015,official_519
"TIANJIN SEE HIGH INTERNATIONAL TRADE CO., LTD.",天津慈海国际贸易有限公司,E5,E-bikes accessories,电动车零配件馆,E5-0017,official_520
"CHANGZHOU DINGSEN TRANSMISSION TECHNOLOGY CO., LTD.",常州鼎森传动科技有限公司,E5,E-bikes accessories,电动车零配件馆,E5-0020,official_521
邢台晶昌车业有限公司,邢台晶昌车业有限公司,E5,E-bikes accessories,电动车零配件馆,E5-0021,official_522
"XUZHOU LANGCHI ELECTRONIC TECHNOLOGY CO., LTD.",徐州朗驰电子科技有限公司,E5,E-bikes accessories,电动车零配件馆,E5-0022,official_523
"SUZHOU KUNTENG ELECTRONICS CO., LTD.",苏州市昆腾电子有限公司,E5,E-bikes accessories,电动车零配件馆,E5-0023,official_524
"DB MOVING LIGHTING CO., LTD.",东莞市豆贝移动照明有限公司,E5,E-bikes accessories,电动车零配件馆,E5-0025,official_525
"LINYIXINGTAI LOCK INDUSTRY CO., LTD.",临沂兴泰锁业有限公司,E5,E-bikes accessories,电动车零配件馆,E5-0027,official_526
"NANCHANG LVBU IMPORT AND EXPORT CO., LTD.",南昌吕布进出口有限公司,E5,E-bikes accessories,电动车零配件馆,E5-0029,official_527
LGC ENTERPRISE LTD.,缙云县刀浪车业有限公司,E5,E-bikes accessories,电动车零配件馆,E5-0031,official_528
"TIANJIN YUEHAITONG BICYCLE CO., LTD.",天津跃海通自行车有限公司,E5,E-bikes accessories,电动车零配件馆,E5-0105,official_529
大川电机科技（江苏）有限公司,大川电机科技（江苏）有限公司,E5,E-bikes accessories,电动车零配件馆,E5-0111,official_530
"TIANJIN KDS TECHNOLOGY CO., LTD.",凯迪斯科技（天津）有限公司,E5,E-bikes accessories,电动车零配件馆,E5-0114,official_531
"APT (TIANJIN) DEVELOPMENT CO., LTD.",安普达（天津）科技股份有限公司,E5,E-bikes accessories,电动车零配件馆,E5-0116,official_532
"GUANGDONG LOFANDI INTELLIGENT TECHNOLOGY CO., LTD.",广东洛梵狄智能科技有限公司,E5,E-bikes accessories,电动车零配件馆,E5-0121,official_533
"SUZHOU CUSMADE ELECTRONIC TECHNOLOGY CO., LTD.",苏州卡斯迈德电子科技有限公司,E5,E-bikes accessories,电动车零配件馆,E5-0126,official_534
"KUNSHAN JULET ELECTRONIC CO., LTD.",昆山君磊电器有限公司,E5,E-bikes accessories,电动车零配件馆,E5-0132,official_535
"SHENZHEN DIGITECH CO., LTD.",深圳市迪太科技有限公司,E5,E-bikes accessories,电动车零配件馆,E5-0137,official_536
苏州探索行动科技有限公司,苏州探索行动科技有限公司,E5,E-bikes accessories,电动车零配件馆,E5-0140,official_537
"TIANJIN UKRIVER SCIENCE AND TECHNOLOGY CO., LTD.",天津英河科技有限公司,E5,E-bikes accessories,电动车零配件馆,E5-0143,official_538
"JINHUA HENGCHUANG NEW ENERGY CO., LTD.",金华市恒创新能源有限公司,E5,E-bikes accessories,电动车零配件馆,E5-0145,official_539
"SHENZHEN TOPBAND CO., LTD.",深圳拓邦股份有限公司,E5,E-bikes accessories,电动车零配件馆,E5-0201,official_540
IRON ORE COMPANY LIMITED,铁兴有限公司,E5,E-bikes accessories,电动车零配件馆,E5-0426,official_541
先勒动力控制技术（上海）有限公司,先勒动力控制技术（上海）有限公司,E5,E-bikes accessories,电动车零配件馆,E5-0429,official_542
"ZHEJIANG BLUEPOINT POWER CO., LTD.",浙江蓝点动力有限公司,E5,E-bikes accessories,电动车零配件馆,E5-0432,official_543
"KUNSHAN BESTTEND LIGHT ALLOY TECHNOLOGY CO., LTD.",昆山市贝田轻合金科技有限公司,E5,E-bikes accessories,电动车零配件馆,E5-0437,official_544
"SUZHOU PANARACER TRADING CO., LTD.",苏州帕纳雷萨商贸有限公司,E5,E-bikes accessories,电动车零配件馆,E5-0440,official_545
"KUNSHAN LANGDESEN TECHNOLOGY CO., LTD.",昆山朗德森机电科技有限公司,E5,E-bikes accessories,电动车零配件馆,E5-0443,official_546
宁波海业电子科技有限公司,宁波海业电子科技有限公司,E5,E-bikes accessories,电动车零配件馆,E5-0445,official_547
"BAFANG ELECTRIC (SUZHOU) CO., LTD.",八方电气（苏州）股份有限公司,E5,E-bikes accessories,电动车零配件馆,E5-0505,official_548
"SHENZHEN OMNI INTELLIGENT TECHNOLOGY CO., LTD.",深圳欧米智能科技有限公司,E5,E-bikes accessories,电动车零配件馆,E5-0508,official_549
"SUZHOU WANJIA ELECTRIC CO., LTD.",苏州万佳电器有限公司,E5,E-bikes accessories,电动车零配件馆,E5-0511,official_550
"JINHUA QIDIAN VEHICLE CO., LTD.",金华骑点车业有限公司,E5,E-bikes accessories,电动车零配件馆,E5-0516,official_551
"CHANGZHOU JIABO MACHINERY MANUFACTURING CO., LTD.",常州市佳博机械制造有限公司,E5,E-bikes accessories,电动车零配件馆,E5-0521,official_552
宁波市鄞州恒泰机电有限公司,宁波市鄞州恒泰机电有限公司,E5,E-bikes accessories,电动车零配件馆,E5-0601,official_553
"KUNSHAN SHUOYIRUI INTELLIGENT TECHNOLOGY CO., LTD.",昆山硕意瑞智能科技有限公司,E5,E-bikes accessories,电动车零配件馆,E5-0726,official_554
"KING- METER TECHNOLOGY CO., LTD.",天津金米特科技股份有限公司,E5,E-bikes accessories,电动车零配件馆,E5-0732,official_555
OLI EBIKE SYSTEMS SRL,浙江欧力驱动系统有限公司,E5,E-bikes accessories,电动车零配件馆,E5-0737,official_556
KCLAMBER ELECTRIC TECHNOLOGY CORP.,苏州摩腾电子科技有限公司,E5,E-bikes accessories,电动车零配件馆,E5-0740,official_557
"SHENZHEN ATNEN TECHNOLOGY CO., LTD.",深圳市艾特能科技有限公司,E5,E-bikes accessories,电动车零配件馆,E5-0743,official_558
"TIANJIN D &amp; R ELECTRONIC TECHNOLOGY CO., LTD.",天津东嘉荣电子科技有限公司,E5,E-bikes accessories,电动车零配件馆,E5-0745,official_559
"ANANDA DRIVE TECHNIQUES (SHANGHAI) CO., LTD.",安乃达驱动技术（上海）股份有限公司,E5,E-bikes accessories,电动车零配件馆,E5-0901,official_560
"JIANDE WUXING BICYCLE CO., LTD.",建德市五星车业有限公司,E5,E-bikes accessories,电动车零配件馆,E5-0905,official_561
"HIGO TECHNOLOGY (SUZHOU) CO., LTD.",海固科技（苏州）有限公司,E5,E-bikes accessories,电动车零配件馆,E5-0911,official_562
"SUZHOU SHENGYI MOTOR CO., LTD.",苏州盛亿电机有限公司,E5,E-bikes accessories,电动车零配件馆,E5-0913,official_563
"JOYCUBE BATTERY CO., LTD.",星久科能源（苏州）有限公司,E5,E-bikes accessories,电动车零配件馆,E5-0916,official_564
"GUANGDONG GREENWAY TECHNOLOGY CO., LTD.",广东博力威科技股份有限公司,E5,E-bikes accessories,电动车零配件馆,E5-0921,official_565
"QINHUANGDAO XINCHI PHOTOELECTRICITY TECHNOLOGY CO., LTD.",秦皇岛市芯驰光电科技有限公司,E5,E-bikes accessories,电动车零配件馆,E5-0926,official_566
"SUZHOU XIONGDA ELECTRIC MACHINE CO., LTD.",苏州雄大电机有限公司,E5,E-bikes accessories,电动车零配件馆,E5-0932,official_567
"SUZHOU XIONGFENG MOTOR CO., LTD.",苏州雄风电机有限公司,E5,E-bikes accessories,电动车零配件馆,E5-0937,official_568
"NANTONG KOUMU CAR FITTINGS CO., LTD.",南通口木车件有限公司,E5,E-bikes accessories,电动车零配件馆,E5-0940,official_569
"WUXI KYESANG TECHNOLOGY CO., LTD.",无锡启尚科技有限公司,E5,E-bikes accessories,电动车零配件馆,E5-0943,official_570
"SHENZHEN SHENZHOU ARROW ELECTRONIC TECHNOLOGY CO., LTD.",深圳市神舟飞箭电子科技有限公司,E5,E-bikes accessories,电动车零配件馆,E5-0945,official_571
"LUHONG TECHNOLOGY (SHENZHEN) CO., LTD.",鲁鸿科技（深圳）有限公司,E5,E-bikes accessories,电动车零配件馆,E5-1121,official_572
"KUNSHAN ST ELECTRONICS CO., LTD.",昆山硕通电子有限公司,E5,E-bikes accessories,电动车零配件馆,E5-1226,official_573
"TIANJIN SANTROLL ELECTRIC TECHNOLOGY CO., LTD.",天津市松正电动科技有限公司,E5,E-bikes accessories,电动车零配件馆,E5-1232,official_574
"HENAN YICHUAN NEW ENERGY TECHNOLOGY CO., LTD.",河南一川新能源科技有限公司,E5,E-bikes accessories,电动车零配件馆,E5-1237,official_575
广州明美新能源股份有限公司,广州明美新能源股份有限公司,E5,E-bikes accessories,电动车零配件馆,E5-1240,official_576
"DONGGUN LIZJIN ELECTRONIC TECHNOLOGY CO., LTD.",东莞笠智精电子科技有限公司,E5,E-bikes accessories,电动车零配件馆,E5-1243,official_577
"RUIKANG ELECTRONIC TECHNOLOGY CO., LTD.",佛山市睿康电子科技有限公司,E5,E-bikes accessories,电动车零配件馆,E5-1245,official_578
"JIANGSU JINFENG ELECTROMECHANICAL CO., LTD.",江苏金丰机电有限公司,E5,E-bikes accessories,电动车零配件馆,E5-1405,official_579
苏州领冠新能源科技有限公司,苏州领冠新能源科技有限公司,E5,E-bikes accessories,电动车零配件馆,E5-1411,official_580
"WUXI DPOWER ELECTRONIC CO., LTD.",无锡大派电子有限公司,E5,E-bikes accessories,电动车零配件馆,E5-1413,official_581
"AIKEMA ELECTRIC DRIVE SYSTEM (SUZHOU) CO., LTD.",爱克玛电驱动系统（苏州）有限公司,E5,E-bikes accessories,电动车零配件馆,E5-1416,official_582
"NANJING LISHUI ELECTRONICS RESEARCH INSTITUTE CO., LTD.",南京溧水电子研究所有限公司,E5,E-bikes accessories,电动车零配件馆,E5-1421,official_583
"IQILI INTELLIGENT TECHNOLOGY (CHONGQING) CO., LTD.",爱奇力智能科技（重庆）有限公司,E5,E-bikes accessories,电动车零配件馆,E5-1526,official_584
"SHENZHEN KCHQ TECHNOLOGY CO., LTD.",深圳市科创奇科技有限公司,E5,E-bikes accessories,电动车零配件馆,E5-1529,official_585
"ZHONGSHAN SHIBAO NEW ENERGY CO., LTD.",中山市世豹新能源有限公司,E5,E-bikes accessories,电动车零配件馆,E5-1532,official_586
"FENG RONG PRECISION TECHNOLOGY (DONG GUAN) CO., LTD.",丰荣精密科技（东莞）有限公司,E5,E-bikes accessories,电动车零配件馆,E5-1537,official_587
苏州山田机电有限公司,苏州山田机电有限公司,E5,E-bikes accessories,电动车零配件馆,E5-1540,official_588
"CHOGORI TECHNOLOGY CO., LTD.",深圳乔合里科技股份有限公司,E5,E-bikes accessories,电动车零配件馆,E5-1543,official_589
"LN ENERGY TECHNOLOGY CO., LTD.",佛山市雷能能源科技有限公司,E5,E-bikes accessories,电动车零配件馆,E5-1545,official_590
"TIANJIN GOOD LIGHT TECHNOLOGY DEVELOPMENT CO., LTD.",天津固德莱特科技发展有限公司,E5,E-bikes accessories,电动车零配件馆,"E5-1701, E6-1421",official_591
"JIZE SAICHUANG LOCOMOTIVE PARTS CO., LTD.",鸡泽县赛创机车部件有限公司,E5,E-bikes accessories,电动车零配件馆,E5-1705,official_592
"WELLTRANS TRANSMISSION SYSTEM (SHANGHAI) CO., LTD.",威榕传动系统（上海）有限公司,E5,E-bikes accessories,电动车零配件馆,E5-1709,official_593
"TAISHAN CJS TECHNOLOGY CO., LTD.",台山市昌建顺科技有限公司,E5,E-bikes accessories,电动车零配件馆,E5-1715,official_594
"LEHVOSS (SHANGHAI) CHEMICAL CO., LTD.",雷孚斯（上海）化工有限公司,E5,E-bikes accessories,电动车零配件馆,E5-1717,official_595
"HANGZHOU LIANGPAI TECHNOLOGY CO., LTD.",杭州亮派科技有限公司,E5,E-bikes accessories,电动车零配件馆,E5-1720,official_596
"NANJING BIGSTONE ELECTRONIC &amp; TECHNOLOGY CO., LTD.",南京大石电子科技有限公司,E5,E-bikes accessories,电动车零配件馆,E5-1721,official_597
大城县全鑫车辆配件有限公司,大城县全鑫车辆配件有限公司,E5,E-bikes accessories,电动车零配件馆,E5-1724,official_598
"HUIZHOU JETECH ENERGY TECHNOLOGY CO., LTD.",惠州市杰特能源科技有限公司,E5,E-bikes accessories,电动车零配件馆,E5-1725,official_599
"MING CHEN PLASTIC PRODUCTS CO., LTD.,QINGHE COUNTY",清河县明辰塑胶制品有限公司,E5,E-bikes accessories,电动车零配件馆,E5-1727,official_600
"JIANGXI HUABO LOCOMOTIVE PARTS CO., LTD.",江西华搏机车部件有限公司,E5,E-bikes accessories,电动车零配件馆,E5-1728,official_601
"QINGDAO VISASTONE INDUSTRY &amp; TRADE CO., LTD.",青岛信石工贸有限公司,E5,E-bikes accessories,电动车零配件馆,E5-1730,official_602
"FRANK BEARING TRADING (SHANGHAI) CO., LTD.",弗兰克轴承贸易（上海）有限公司,E5,E-bikes accessories,电动车零配件馆,E5-1731,official_603
"HANGZHOU TIANCI POWER TECHNOLOGY CO., LTD.",杭州天磁动力科技有限公司,E5,E-bikes accessories,电动车零配件馆,E5-1732,official_604
苏州智连共创电子科技有限公司,苏州智连共创电子科技有限公司,E5,E-bikes accessories,电动车零配件馆,E5-1801,official_605
"XINGTAI SANJIAN ELECTRIC BIKE MANUFACTURING CO., LTD.",邢台市三剑电动自行车制造有限公司,E5,E-bikes accessories,电动车零配件馆,E5-1803,official_606
河北鼎宏机械配件有限公司,河北鼎宏机械配件有限公司,E5,E-bikes accessories,电动车零配件馆,E5-1805,official_607
"CLOUD DRIVE INTELLIGENT TECHNOLGY CO., LTD.",南京云驱智能科技有限公司,E5,E-bikes accessories,电动车零配件馆,E5-1807,official_608
温州艾锐德科技有限公司,温州艾锐德科技有限公司,E5,E-bikes accessories,电动车零配件馆,E5-1813,official_609
"NINGBO SIMING CHEMICAL CO., LTD.",宁波思铭化工有限公司,E5,E-bikes accessories,电动车零配件馆,E5-1816,official_610
"CIXI HUIYE MACHINERY TECHNOLOGY CO., LTD.",慈溪惠业机械科技有限公司,E5,E-bikes accessories,电动车零配件馆,E5-1817,official_611
"DEGSON TECHNOLOGY CO., LTD.",宁波高松技术有限公司,E6,E-bikes & accessories,电动车及零配件馆,E6-0001,official_612
"CHANGZHOU GREENPEDEL CO., LTD.",常州嘉罗车辆配件有限公司,E6,E-bikes & accessories,电动车及零配件馆,E6-0005,official_613
"KING CLEAN ELECTRI CO., LTD.",莱克电气股份有限公司,E6,E-bikes & accessories,电动车及零配件馆,E6-0009,official_614
慈溪托力自行车配件厂,慈溪托力自行车配件厂,E6,E-bikes & accessories,电动车及零配件馆,E6-0013,official_615
"SHENZHEN JIMI IOT CO., LTD.",深圳几米物联有限公司,E6,E-bikes & accessories,电动车及零配件馆,E6-0017,official_616
惠州市华利新材料有限公司,惠州市华利新材料有限公司,E6,E-bikes & accessories,电动车及零配件馆,E6-0021,official_617
"SHANDONG MTEN CO., LTD.",山东蒙特恩传动科技有限公司,E6,E-bikes & accessories,电动车及零配件馆,E6-0023,official_618
DAISAKU COMPANY LIMITED,株式会社大索,E6,E-bikes & accessories,电动车及零配件馆,E6-0024,official_619
"RUIAN TONGFAN LOCKSET INDUSTRY CO., LTD.",瑞安市同帆锁业有限公司,E6,E-bikes & accessories,电动车及零配件馆,E6-0025,official_620
"SHENZHEN CHANSON INTELLIGENT TECHNOLOGY CO., LTD.",深圳市创行智能科技有限公司,E6,E-bikes & accessories,电动车及零配件馆,E6-0027,official_621
杭州稻田增材技术有限公司,杭州稻田增材技术有限公司,E6,E-bikes & accessories,电动车及零配件馆,E6-0029,official_622
"DONGGUAN XUYI HARDWARE PLASTIC PRODUCTS CO., LTD.",东莞市旭意五金塑胶制品有限公司,E6,E-bikes & accessories,电动车及零配件馆,E6-0030,official_623
芸芸物联科技（苏州）有限公司,芸芸物联科技（苏州）有限公司,E6,E-bikes & accessories,电动车及零配件馆,E6-0031,official_624
"KUNSHAN YILIANSHENG INTELLIGENT TECHNOLOGY CO., LTD.",昆山亿联盛智能科技有限公司,E6,E-bikes & accessories,电动车及零配件馆,E6-0105,official_625
"TAIZHOU LUQIAO TONGSHANG MACHINARY TECHNOLOGY CO., LTD.",台州市路桥同尚机械科技有限公司,E6,E-bikes & accessories,电动车及零配件馆,E6-0111,official_626
"TIANJIN XINGANGYUN TECHNOLOGY CO., LTD.",天津市鑫港运科技有限公司,E6,E-bikes & accessories,电动车及零配件馆,E6-0113,official_627
跃成机电科技无锡有限公司,跃成机电科技无锡有限公司,E6,E-bikes & accessories,电动车及零配件馆,E6-0116,official_628
"NINGBO VSETT INTELLIGENT TECHNOLOGY CO., LTD.",宁波凹索智能科技有限公司,E6,E-bikes & accessories,电动车及零配件馆,E6-0121,official_629
"ZHEJIANG JINLIN SPORTS TECHNOLOGY CO., LTD.",浙江锦霖运动科技有限公司,E6,E-bikes & accessories,电动车及零配件馆,E6-0126,official_630
"WUXI SANDA MOTOR TECHNOLOGY CO., LTD.",无锡信安达电机科技有限公司,E6,E-bikes & accessories,电动车及零配件馆,E6-0132,official_631
丹阳市都盛电器有限公司,丹阳市都盛电器有限公司,E6,E-bikes & accessories,电动车及零配件馆,E6-0136,official_632
SHENZHEN TRITEK LIMITED,深圳市泰科动力系统有限公司,E6,E-bikes & accessories,电动车及零配件馆,E6-0139,official_633
"ANMDY INTELLIGENT TECHNOLOGY (SUZHOU) CO., LTD.",安沐迪智能科技（苏州）有限公司,E6,E-bikes & accessories,电动车及零配件馆,E6-0142,official_634
邢台治洋车业有限公司,邢台治洋车业有限公司,E6,E-bikes & accessories,电动车及零配件馆,E6-0144,official_635
"WANDA BATTERY INTELLIGENT TECHNOLOGY (KUNSHAN) CO., LTD.",万达电智能科技（昆山）有限公司,E6,E-bikes & accessories,电动车及零配件馆,E6-0145,official_636
"SPANNINGA BICYCLE COMPONENTS (FOSHAN) CO., LTD.",思邦自行车配件（佛山）有限公司,E6,E-bikes & accessories,电动车及零配件馆,E6-0201,official_637
"SHENZHEN FIRST POWER ENERGY CO., LTD.",深圳市一级动力能源有限公司,E6,E-bikes & accessories,电动车及零配件馆,E6-0411,official_638
KKE,金华凯凯壹科技有限公司,E6,E-bikes & accessories,电动车及零配件馆,E6-0413,official_639
"FOSHAN CITY SHUNDE DISTRICT CHENGDI ELECTRONIC TECHNOLOGY CO., LTD.",佛山市顺德区晟迪电子科技有限公司,E6,E-bikes & accessories,电动车及零配件馆,E6-0416,official_640
"NINGBO VCHAIN TECHNOLOGY CO., LTD.",宁波唯诚科技有限公司,E6,E-bikes & accessories,电动车及零配件馆,E6-0421,official_641
"NINGBO HUIDONG NEW ENERGY TECHNOLOGY CO., LTD.",宁波辉动新能源科技有限公司,E6,E-bikes & accessories,电动车及零配件馆,E6-0423,official_642
"NINGBO ROADSAN NEW ENERGY TECHNOLOGY CO., LTD.",宁波路尚新能源科技有限公司,E6,E-bikes & accessories,电动车及零配件馆,E6-0426,official_643
"ZHEJIANG XINZHENG INDUSTRY AND TRADE CO., LTD.",浙江鑫正工贸有限公司,E6,E-bikes & accessories,电动车及零配件馆,E6-0429,official_644
"EAZO TECHNOLOGY CO., LTD.",深圳易泽新能源科技有限公司,E6,E-bikes & accessories,电动车及零配件馆,E6-0432,official_645
"JIN XIN YU POWER (SHENZHEN) SUPPLY CO., LTD.",金鑫宇电源（深圳）有限责任公司,E6,E-bikes & accessories,电动车及零配件馆,E6-0434,official_646
"TIANJIN XIANZHONG NEW ENERGY TECHNOLOGY CO., LTD.",天津先众新能源科技股份有限公司,E6,E-bikes & accessories,电动车及零配件馆,E6-0436,official_647
"PUYUAN ELECTRIC MOTOR (SUZHOU) CO., LTD.",普源电机制造（苏州）有限公司,E6,E-bikes & accessories,电动车及零配件馆,E6-0439,official_648
"Z.S.F TECHNOLOGY (SHENZHEN) CO., LTD.",深圳市智盛富科技有限公司,E6,E-bikes & accessories,电动车及零配件馆,E6-0442,official_649
"NINGBO XOD ELECTRIC HYDRAULIC DISC BRAKES CO., LTD.",宁波小电骑行装备有限公司,E6,E-bikes & accessories,电动车及零配件馆,E6-0444,official_650
"KUNSHAN REENTION ELECTRICAL AND MECHANICAL CO., LTD.",昆山睿恩新机电有限公司,E6,E-bikes & accessories,电动车及零配件馆,E6-0505,official_651
"TIANJIN D-POWERCORE CO., LTD.",天津动芯科技有限公司,E6,E-bikes & accessories,电动车及零配件馆,E6-0536,official_652
"NINGBO RUNDO TECHNOLOGY CO., LTD.",宁波远多智能科技有限公司,E6,E-bikes & accessories,电动车及零配件馆,E6-0601,official_653
"QUZHOU BENNENG VEHICLE CO., LTD.",衢州奔能车业有限公司,E6,E-bikes & accessories,电动车及零配件馆,E6-0705,official_654
"SHANGHAI PYTES ENERGY CO., LTD.",上海派智能源股份有限公司,E6,E-bikes & accessories,电动车及零配件馆,E6-0711,official_655
"ZHEJIANG TIANHONG LITHIUM-ION BATTERY CO., LTD.",浙江天宏锂电股份有限公司,E6,E-bikes & accessories,电动车及零配件馆,E6-0716,official_656
"NINGBO XINTU INTELLIGENT &amp; TECHNOLOGY CO., LTD.",宁波新途智能科技有限公司,E6,E-bikes & accessories,电动车及零配件馆,E6-0721,official_657
"KUNSHAN SHANSHAN ELECTRONIC SCIENCE &amp; TECHNOLOGY CO., LTD.",昆山市山山电子科技有限公司,E6,E-bikes & accessories,电动车及零配件馆,E6-0726,official_658
"TIANJIN YOUPENG YONGYUE GONGMAO CO., LTD.",天津友鹏永悦工贸有限公司,E6,E-bikes & accessories,电动车及零配件馆,E6-0732,official_659
"CHANGZHOU BISEK CYCLE CO., LTD.",常州柏斯克车业有限公司,E6,E-bikes & accessories,电动车及零配件馆,E6-0736,official_660
"SHENZHEN MODIARY CO., LTD.",深圳市麦迪瑞科技有限公司,E6,E-bikes & accessories,电动车及零配件馆,E6-0739,official_661
"SHENZHEN RYDER ELECTRONICS CO., LTD.",深圳市瑞鼎电子有限公司,E6,E-bikes & accessories,电动车及零配件馆,E6-0742,official_662
"JIAXING JIAQI ELECTRONIC AND TECHNOLOGY CO., LTD.",嘉兴市佳祺电子科技有限公司,E6,E-bikes & accessories,电动车及零配件馆,E6-0744,official_663
"CHANGZHOU NCYCLEBIKE CO., LTD.",常州市恩赛克电动车科技有限公司,E6,E-bikes & accessories,电动车及零配件馆,E6-0844,official_664
"WUYI BOE SPORTS EQUIPMENT CO., LTD.",武义柏亦运动器材有限公司,E6,E-bikes & accessories,电动车及零配件馆,E6-0901,official_665
"JINHUA JOBO TECHNOLOGY CO., LTD.",金华市乔博电动科技有限公司,E6,E-bikes & accessories,电动车及零配件馆,E6-0905,official_666
"GUANGZHOU SYMBOL BICYCLE CO., LTD.",广州市鑫堡自行车有限公司,E6,E-bikes & accessories,电动车及零配件馆,E6-0911,official_667
"TAIZHOU LI JIA AUTOMOBILE INDUSTRY CO., LTD.",台州市立佳车业有限公司,E6,E-bikes & accessories,电动车及零配件馆,E6-0916,official_668
"JINHUA FEIRUI VEHICLE CO., LTD.",金华市飞瑞车业有限公司,E6,E-bikes & accessories,电动车及零配件馆,E6-0921,official_669
"ZHEJIANG BOCHUANG POWER CO., LTD.",浙江博创动力股份有限公司,E6,E-bikes & accessories,电动车及零配件馆,E6-0926,official_670
"JINHUA VISION INDUSTRY CO., LTD.",金华卓远实业有限公司,E6,E-bikes & accessories,电动车及零配件馆,E6-0936,official_671
"HANGZHOU MACFREY TECHNOLOGY CO., LTD.",杭州麦柯福瑞科技有限公司,E6,E-bikes & accessories,电动车及零配件馆,E6-0939,official_672
途屿电机（常州）有限公司,途屿电机（常州）有限公司,E6,E-bikes & accessories,电动车及零配件馆,E6-0942,official_673
"SHENZHEN DYU INTELLIGENT TRANSPORTATION TECHNOLOGY CO., LTD.",深圳市大鱼智行科技有限公司,E6,E-bikes & accessories,电动车及零配件馆,E6-0944,official_674
"SUZHOU LINKWE NEW ENERGY TECHNOLOGY CO., LTD.",苏州联为新能源科技有限公司,E6,E-bikes & accessories,电动车及零配件馆,E6-1111,official_675
"CHANGZHOU AIMOS TECHNOLOGY CO., LTD.",常州艾莫斯智能科技有限公司,E6,E-bikes & accessories,电动车及零配件馆,E6-1113,official_676
"NINGBO TEVERUN TECHNOLOGY CO., LTD.",宁波特佰轮科技有限公司,E6,E-bikes & accessories,电动车及零配件馆,E6-1226,official_677
"SUZHOU LONGYUE LITHIUM-POWER VEHICLE CO., LTD.",苏州龙跃锂动车辆有限公司,E6,E-bikes & accessories,电动车及零配件馆,E6-1232,official_678
"NINGBO VEKEN NEW ENERGY TECHNOLOGY CO., LTD.",宁波维科新能源科技有限公司,E6,E-bikes & accessories,电动车及零配件馆,E6-1236,official_679
"SUZHOU GRAND ELECTRONIC TECHNOLOGY CO., LTD.",苏州伟亿特电子科技有限公司,E6,E-bikes & accessories,电动车及零配件馆,E6-1239,official_680
"NINGBO SAFE BRAKES SYSTEMS CO., LTD.",宁波赛福汽车制动有限公司,E6,E-bikes & accessories,电动车及零配件馆,E6-1242,official_681
"WUXI KUNENG NEW ENERGY TECHNOLOGY CO., LTD.",无锡坤能新能源科技有限公司,E6,E-bikes & accessories,电动车及零配件馆,E6-1244,official_682
安徽宏舰电子科技有限公司,安徽宏舰电子科技有限公司,E6,E-bikes & accessories,电动车及零配件馆,E6-1245,official_683
"AIGENI TECHNOLOGY CO., LTD.",无锡艾格尼科技有限公司,E6,E-bikes & accessories,电动车及零配件馆,E6-1301,official_684
"HEBEI CONGHUI ELECTRIC VEHICLE CO., LTD.",河北聪慧电动车有限公司,E6,E-bikes & accessories,电动车及零配件馆,E6-1344,official_685
"YANGZHONG XINFU VEHICLE PARTS CO., LTD.",扬中市新富车辆配件有限公司,E6,E-bikes & accessories,电动车及零配件馆,E6-1345,official_686
"TIANJIN CLC TECHNOLOGY CO., LTD.",天津中投科技有限公司,E6,E-bikes & accessories,电动车及零配件馆,E6-1405,official_687
NINGBO MAIBAOTE JINCHUKOU YOUXIANGOGSI,宁波迈宝特进出口有限公司,E6,E-bikes & accessories,电动车及零配件馆,E6-1411,official_688
SEVENONE,昆山顺轮车业有限公司,E6,E-bikes & accessories,电动车及零配件馆,E6-1416,official_689
常州涛晨电子科技有限公司,常州涛晨电子科技有限公司,E6,E-bikes & accessories,电动车及零配件馆,E6-1418,official_690
"ZHEJIANG OVERFLY ELECTRIC VEHICLE CO., LTD.",浙江欧飞电动车有限公司,E6,E-bikes & accessories,电动车及零配件馆,E6-1423,official_691
"ZHEJIANG DECE INDUSTRY &amp; TRADE CO., LTD.",浙江德策工贸有限公司,E6,E-bikes & accessories,电动车及零配件馆,E6-1526,official_692
"JINHUA YIFEI ELECTRIC TECHNOLOGY CO., LTD.",金华市翼飞电动科技有限公司,E6,E-bikes & accessories,电动车及零配件馆,E6-1532,official_693
"YONGKANG WANYU INDUSTRY AND TRADE CO., LTD.",永康市万宇工贸有限公司,E6,E-bikes & accessories,电动车及零配件馆,E6-1534,official_694
"SHENZHEN ZHAOWEI MACHINERY &amp; ELEETRONIC CO., LTD.",深圳市兆威机电股份有限公司,E6,E-bikes & accessories,电动车及零配件馆,E6-1536,official_695
平乡县立超自行车厂,平乡县立超自行车厂,E6,E-bikes & accessories,电动车及零配件馆,E6-1542,official_696
"CHANGZHOU HEICHAO DRIVE TECHNOLOGY CO., LTD.",常州黑超驱动技术有限公司,E6,E-bikes & accessories,电动车及零配件馆,E6-1544,official_697
"XINGTAI XIAN'AO BICYCLE PARTS CO., LTD.",邢台先奥自行车配件有限公司,E6,E-bikes & accessories,电动车及零配件馆,E6-1642,official_698
"ZHEJIANG NANGE TECHNOLOGY CO., LTD.",浙江南戈科技有限公司,E6,E-bikes & accessories,电动车及零配件馆,E6-1705,official_699
"JINHUA SUNTIDE VEHICLE CO., LTD.",金华杉泰车业有限公司,E6,E-bikes & accessories,电动车及零配件馆,E6-1709,official_700
GUANGZHOU ELECTRONY CORPORATION,广州谐同电子科技有限公司,E6,E-bikes & accessories,电动车及零配件馆,E6-1713,official_701
HYLETON,深圳市海龙通科技有限公司,E6,E-bikes & accessories,电动车及零配件馆,E6-1717,official_702
"RDF (CHANGZHOU) ELECTRICAL TECHNOLOGY CO., LTD.",常州锐迪夫电子科技有限公司,E6,E-bikes & accessories,电动车及零配件馆,E6-1719,official_703
"LIYANG SINO CABLE ELECTRONICS CO., LTD.",溧阳斯诺凯博电子有限公司,E6,E-bikes & accessories,电动车及零配件馆,E6-1721,official_704
JINHUA FINKI TECHNOLOGY,金华锋骐科技有限公司,E6,E-bikes & accessories,电动车及零配件馆,E6-1723,official_705
"FOSHAN GUANGYUANXING ELECTRONICS CO., LTD.",佛山市广源兴电子有限公司,E6,E-bikes & accessories,电动车及零配件馆,E6-1725,official_706
"TÜV SÜD CERTIFICATION AND TESTING (CHINA) CO., LTD. SHANGHAI BRANCH",南德认证检测（中国）有限公司上海分公司,E6,E-bikes & accessories,电动车及零配件馆,E6-1727,official_707
华芯科技（恩施）有限公司,华芯科技（恩施）有限公司,E6,E-bikes & accessories,电动车及零配件馆,E6-1729,official_708
"JINHUA HEYING INTELLIGENT TECHNOLOGY CO., LTD.",金华和英智能科技有限公司,E6,E-bikes & accessories,电动车及零配件馆,E6-1730,official_709
深圳市金画王技术有限公司,深圳市金画王技术有限公司,E6,E-bikes & accessories,电动车及零配件馆,E6-1731,official_710
深圳市联科利隆电子科技有限公司,深圳市联科利隆电子科技有限公司,E6,E-bikes & accessories,电动车及零配件馆,E6-1732,official_711
"WELOCK (TIANJIN) INTELLIGENT TECHNOLOGY CO., LTD.",威洛克（天津）智能科技有限公司,E6,E-bikes & accessories,电动车及零配件馆,E6-1801,official_712
"ZHEJIANG XINGNENGWEI TECHNOLOGY CO., LTD.",浙江兴能威科技股份有限公司,E6,E-bikes & accessories,电动车及零配件馆,E6-1805,official_713
"NINGBO MEIWANG MOLD MACHINERY CO., LTD.",宁波美旺模具机械有限公司,E6,E-bikes & accessories,电动车及零配件馆,E6-1807,official_714
浙江方众机械科技有限公司,浙江方众机械科技有限公司,E6,E-bikes & accessories,电动车及零配件馆,E6-1811,official_715
"CHANGZHOU NAICISPORTS TECHNOLOGY CO., LTD.",常州耐驰车业有限公司,E7,E-bike brands,电动车品牌馆,E7-0001,official_716
"EIFI MOTOR CO., LTD.",翼飞智能运动科技（金华）有限公司,E7,E-bike brands,电动车品牌馆,E7-0005,official_717
"1856 TECHNOLOGY (SHENZHEN) CO., LTD.",壹捌伍陆科技（深圳）有限公司,E7,E-bike brands,电动车品牌馆,E7-0007,official_718
"HEBEI LESHUAI CYCLE CO., LTD.",河北乐帅车业有限公司,E7,E-bike brands,电动车品牌馆,E7-0009,official_719
"YONGKANG LINGQI TECHNOLOGY CO., LTD.",永康市凌骑科技有限公司,E7,E-bike brands,电动车品牌馆,E7-0011,official_720
浙江玖莱工贸有限公司,浙江玖莱工贸有限公司,E7,E-bike brands,电动车品牌馆,E7-0013,official_721
"UXI ELECTRIPET TECHNOLOGY CO., LTD.",无锡电宠科技有限公司,E7,E-bike brands,电动车品牌馆,E7-0015,official_722
无锡互天电子科技有限公司,无锡互天电子科技有限公司,E7,E-bike brands,电动车品牌馆,E7-0017,official_723
TIANJIN BEWO SCIENCE AND TECHNOLOGY COMPANY,天津比沃科技有限公司,E7,E-bike brands,电动车品牌馆,E7-0020,official_724
"ZHETAI VEHICLE (JIANGSU) CO., LTD.",哲泰车业（江苏）有限公司,E7,E-bike brands,电动车品牌馆,E7-0021,official_725
UL SOLUTIONS,苏州UL美华认证有限公司,E7,E-bike brands,电动车品牌馆,E7-0023,official_726
"TROTTER ECOTECH CO., LTD.",千代众享（常州）科贸有限公司,E7,E-bike brands,电动车品牌馆,E7-0025,official_727
浙江武义优胜健身器材有限公司,浙江武义优胜健身器材有限公司,E7,E-bike brands,电动车品牌馆,E7-0029,official_728
CORSA SPORTS LIMITED,东莞酷飒运动器材有限公司,E7,E-bike brands,电动车品牌馆,E7-0031,official_729
"DAAO ELECTRIC (JIANGSU) CO., LTD.",大澳电器（江苏）有限公司,E7,E-bike brands,电动车品牌馆,E7-0105,official_730
"TIANJIN HXY TECHNOLOGY DEVELOPMENT CO., LTD.",天津汇鑫垚科技发展有限公司,E7,E-bike brands,电动车品牌馆,E7-0111,official_731
天津海达智能科技有限公司,天津海达智能科技有限公司,E7,E-bike brands,电动车品牌馆,E7-0113,official_732
"HANGZHOU SEEMING-GOOD VEHICLES CO., LTD.",杭州斯敏格车业有限公司,E7,E-bike brands,电动车品牌馆,E7-0116,official_733
"NINGBO FASOK SPORTPRO CO., LTD.",宁波法索沃运动用品有限公司,E7,E-bike brands,电动车品牌馆,E7-0119,official_734
"ZHEJIANG YULUN TECHNOLOGY CO., LTD.",浙江御轮科技有限公司,E7,E-bike brands,电动车品牌馆,E7-0121,official_735
"SHENZHEN KIXIN ELECTRONICS CO., LTD.",深圳市开心电子有限公司,E7,E-bike brands,电动车品牌馆,E7-0123,official_736
"ZHIHANGDA TECHNOLOGY CO., LTD.",深圳市智航达科技有限公司,E7,E-bike brands,电动车品牌馆,E7-0126,official_737
"SHANGHAI YIJIN SPORTING EQUIPMENT CO., LTD.",上海弋锦运动器材有限公司,E7,E-bike brands,电动车品牌馆,E7-0132,official_738
"CHONGQING ZHENYOUJIN TECHNOLOGY CO., LTD.",重庆真有劲科技有限公司,E7,E-bike brands,电动车品牌馆,E7-0136,official_739
"LINHAI FENGLE POWER TECHNOLOGY CO., LTD.",临海丰乐动力科技有限公司,E7,E-bike brands,电动车品牌馆,E7-0138,official_740
"ZHUZHOU GEAR CO., LTD.",株洲齿轮有限责任公司,E7,E-bike brands,电动车品牌馆,E7-0139,official_741
"CHANGZHOU LVDONG ELECTRIC MACHINERY TECHNOLOGY CO., LTD.",常州绿动电机科技有限公司,E7,E-bike brands,电动车品牌馆,E7-0142,official_742
"CHANGZHOU HOTTECH CO., LTD.",常州霍亚智能科技有限公司,E7,E-bike brands,电动车品牌馆,E7-0145,official_743
"VELOTS (CHANGZHOU) TECHNOLOGY CO., LTD.",唯洛（常州）智能科技有限公司,E7,E-bike brands,电动车品牌馆,E7-0201,official_744
"CHENMAN CULTRUE &amp; MEDIA CO., LTD.",晨漫文化传媒（苏州）有限公司,E7,E-bike brands,电动车品牌馆,E7-0238,official_745
"WUXI SAIGE ELECTRIC VEHICLE TECHNOLOGY CO., LTD.",无锡赛鸽电动车科技有限公司,E7,E-bike brands,电动车品牌馆,E7-0411,official_746
"SUZHOU BAI AN XING MECHATRONICS TECH CO., LTD.",苏州百安行机电科技有限公司,E7,E-bike brands,电动车品牌馆,E7-0416,official_747
"WUXI YUMA POWER TECHNOLOGY CO., LTD.",无锡豫玛动力科技有限公司,E7,E-bike brands,电动车品牌馆,E7-0418,official_748
"ZHEJIANG MIHUNTER TECHNOLOGY CO., LTD.",浙江米航科技有限公司,E7,E-bike brands,电动车品牌馆,E7-0421,official_749
"JINHUA JOYOR VEHICLE CO., LTD.",金华九悦车业股份有限公司,E7,E-bike brands,电动车品牌馆,E7-0423,official_750
"SHENZHEN AIQI BICYCLE INDUSTRY CO., LTD.",深圳市爱骑车业有限公司,E7,E-bike brands,电动车品牌馆,E7-0426,official_751
"JINHUA OTMAR TECHNOLOGY CO., LTD.",金华澳特玛科技有限公司,E7,E-bike brands,电动车品牌馆,E7-0436,official_752
"ANHUI WEITE MOTOR TECHNOLOGY CO., LTD.",安徽微特电机科技有限公司,E7,E-bike brands,电动车品牌馆,E7-0439,official_753
"XINGTAI HUASAI ELECTRIC BICYCLE CO., LTD.",邢台桦赛电动自行车有限公司,E7,E-bike brands,电动车品牌馆,E7-0442,official_754
"JIANGXI OYF VEHICLE INDUSTRY CO., LTD.",江西欧亚非车业有限公司,E7,E-bike brands,电动车品牌馆,E7-0445,official_755
"ZHEJIANG JSL VEHICLE CO., LTD.",浙江九色鹿车业股份有限公司,E7,E-bike brands,电动车品牌馆,E7-0532,official_756
"HANGZHOU LIN’AN BEYONDER POWER CO., LTD.",杭州临安博达电源有限公司,E7,E-bike brands,电动车品牌馆,E7-0542,official_757
"HUIZHOU CODIFICE BIKES CO., LTD.",惠州市科迪斐车业有限公司,E7,E-bike brands,电动车品牌馆,E7-0601,official_758
"ZHEJIANG LVJU VEHICLE INDUSTRY CO., LTD.",浙江绿驹车业有限公司,E7,E-bike brands,电动车品牌馆,E7-0705,official_759
"ZHEJIANG LUYUAN ELECTRIC VEHICLE CO., LTD.",浙江绿源信息科技有限公司,E7,E-bike brands,电动车品牌馆,E7-0711,official_760
"SUZHOU ANSBERN SPORTS CO., LTD.",苏州安斯博运动器材有限公司,E7,E-bike brands,电动车品牌馆,E7-0716,official_761
"QUZHOU NAIJIATE VEHICLE CO., LTD.",衢州耐佳特车业有限公司,E7,E-bike brands,电动车品牌馆,E7-0721,official_762
"CHANGZHOU LINGHUI INTELLIGENT TECHNOLOGY CO., LTD.",常州领辉智能科技有限公司,E7,E-bike brands,电动车品牌馆,E7-0726,official_763
"ZHEJIANG XIAODU VEHICLE CO., LTD.",浙江小度车业有限公司,E7,E-bike brands,电动车品牌馆,E7-0729,official_764
"ZHONGXIN POWER (TIANJIN) BICYCLE CO., LTD.",中新动力（天津）自行车有限公司,E7,E-bike brands,电动车品牌馆,E7-0736,official_765
"CIXI LENJOY SPORTS CO., LTD.",慈溪乐享运动用品有限公司,E7,E-bike brands,电动车品牌馆,E7-0742,official_766
"NINGBO ZIXIN BICYCLE INDUSTRY CO., LTD.",宁波自信车业有限公司,E7,E-bike brands,电动车品牌馆,E7-0744,official_767
"M &amp; S E-DRIVING SYSTEM CO., LTD.",宁波麦思动力系统有限公司,E7,E-bike brands,电动车品牌馆,E7-0901,official_768
东莞市和裕智造科技有限公司,东莞市和裕智造科技有限公司,E7,E-bike brands,电动车品牌馆,E7-0916,official_769
"ZHEJIANG YUANDA VEHICLE CO., LTD.",浙江源达车业科技有限公司&nbsp;,E7,E-bike brands,电动车品牌馆,E7-0921,official_770
"DONGGUAN LVDAOXING TECHNOLOGY CO., LTD.",东莞市绿道行科技有限公司,E7,E-bike brands,电动车品牌馆,E7-0924,official_771
"CHONGQING YIZAO TECHNOLOGY CO., LTD.",重庆易造科技有限公司,E7,E-bike brands,电动车品牌馆,E7-0926,official_772
"CHONGQING MOBIMAX TECHNOLOGY CO., LTD.",重庆水蓝科技发展有限公司,E7,E-bike brands,电动车品牌馆,E7-0932,official_773
"ZHEJIANG HAYING INTELLIGENT TECHNOLOGY CO., LTD.",浙江哈鹰智能科技有限公司,E7,E-bike brands,电动车品牌馆,E7-0936,official_774
"ZISPEED TRANSMISSION TECHNOLOGY (SUZHOU) CO., LTD.",智速传动科技（苏州）有限公司,E7,E-bike brands,电动车品牌馆,E7-0942,official_775
"DACHENG COUNTY KAI FENG ELECTRIC VEHICLE PARTS CO., LTD.",大城县凯丰电动车配件有限公司,E7,E-bike brands,电动车品牌馆,E7-0945,official_776
"SHANGHAI OLBETTER HOME LIVING CO., LTD.",上海奥贝特家居有限公司,E7,E-bike brands,电动车品牌馆,E7-1045,official_777
"CHANGZHOU GUANMA ELECTROMECHANICAL CO., LTD.",常州灌玛机电有限公司,E7,E-bike brands,电动车品牌馆,E7-1124,official_778
"TIANJIN DOUBLE TREE INTERNATIONAL TRADE CO., LTD.",天津逸林湾进出口有限公司,E7,E-bike brands,电动车品牌馆,E7-1226,official_779
"SHENZHEN KLYDE ELECTRONICS CO., LTD.",深圳市科莱德电子有限公司,E7,E-bike brands,电动车品牌馆,E7-1232,official_780
"HUIYITE (KUNSHAN) PRECISION ELECTRONICS CO., LTD.",汇亿特（昆山）精密电子有限公司,E7,E-bike brands,电动车品牌馆,E7-1234,official_781
"NINGBO SUPERMAX VEHICLE CO., LTD.",宁波舒博曼斯车业有限公司,E7,E-bike brands,电动车品牌馆,E7-1236,official_782
WUXI UNITED MOBILITY TECHNOLOGY INC,无锡市联合力动车业有限公司,E7,E-bike brands,电动车品牌馆,E7-1239,official_783
"CYCLISTS' NETWORKING SPORTS TECHNOLOGY CO., LTD.",骑友网（杭州）体育科技有限公司,E7,E-bike brands,电动车品牌馆,E7-1242,official_784
浙江省自行车电动车行业协会,浙江省自行车电动车行业协会,E7,E-bike brands,电动车品牌馆,E7-1244,official_785
广州市领骑信息科技有限公司,广州市领骑信息科技有限公司,E7,E-bike brands,电动车品牌馆,E7-1245,official_786
"ZHEJIANG LANGXIANG INDUSTRIAL CO., LTD.",浙江朗翔实业有限公司,E7,E-bike brands,电动车品牌馆,E7-1301,official_787
"ZHEJIANG BAOGUILAI VEHICLE INDUSTRY CO., LTD.",浙江宝归来车业有限公司,E7,E-bike brands,电动车品牌馆,E7-1305,official_788
"SHENZHEN MINUO BICYCLE CO., LTD.",深圳市明诺自行车有限公司,E7,E-bike brands,电动车品牌馆,E7-1311,official_789
"HEBEI LIMMA ELECTRIC VEHICLE CO., LTD.",河北黎玛电动车有限公司,E7,E-bike brands,电动车品牌馆,"E7-1314, E5-1729",official_790
永康市一特电子有限公司,永康市一特电子有限公司,E7,E-bike brands,电动车品牌馆,E7-1316,official_791
"KUNSHAN CYCLISPORT CO., LTD.",昆山赛克力运动产品有限公司,E7,E-bike brands,电动车品牌馆,E7-1318,official_792
横店集团东磁股份有限公司,横店集团东磁股份有限公司,E7,E-bike brands,电动车品牌馆,E7-1321,official_793
"ZHEJIANG DIMAISHI INTELLIGENT TECHNOLOGY CO., LTD.",浙江迪迈仕智能科技有限公司,E7,E-bike brands,电动车品牌馆,E7-1324,official_794
"GUANGZHOU WHEELIVE INFORMATION TECHNOLOGY CO., LTD.",广州唯轮信息科技有限公司,E7,E-bike brands,电动车品牌馆,E7-1342,official_795
"PRO MEDIA CO., LTD.",贸易风国际有限公司,E7,E-bike brands,电动车品牌馆,E7-1344,official_796
江苏省自行车电动车协会,江苏省自行车电动车协会,E7,E-bike brands,电动车品牌馆,E7-1345,official_797
"SHANDONG GUANGYUN ELECTRIC VEHICLE TECHNOLOGY CO., LTD.",山东广运电动车科技有限公司,E7,E-bike brands,电动车品牌馆,E7-1511,official_798
"SGS-CSTC STANDARDS TECHNICAL SERVICES CO., LTD.",通标标准技术服务有限公司,E7,E-bike brands,电动车品牌馆,E7-1514,official_799
"GUANGZHOU QINGLONGLIN CLOTHING EQUIPMENT CO., LTD.",广州青龙林服饰有限公司,E7,E-bike brands,电动车品牌馆,E7-1515,official_800
"SHENZHEN LEIDESEN BIKE CO., LTD.",深圳雷德森自行车有限公司,E7,E-bike brands,电动车品牌馆,E7-1516,official_801
"SHENZHEN BLUE LIGHT CARBON TECHNOLOGY CO., LTD. / DENGFU SPORTS EQUIPMENT CO., LTD.",深圳市蓝光碳纤科技有限公司/深圳市登富体育用品有限公司,E7,E-bike brands,电动车品牌馆,E7-1518,official_802
"ANHUI SUER ELECTRONICS CO., LTD.",安徽速尔电子有限公司,E7,E-bike brands,电动车品牌馆,E7-1521,official_803
ROLLING SUNDAY,浙江洛林森德智车业有限公司,E7,E-bike brands,电动车品牌馆,E7-1524,official_804
"ALTON CO., LTD.",艾暾（天津）自行车有限公司,E7,E-bike brands,电动车品牌馆,E7-1526,official_805
惠州市名途电子有限公司,惠州市名途电子有限公司,E7,E-bike brands,电动车品牌馆,E7-1529,official_806
临沂浩都塑业有限公司,临沂浩都塑业有限公司,E7,E-bike brands,电动车品牌馆,E7-1532,official_807
"LINYI YOUYUAN VEHICLE INDUSTRY CO., LTD.",临沂优源车业有限公司,E7,E-bike brands,电动车品牌馆,E7-1534,official_808
宁波凯启镁科技有限公司,宁波凯启镁科技有限公司,E7,E-bike brands,电动车品牌馆,E7-1536,official_809
"KUNSHAN WEISHENGDE TESTING EQUIPMENT CO., LTD.",昆山威胜德检测设备有限公司,E7,E-bike brands,电动车品牌馆,E7-1539,official_810
WHEEL GIANT INC.,轮彦国际有限公司,E7,E-bike brands,电动车品牌馆,E7-1542,official_811
"INFOTRADE MEDIA CO., LTD.",贸易眼国际股份有限公司,E7,E-bike brands,电动车品牌馆,E7-1543,official_812
"DISCOVERY RESOURCES (SHENZHEN) ENTERPRISE SERVICES CO., LTD.",发现资源（深圳）企业服务有限公司,E7,E-bike brands,电动车品牌馆,E7-1544,official_813
"HUIZHOU JUFEI SPORTS TECHNOLOGY CO., LTD.",惠州巨飞运动科技有限公司,E7,E-bike brands,电动车品牌馆,E7-1545,official_814
"JINYUN YINGPAI SCIENCE AND TECHNOLOGY CO., LTD.",缙云盈派科技有限公司,E7,E-bike brands,电动车品牌馆,E7-1546,official_815
邯郸市永年区千盛金属制品有限公司,邯郸市永年区千盛金属制品有限公司,E7,E-bike brands,电动车品牌馆,E7-1632,official_816
"SHANGHAI ZHENGYUAN ELECTRONIC TECHNOLOGY CO., LTD.",上海正渊电子科技有限公司,E7,E-bike brands,电动车品牌馆,E7-1633,official_817
深圳市沃达孚科技有限公司,深圳市沃达孚科技有限公司,E7,E-bike brands,电动车品牌馆,E7-1634,official_818
ENDLESS RIDING,南京骑酷体育文化推广有限公司,E7,E-bike brands,电动车品牌馆,E7-1642,official_819
WILDTO (XIAMEN) TECHNOLOGY INC.,厦门市野途网络科技有限公司,E7,E-bike brands,电动车品牌馆,E7-1643,official_820
"HANGZHOU HUANXUN EXHIBITION CO., LTD.",环讯传媒（杭州寰讯展览有限公司）,E7,E-bike brands,电动车品牌馆,E7-1644,official_821
东莞市鸿德手袋制品有限公司,东莞市鸿德手袋制品有限公司,E7,E-bike brands,电动车品牌馆,E7-1645,official_822
脉康医疗器械（河北）有限公司,脉康医疗器械（河北）有限公司,E7,E-bike brands,电动车品牌馆,E7-1646,official_823
"YONGKANG TANGSHENG INDUSTRY CO., LTD.",永康市堂胜工贸有限公司,E7,E-bike brands,电动车品牌馆,E7-1701,official_824
"KUNSHAN BEST ELECTRONIC CO., LTD.",昆山百思特电子有限公司,E7,E-bike brands,电动车品牌馆,E7-1703,official_825
"XINGTAI TITANIUM BELL TECHNOLOGY CO., LTD.",邢台钛铃科技有限公司,E7,E-bike brands,电动车品牌馆,E7-1704,official_826
"TIANJIN RUIGAO TECHNOLOGY CO., LTD.",天津瑞高科技有限公司,E7,E-bike brands,电动车品牌馆,E7-1707,official_827
"JIANGSU JUNHUA HPP CO., LTD.",江苏君华特种高分子材料股份有限公司,E7,E-bike brands,电动车品牌馆,E7-1709,official_828
"DONGGUAN XINGNUO ELECTRONIC TECHNOLOGY CO., LTD.",东莞市星诺电子科技有限公司,E7,E-bike brands,电动车品牌馆,E7-1710,official_829
"YONGKANG DIYITONG LEISURE PRODUCTS CO., LTD.",永康市迪亿通休闲用品有限公司,E7,E-bike brands,电动车品牌馆,E7-1711,official_830
"FOSHAN DAHANG PRECISION TECHNOLOGY CO., LTD.",佛山市大航精密科技有限公司,E7,E-bike brands,电动车品牌馆,E7-1713,official_831
一速镁业（兰溪市）有限责任公司,一速镁业（兰溪市）有限责任公司,E7,E-bike brands,电动车品牌馆,E7-1715,official_832
WENLING YINGMA MACHINERY PARTS FACTORY,温岭市鹰马机械配件厂,E7,E-bike brands,电动车品牌馆,E7-1719,official_833
"FUXIN ELECTRIC VEHICLE, LINYI HIGH-TECH ZONE, SHANDONG",临沂高新区傅鑫电动车厂,E7,E-bike brands,电动车品牌馆,E7-1720,official_834
"XINGTAI TUBAI ELECTRIC BIYCLE CO., LTD.",邢台图柏电动自行车有限公司,E7,E-bike brands,电动车品牌馆,E7-1721,official_835
"K-LITE (SHANGHAI) INDUSTRIAL CO., LTD.",上海科光实业有限公司,E7,E-bike brands,电动车品牌馆,E7-1725,official_836
TAICANG ACT SPORTING GOODS TESTING COMPANY,太仓型动运动用品检测有限公司,E7,E-bike brands,电动车品牌馆,E7-1726,official_837
宿迁致晖电子有限公司,宿迁致晖电子有限公司,E7,E-bike brands,电动车品牌馆,E7-1727,official_838
"SUZHOU MEIDE SPORTS TECHNOLOGY CO., LTD.",苏州镁德运动科技有限公司,E7,E-bike brands,电动车品牌馆,E7-1728,official_839
TIANJIN BUNNYHOP SPORTS AND MEDIA,天津兔跳体育文化传播有限公司,E7,E-bike brands,电动车品牌馆,E7-1729,official_840
UPTON TECHNOLOGY,上腾科技（广州）有限公司,E7,E-bike brands,电动车品牌馆,E7-1730,official_841
PT TERANG DUNIA INTERNUSA TBK,PT TERANG DUNIA INTERNUSA TBK,E7,E-bike brands,电动车品牌馆,E7-1731,official_842
"SHENZHEN YEESTEP TECHNOLOGY CO., LTD.",深圳市亦小步科技有限公司,E7,E-bike brands,电动车品牌馆,E7-1801,official_843
MKT,莱茵技术（苏州）有限公司,E7,E-bike brands,电动车品牌馆,E7-1803,official_844
"DONGGUAN MOTOVELO TECHNOLOGY CO., LTD.",东莞市摩乐出行科技有限公司,E7,E-bike brands,电动车品牌馆,E7-1805,official_845
"NINGBO XINQI SCIENCE AND TECHNOLOGY CO., LTD.",宁波新骑科技有限公司,E7,E-bike brands,电动车品牌馆,E7-1807,official_846
"ZHEJIANG AOHUANG INDUSTRY &amp; TRADE CO., LTD.",浙江奥煌工贸有限公司,E7,E-bike brands,电动车品牌馆,E7-1811,official_847
宁波哲可机械有限公司,宁波哲可机械有限公司,E7,E-bike brands,电动车品牌馆,E7-1814,official_848
"HANGZHOU SPIRIT RUN TECHNOLOGY CO., LTD.",杭州灵跑科技有限公司,E7,E-bike brands,电动车品牌馆,E7-1815,official_849
"METAV (CHONGQING) DIGITAL TECHNOLOGY CO., LTD.",米塔维（重庆）数字科技有限公司,E7,E-bike brands,电动车品牌馆,E7-1817,official_850
E-MA INTERNATIONAL CORP.,一马国际有限公司,N1,International Brands,两轮品牌馆,N1-0001,official_851
"DONGGUAN SHUANGCHENGQIBING SPORTS GOODS CO., LTD.",东莞市双城骑兵体育用品有限公司,N1,International Brands,两轮品牌馆,N1-0003,official_852
"DONGGUAN EANBURG SPORTING GOODS CO., LTD.",东莞伊恩伯格体育用品有限公司,N1,International Brands,两轮品牌馆,N1-0006,official_853
GAERNE SPA,Gaerne spa,N1,International Brands,两轮品牌馆,N1-0007,official_854
HORIM GLOBAL CORPORATION,HORIM GLOBAL CORPORATION,N1,International Brands,两轮品牌馆,N1-0008,official_855
SHANGHAI QY TRADING COMPANY,上海骑砚商贸有限公司,N1,International Brands,两轮品牌馆,N1-0009,official_856
"TUNAP (SHANGHAI) INT'L TRADE CO., LTD.",统耐保（上海）国际贸易有限公司,N1,International Brands,两轮品牌馆,N1-0011,official_857
"CHANGZHOU BOSHUO NEW ENERGY CO., LTD.",常州博硕新能源有限责任公司,N1,International Brands,两轮品牌馆,N1-0013,official_858
GUANGZONG COUNTY JIUYUAN PLASTIC PRODUCTS FACTORY,广宗玖源塑料制品厂,N1,International Brands,两轮品牌馆,N1-0014,official_859
义乌市赛刻户外用品有限公司,义乌市赛刻户外用品有限公司,N1,International Brands,两轮品牌馆,N1-0015,official_860
"JCADI TECHNOLOGY CO., LTD.",无锡捷凯瑞动力科技有限公司,N1,International Brands,两轮品牌馆,N1-0016,official_861
"FENGXIAN JINFEI VEHICLE PARTS CO., LTD.",丰县金飞车辆配件有限公司,N1,International Brands,两轮品牌馆,N1-0017,official_862
"GUANGZHOU SUNYUNSI SPORTS CO., LTD.",广州隼韵思体育用品有限公司,N1,International Brands,两轮品牌馆,N1-0018,official_863
"BAOJI HONGLONG NONFERROUS METAL MATERIALS CO., LTD.",宝鸡宏隆有色金属材料有限公司,N1,International Brands,两轮品牌馆,N1-0019,official_864
HEBEI DONGHAI PUMP FACTORY,唐山市丰润区东海气筒厂,N1,International Brands,两轮品牌馆,N1-0021,official_865
"XINGTAI SAFETY &amp; RIDE BICYCLE CO., LTD.",邢台安之行自行车有限公司,N1,International Brands,两轮品牌馆,N1-0022,official_866
"JIANGYIN KANGYIN AUTO INDUSTRY PARTS CO., LTD.",江阴市康寅车业部件有限公司,N1,International Brands,两轮品牌馆,N1-0023,official_867
"FOSHAN KEXIANG PRECISION COMPONENTS CO., LTD.",佛山市科翔精密零部件有限公司,N1,International Brands,两轮品牌馆,N1-0024,official_868
"GUANGZHOU SHEENBOW PIGMENT TECHONOLOGY CO., LTD.",广州鑫铂颜料科技有限公司,N1,International Brands,两轮品牌馆,N1-0025,official_869
"SHANGHAI UPIOT TECHNOLOGY CO., LTD.",上海量讯物联技术有限公司,N1,International Brands,两轮品牌馆,N1-0026,official_870
NINGHAI XIDIAN FANGYU ELECTRIC APPLIANCE FACTORY,宁海县西店方宇电器厂,N1,International Brands,两轮品牌馆,N1-0027,official_871
EVER SUN,宁波永隼电子科技有限公司,N1,International Brands,两轮品牌馆,N1-0028,official_872
"CIXI JIAMIN CYCLE CO., LTD.",慈溪市佳旻车业有限公司,N1,International Brands,两轮品牌馆,N1-0029,official_873
"XIAMEN JIADESHENG EYEWEAR CO., LTD.",厦门佳得胜眼镜有限公司,N1,International Brands,两轮品牌馆,N1-0030,official_874
"SHENZHEN BIOSLED TECHNOLOGY CO., LTD.",深圳市研色科技有限公司,N1,International Brands,两轮品牌馆,N1-0031,official_875
"SHANDONG JINGPIN ELECTRIC VEHICLE TECHNOLOGY CO., LTD.",山东京品电动车科技有限公司,N1,International Brands,两轮品牌馆,N1-0032,official_876
"SHANGHAI LIANYI BEARING TECHNOLOGY CO., LTD.",上海涟屹轴承科技有限公司,N1,International Brands,两轮品牌馆,N1-0034,official_877
超人慧行（深圳）科技有限公司,超人慧行（深圳）科技有限公司,N1,International Brands,两轮品牌馆,N1-0035,official_878
"XINGTAI JINTA BICYCLE CO., LTD.",邢台锦踏自行车有限公司,N1,International Brands,两轮品牌馆,N1-0036,official_879
WINLUCK CYCLE CORP.,得运国际股份有限公司,N1,International Brands,两轮品牌馆,N1-0105,official_880
VEE RUBBER CORPORATION LID.,VEE RUBBER CORPORATION LID.,N1,International Brands,两轮品牌馆,N1-0107,official_881
"CYZODA-HANGZHOU ZHONGYIDA TECHNOLOGY CO., LTD.",杭州中易达科技有限公司,N1,International Brands,两轮品牌馆,N1-0110,official_882
"SHENZHEN BAOLUJIE BICYCLE CO., LTD. DONGGUAN BRANCH",深圳市保路捷自行车有限公司东莞分公司,N1,International Brands,两轮品牌馆,N1-0115,official_883
"DONGGUAN XUANJING ELECTRONICS CO., LTD.",东莞市轩璟电子有限公司,N1,International Brands,两轮品牌馆,N1-0117,official_884
"XINGTAI JIEJIAN BICYCLE MANUFACTURING CO., LTD.",邢台捷健自行车制造有限公司,N1,International Brands,两轮品牌馆,N1-0120,official_885
"XINGTAI QILI BICYCLE ACCESSORIES CO., LTD.",邢台市齐利自行车配件有限公司,N1,International Brands,两轮品牌馆,N1-0123,official_886
LINER LNJECTION MOLDING FACTORY,平乡县麟儿注塑厂,N1,International Brands,两轮品牌馆,N1-0126,official_887
康帕斯（河北）橡胶有限公司,康帕斯（河北）橡胶有限公司,N1,International Brands,两轮品牌馆,N1-0128,official_888
GUANGZONG COUNTY JIEAO BICYCLE ACCESSORIES FACTORY,广宗县捷奥鞍座有限公司,N1,International Brands,两轮品牌馆,N1-0129,official_889
"BORAD SPORTS TECHNOLOGY (SHENZHEN) CO., LTD.",博拉德运动科技（深圳）有限公司,N1,International Brands,两轮品牌馆,N1-0130,official_890
"DONGGUAN SHUQI SPORTS PRODUCTS CO., LTD.",东莞市舒骑运动用品有限公司,N1,International Brands,两轮品牌馆,N1-0132,official_891
"CHANGZHOU CHINGYI ENERGY TECHNOLOGY CO., LTD.",常州橙易新能源科技有限公司,N1,International Brands,两轮品牌馆,N1-0133,official_892
"SHENGLONG MECHINERY CO., LTD.",盐城市晟隆机械有限公司,N1,International Brands,两轮品牌馆,N1-0134,official_893
"SHENZHEN OPUTE INDUSTRY MATERIALS CO., LTD.",深圳市欧普特工业材料有限公司,N1,International Brands,两轮品牌馆,N1-0136,official_894
"XIAMEN XINHAOYUE TECHNOLOGY CO., LTD.",厦门鑫皓月科技有限公司,N1,International Brands,两轮品牌馆,N1-0138,official_895
"XINGTAI KANGNUODA TECHNOLOGY CO., LTD.",邢台康诺达科技有限公司,N1,International Brands,两轮品牌馆,N1-0140,official_896
HEBEI GUANGZONG ZHIXIANG BICYCLE PARTS FACTORY,河北广宗县智翔自行车配件厂,N1,International Brands,两轮品牌馆,N1-0141,official_897
"NINGBO TIEKECHONG TUBE INDUSTRY CO., LTD.",宁波市铁壳虫管业有限公司,N1,International Brands,两轮品牌馆,N1-0142,official_898
"XIAMEN LUTAN SPORTS EQUIPMENT CO., LTD.",厦门鹭碳运动器材有限公司,N1,International Brands,两轮品牌馆,N1-0143,official_899
"LANGFANG ZHONGXIN ELECTRONIC TECHNOLOGY CO., LTD.",廊坊中芯电子科技有限公司,N1,International Brands,两轮品牌馆,N1-0144,official_900
"YONGKANG TUOXIN INTELLIGENT TECHNOLOGY CO., LTD.",永康市拓新智能科技有限公司,N1,International Brands,两轮品牌馆,N1-0146,official_901
"BEIJING HONOR THE UNKNOWN TECHNOLOGY CO., LTD.",北京致敬未知科技有限公司,N1,International Brands,两轮品牌馆,N1-0147,official_902
"SICHUAN REACH JIAYUAN MATHINERY CO., LTD.",四川瑞迪佳源机械有限公司,N1,International Brands,两轮品牌馆,N1-0148,official_903
VOOK,广州特稳科技有限公司,N1,International Brands,两轮品牌馆,N1-0201,official_904
无锡市奥特莱电机制造有限公司,无锡市奥特莱电机制造有限公司,N1,International Brands,两轮品牌馆,N1-0228,official_905
"XINGTAI KAIZHIYUE CHILDREN'S TOYS CO., LTD.",邢台市凯之岳儿童玩具有限公司,N1,International Brands,两轮品牌馆,N1-0230,official_906
"JIANGXI LIGHT SHARK TECHNOLOGY CO., LTD.",江西轻鲨科技有限公司,N1,International Brands,两轮品牌馆,N1-0232,official_907
"RUI'AN DONGXIANG HARDWARE ACCESSORIES CO., LTD.",瑞安市东翔五金配件有限公司,N1,International Brands,两轮品牌馆,N1-0233,official_908
"NINGBO YURUIJIA ELECTRONIC TECHNOLOGY CO., LTD.",宁波昱瑞佳电子科技有限公司,N1,International Brands,两轮品牌馆,N1-0234,official_909
"NINGBO KANGXUAN PLASTIC PRODUCTS CO., LTD.",宁波康炫塑料制品有限公司,N1,International Brands,两轮品牌馆,N1-0236,official_910
"JIAXING LANTUO VEHICLE INDUSTRY CO., LTD.",嘉兴市澜拓车业有限公司,N1,International Brands,两轮品牌馆,N1-0238,official_911
"TIANCHANG NOCHENG NEW ENERGY CO., LTD.",天长市诺诚新能源有限公司,N1,International Brands,两轮品牌馆,N1-0240,official_912
"YUEQING HONGXUN TECHNOLOGY CO., LTD.",乐清市宏讯科技有限公司,N1,International Brands,两轮品牌馆,N1-0241,official_913
河北仕美高压气筒制造有限公司,河北仕美高压气筒制造有限公司,N1,International Brands,两轮品牌馆,N1-0242,official_914
武义爱驰工贸有限公司,武义爱驰工贸有限公司,N1,International Brands,两轮品牌馆,N1-0244,official_915
"NINGBO MANER OUTDOOR PRODUCTS CO., LTD.",宁波曼尔户外用品有限公司,N1,International Brands,两轮品牌馆,N1-0246,official_916
"WUXI JIULAN ELECTRIC TECHNOLOGY CO., LTD.",久蓝电动科技（无锡）有限公司,N1,International Brands,两轮品牌馆,N1-0247,official_917
天津踏浪科技股份有限公司,天津踏浪科技股份有限公司,N1,International Brands,两轮品牌馆,N1-0405,official_918
"HEBEI BICYSTAR GROUP CO., LTD.",河北倍斯达集团有限公司,N1,International Brands,两轮品牌馆,"N1-0410, E1-1144",official_919
"HEBEI XINUONUO VEHICLE INDUSTRY CO., LTD.",河北禧诺诺车业有限公司,N1,International Brands,两轮品牌馆,N1-0420,official_920
"HANGZHOU LONGLI INTELLIGENT TECHNOLOGY CO., LTD.",杭州龙砺智能科技有限公司,N1,International Brands,两轮品牌馆,N1-0426,official_921
PINGXIANG WENTIAN BASKET FACTORY,平乡县文天车筐厂,N1,International Brands,两轮品牌馆,N1-0430,official_922
"HEBEI JUYOU TECHNOLOGY CO., LTD.",河北巨优科技有限公司,N1,International Brands,两轮品牌馆,N1-0433,official_923
河北韩驰电动自行车有限公司,河北韩驰电动自行车有限公司,N1,International Brands,两轮品牌馆,N1-0434,official_924
"XINGTAI YOUCHENG VEHICLE INDUSTRY CO., LTD.",邢台优诚车业有限公司,N1,International Brands,两轮品牌馆,N1-0436,official_925
BATIC,深圳市建瓴科技有限公司,N1,International Brands,两轮品牌馆,N1-0438,official_926
"YONGKANG RUIXIAN INDUSTRY AND TRADE CO., LTD.",永康市锐贤工贸有限公司,N1,International Brands,两轮品牌馆,N1-0440,official_927
"TIANJIN YIHE TRICYCLE CO., LTD.",天津市意和三轮车有限公司,N1,International Brands,两轮品牌馆,N1-0442,official_928
"GUANGDONG YUECHENG PRECISION TECHNOLOGY CO., LTD.",广东悦成精密技术有限公司,N1,International Brands,两轮品牌馆,N1-0443,official_929
"DONGGUAN HXN POWER TECHNOLOGY CO., LTD.",东莞宏芯能科技有限公司,N1,International Brands,两轮品牌馆,N1-0444,official_930
"XIAJIN XINHUAYANG MACHINERY TECHNOLOGY CO., LTD.",夏津县鑫华洋机械科技有限公司,N1,International Brands,两轮品牌馆,N1-0446,official_931
"DONGGUAN YOUCAI ELECTRONICS CO., LTD.",东莞悠彩电子有限公司,N1,International Brands,两轮品牌馆,N1-0447,official_932
"XINGTAI HENG HAI CHILDREN'S TOY CO., LTD.",邢台恒海儿童玩具有限公司,N1,International Brands,两轮品牌馆,N1-0449,official_933
临沂建诚新能源车业有限公司,临沂建诚新能源车业有限公司,N1,International Brands,两轮品牌馆,N1-0533,official_934
"WUXI LINGMING ELECTRIC DRIVE TECHNOLOGY CO., LTD.",无锡菱铭电驱动科技有限公司,N1,International Brands,两轮品牌馆,N1-0536,official_935
深圳市冀德盛科技有限公司,深圳市冀德盛科技有限公司,N1,International Brands,两轮品牌馆,N1-0538,official_936
"FUSITE PRECISION MACHINERY TECHNOLOGY (WUXI) CO., LTD.",孚斯特精密机械科技（无锡）有限公司,N1,International Brands,两轮品牌馆,N1-0540,official_937
"SHENZHEN JINGAO SI INDUSTRIAL CO., LTD.",深圳市京奥斯实业有限公司,N1,International Brands,两轮品牌馆,N1-0541,official_938
"TIANCHANG LVPU ELECTRONICS CO., LTD.",天长市绿普尔电子有限公司,N1,International Brands,两轮品牌馆,N1-0542,official_939
"WUXI JIANMO ELECTRIC VEHICLE CO., LTD.",无锡建摩电动车有限公司,N1,International Brands,两轮品牌馆,N1-0543,official_940
"FOSHAN KOREWEI TECHNOLOGY CO., LTD.",佛山市科雷威科技有限公司,N1,International Brands,两轮品牌馆,N1-0546,official_941
JEZETEK,重庆九洲星熠导航设备有限公司,N1,International Brands,两轮品牌馆,N1-0547,official_942
郑州敖雄电子科技有限公司,郑州敖雄电子科技有限公司,N1,International Brands,两轮品牌馆,N1-0548,official_943
RIDE AVENTON INC.,RIDE AVENTON INC.,N1,International Brands,两轮品牌馆,N1-0601,official_944
INKODOP TECHNOLOGIES PRIVATE LIMITED,Inkodop Technologies Private Limited,N1,International Brands,两轮品牌馆,N1-0720,official_945
"TIANJIN MINGTAI BICYCLE INDUSTRY CO., LTD.",天津明泰车业有限公司,N1,International Brands,两轮品牌馆,N1-0723,official_946
"XINGTAI HUOLINGNIAO ELECTRIC BICYCLE CO., LTD.",邢台火灵鸟电动自行车有限责任公司,N1,International Brands,两轮品牌馆,N1-0730,official_947
"JIANGSU AITEFU STOCK CO., LTD.",江苏爱特福股份有限公司,N1,International Brands,两轮品牌馆,N1-0733,official_948
"ANHUI WUFUSHI TECHNOLOGY CO., LTD.",安徽屋伏石科技有限公司,N1,International Brands,两轮品牌馆,N1-0736,official_949
"XINGTAI MAIJING TECHNOLOGY CO., LTD.",邢台迈晶科技有限公司,N1,International Brands,两轮品牌馆,N1-0738,official_950
"LINYI LANSHENG NEW ENERGY ELECTRIC BIKE CO., LTD.",临沂揽胜新能源电动车有限公司,N1,International Brands,两轮品牌馆,N1-0740,official_951
"LINYI ZHONGYI TRADING CO., LTD.",临沂中义商贸有限公司,N1,International Brands,两轮品牌馆,N1-0741,official_952
苏州锐奥德贸易有限公司,苏州锐奥德贸易有限公司,N1,International Brands,两轮品牌馆,N1-0742,official_953
"DONGGUAN SHUNLIAN SPORTS GOODS CO., LTD.",东莞市顺联运动用品有限公司,N1,International Brands,两轮品牌馆,N1-0746,official_954
"LANGFANG KAICHAO PLASTIC PRODUCTS CO., LTD.",廊坊凯潮塑料制品有限公司,N1,International Brands,两轮品牌馆,N1-0748,official_955
"QINGHE COUNTY FANSHUN AUTO PARTS CO., LTD.",清河县帆顺汽车配件有限公司,N1,International Brands,两轮品牌馆,N1-0749,official_956
盈顺（邢台）车业有限公司,盈顺（邢台）车业有限公司,N1,International Brands,两轮品牌馆,N1-0836,official_957
"NINGBO MACHFALLY ELECTRIC APPLIANCE CO., LTD.",宁波麦创电器有限公司,N1,International Brands,两轮品牌馆,N1-0838,official_958
天津市拓宇科技有限公司,天津市拓宇科技有限公司,N1,International Brands,两轮品牌馆,N1-0840,official_959
东莞东祺星科技有限公司,东莞东祺星科技有限公司,N1,International Brands,两轮品牌馆,N1-0846,official_960
宁波炬通汽配有限公司,宁波炬通汽配有限公司,N1,International Brands,两轮品牌馆,N1-0847,official_961
"SHENZHEN RRJ-DISPLAY TECHNOLOGY CO., LTD.",深圳日日佳显示技术有限公司,N1,International Brands,两轮品牌馆,N1-0848,official_962
TINY GROUP,安徽阿蒂娜机电科技有限公司,N1,International Brands,两轮品牌馆,N1-0901,official_963
天津皓轮自行车有限公司,天津皓轮自行车有限公司,N1,International Brands,两轮品牌馆,N1-0905,official_964
CEPHAS CORP.,Cephas corp.,N1,International Brands,两轮品牌馆,N1-0910,official_965
"ZHEJIANG JIUZHOU NEW ENERGY TECHNOLOGY CO., LTD.",浙江九洲新能源科技有限公司,N1,International Brands,两轮品牌馆,N1-0915,official_966
"XIAMEN GOOSYNN TECHNOLOGY CO., LTD.",厦门毂行科技有限公司,N1,International Brands,两轮品牌馆,N1-0920,official_967
"BAOJI GUAN HENG TITANIUM INDUSTRY CO., LTD.",宝鸡冠恒钛业股份有限公司,N1,International Brands,两轮品牌馆,N1-0923,official_968
"WENZHOU NAIBAO LOCK CO., LTD.",温州耐保锁业有限公司,N1,International Brands,两轮品牌馆,N1-0926,official_969
"FENGYANG LS LIGHT ALLOY PRECISE FORMING CO., LTD.",凤阳爱尔思轻合金精密成型有限公司,N1,International Brands,两轮品牌馆,N1-0928,official_970
"YUANMAOXIN (TIANJIN) TECHNOLOGY CO., LTD.",源茂鑫（天津）科技有限公司,N1,International Brands,两轮品牌馆,N1-0930,official_971
"CHANGZHOU DASEN MACHINERY CO., LTD. ,JIANGSU,CHINA",常州市大森机械有限公司,N1,International Brands,两轮品牌馆,N1-0933,official_972
"WEIQIN OUTDOOR PRODUCTS CO., LTD.",东莞市威勤户外用品有限公司,N1,International Brands,两轮品牌馆,N1-0936,official_973
"JIANGSU HUYUE STANDARD PARTS CO., LTD.",江苏虎跃标准件有限公司,N1,International Brands,两轮品牌馆,N1-0938,official_974
"SHENZHEN PENGYIFA PRECISION MOULD CO., LTD.",深圳市鹏亿发精密模具有限公司,N1,International Brands,两轮品牌馆,N1-0940,official_975
"TIANJIN LINDA TECHNOLOGY CO., LTD.",天津市林达科技有限公司,N1,International Brands,两轮品牌馆,N1-0942,official_976
文安县聚朗科技有限公司,文安县聚朗科技有限公司,N1,International Brands,两轮品牌馆,N1-0946,official_977
"JINHUA YUEBU AUTOMOBILE CO., LTD.",金华悦步车业有限公司,N1,International Brands,两轮品牌馆,N1-0948,official_978
"FOSHAN LIFENG MOTOR MANUFACTURING CO., LTD.",佛山厉风电机制造有限公司,N1,International Brands,两轮品牌馆,N1-1038,official_979
"ZHONG SHAN JIYANG PHOTOELECTRIC TECHNOLOGY CO., LTD.",中山市激扬光电科技有限公司,N1,International Brands,两轮品牌馆,N1-1040,official_980
"SUZHOU TREE FROG SPORTS EQUIPMENT CO., LTD.",苏州绿树蛙运动器材有限责任公司,N1,International Brands,两轮品牌馆,N1-1042,official_981
"HANDAN BEIKE INTELLIGENT TECHNOLOGY CO., LTD.",邯郸市贝可智能科技有限公司,N1,International Brands,两轮品牌馆,N1-1046,official_982
"DONGGUAN YUESHUN ELECTRONIC TECHNOLOGY CO., LTD.",东莞市粤顺电子科技有限公司,N1,International Brands,两轮品牌馆,N1-1049,official_983
JIANGMEN SHENGTAO SPORTS EQUIPMENT COMPANY LIMITED,江门市盛韬运动器材有限公司,N1,International Brands,两轮品牌馆,N1-1210,official_984
"IRIDING (SHENZHEN) TECHNOLOGY CO., LTD.",骑记（深圳）科技有限公司,N1,International Brands,两轮品牌馆,N1-1217,official_985
"SHENZHEN VAN GOGH PRECISION TECHNOLOGY CO., LTD.",深圳市凡高精密科技有限公司,N1,International Brands,两轮品牌馆,N1-1220,official_986
"LIANYUNGANG YIGIPAO OUTDOOR PRODUCTS CO., LTD.",连云港一骑跑户外用品有限公司,N1,International Brands,两轮品牌馆,N1-1223,official_987
"XINGTAI XIDENGHUI SADDLE CO., LTD.",邢台喜登辉鞍座有限公司,N1,International Brands,两轮品牌馆,N1-1226,official_988
东莞市超光速科技有限公司,东莞市超光速科技有限公司,N1,International Brands,两轮品牌馆,N1-1228,official_989
"HEBEI LEHECHUANG CHILDREN'S PRODUCTS CO., LTD.",河北乐合创儿童用品有限公司,N1,International Brands,两轮品牌馆,N1-1230,official_990
"WUXI BENJU ELECTRONIC PRODUCTS CO., LTD.",无锡德睿聚电子科技有限公司,N1,International Brands,两轮品牌馆,N1-1232,official_991
"JINHUA KINGPLAY SCIENCE AND TECHNOLOGY CO., LTD.",金华市金雷科技有限公司,N1,International Brands,两轮品牌馆,N1-1233,official_992
"PINGXIANG LVJUN BICYCLE CO., LTD.",平乡县绿骏自行车有限公司,N1,International Brands,两轮品牌馆,N1-1236,official_993
"HUIZHOU EVIC ELECTRONIC CO., LTD.",惠州市亿瑞科电子有限公司,N1,International Brands,两轮品牌馆,N1-1238,official_994
"YIWU MEILONG SPORTS GOODS CO., LTD.",义乌美龙体育用品有限公司,N1,International Brands,两轮品牌馆,N1-1240,official_995
"DONGGUAN ZHONGDA SENSING TECHNOLOGY CO., LTD.",东莞众达传感科技有限公司,N1,International Brands,两轮品牌馆,N1-1242,official_996
河东区友成电动车厂,河东区友成电动车厂,N1,International Brands,两轮品牌馆,N1-1243,official_997
"JIEYANG&nbsp;TIEQI&nbsp;MOTORCYCLE&nbsp;ACCESSORIES&nbsp;TRADING&nbsp;CO., LTD.",揭阳市铁骑摩托车配件贸易有限公司,N1,International Brands,两轮品牌馆,N1-1244,official_998
台州烨君机车部件有限公司,台州烨君机车部件有限公司,N1,International Brands,两轮品牌馆,N1-1246,official_999
"XINGTAI LAISEN BICYCLE PARTS CO., LTD.",邢台市莱森自行车零件有限公司,N1,International Brands,两轮品牌馆,N1-1247,official_1000
东莞市精聚五金制品有限公司,东莞市精聚五金制品有限公司,N1,International Brands,两轮品牌馆,N1-1248,official_1001
"DONGGUAN YUFENG TECHNOLOGY CO., LTD.",东莞市驭峰科技有限公司,N1,International Brands,两轮品牌馆,N1-1249,official_1002
COLNAGO ERNESTO E C. SRL,Colnago Ernesto E C. SRL,N1,International Brands,两轮品牌馆,N1-1301,official_1003
无锡岚途车业有限公司,无锡岚途车业有限公司,N1,International Brands,两轮品牌馆,N1-1315,official_1004
"CHANGZHOU KERUIQI SPORTS GOODS CO., LTD.",常州科锐奇体育用品有限公司,N1,International Brands,两轮品牌馆,N1-1323,official_1005
"XINGTAI SHI SUTI BICYCLE CO., LTD.",邢台市速缇自行车有限公司,N1,International Brands,两轮品牌馆,N1-1330,official_1006
"SHANDONG CHAOWEI YUANLI ENERGY CO., LTD.",山东超威原力能源有限公司,N1,International Brands,两轮品牌馆,N1-1333,official_1007
"GUANGDONG COBOST TECHNOLOGY CO., LTD.",广东可波斯特科技有限公司,N1,International Brands,两轮品牌馆,N1-1336,official_1008
福州利菱橡塑有限公司,福州利菱橡塑有限公司,N1,International Brands,两轮品牌馆,N1-1338,official_1009
"YONGKANG TOMI INDUSTRY AND TRADE CO., LTD.",永康市托米工贸有限公司,N1,International Brands,两轮品牌馆,N1-1340,official_1010
"SHANGHAIZICHENGARMENTCO., LTD.",上海梓辰服饰有限公司,N1,International Brands,两轮品牌馆,N1-1342,official_1011
"WENZHOU XINWEILMPORT AND EXPORTCO., LTD.",温州兴远户外用品有限公司,N1,International Brands,两轮品牌馆,N1-1344,official_1012
"GUANGZHOU 621 APPAREL CO., LTD.",广州六二一服饰有限公司,N1,International Brands,两轮品牌馆,N1-1346,official_1013
"YONGKANG TONGBO TECHNOLOGY CO., LTD.",永康市童博科技有限公司,N1,International Brands,两轮品牌馆,N1-1347,official_1014
"HEBEI MINGWO MACHINERY MANUFACTURING CO., LTD.",河北铭沃机械制造有限公司,N1,International Brands,两轮品牌馆,N1-1349,official_1015
EURO-CYCLES SA,EURO-CYCLES,N1,International Brands,两轮品牌馆,N1-1505,official_1016
ALLEN.BIKE,ALLEN.BIKE,N1,International Brands,两轮品牌馆,N1-1510,official_1017
BANANA GROUP LIMITED,Banana Group Limited,N1,International Brands,两轮品牌馆,N1-1512,official_1018
"SHANDONG CHAOWEI FUSHIDA NEW ENERGY TECHNOLOGY CO., LTD.",山东超威富士达新能源科技有限公司,N1,International Brands,两轮品牌馆,N1-1515,official_1019
"GUANGDONG DEXINGHAO BICYCLE CO., LTD.",广东德幸好自行车有限公司,N1,International Brands,两轮品牌馆,N1-1517,official_1020
"GUANGZHOU KONGLI FORMULA SPORTS DEVELOPMENT CO., LTD.",广州空力公式体育发展有限公司,N1,International Brands,两轮品牌馆,N1-1520,official_1021
"DONGGUAN OUYI INDUSTRIAL CO., LTD.",东莞市欧艺标牌有限公司,N1,International Brands,两轮品牌馆,N1-1523,official_1022
"JIANXIKA (TIANJIN) INTELLIGENT TECHNOLOGY CO., LTD.",简西卡（天津）智能科技有限公司,N1,International Brands,两轮品牌馆,N1-1526,official_1023
"ANHUI HONGGUANG ELECTRONICS CO., LTD.",天长市宏光电子有限责任公司,N1,International Brands,两轮品牌馆,N1-1528,official_1024
"NINGBO CHUANGHONYI BEARING CO., LTD.",宁波庄宏亿轴承有限公司,N1,International Brands,两轮品牌馆,N1-1530,official_1025
"LINYI YUNHONG CAR INDUSTRY CO., LTD.",临沂云鸿车业有限公司,N1,International Brands,两轮品牌馆,N1-1533,official_1026
"NINGBO SHILONG BEARING CO., LTD.",宁波实隆轴承有限公司,N1,International Brands,两轮品牌馆,N1-1536,official_1027
"DONGGUAN CHAMRIDER TECHNOLOGY CO., LTD.",东莞市创易达科技有限公司,N1,International Brands,两轮品牌馆,N1-1538,official_1028
HENGKUAN BICYCLE ACCESSORIES FACTORY,河北省恒宽自行车配件厂,N1,International Brands,两轮品牌馆,N1-1540,official_1029
"WENZHOU YAQI TECHNOLOGY CO., LTD.",温州雅琪科技有限公司,N1,International Brands,两轮品牌馆,N1-1541,official_1030
"XIAMEN KEET SPORTS TECHNOLOGY CO., LTD.",厦门科伊特运动科技有限公司,N1,International Brands,两轮品牌馆,N1-1542,official_1031
"HUBO SPORTS PRODUCTS CO., LTD.",广东钜保运动用品有限公司,N1,International Brands,两轮品牌馆,N1-1543,official_1032
PINGXIANG COUNTY YUETU BICYCLE PARTS FACTORY,平乡县悦途自行车配件厂,N1,International Brands,两轮品牌馆,N1-1544,official_1033
"XINGTAI SIMOER STEEL BALL CO., LTD.",邢台丝摩尔钢球有限公司,N1,International Brands,两轮品牌馆,N1-1546,official_1034
"CHANGZHOU FOUND ENVIRONMENTAL TECHNOLOGY CO., LTD.",常州方德环境科技有限公司,N1,International Brands,两轮品牌馆,N1-1548,official_1035
"NINGBO JINTA IMPORT AND EXPORT CO., LTD.",宁波金达进出口有限公司,N1,International Brands,两轮品牌馆,N1-1623,official_1036
"CIXI BANMA IMPORT AND EXPORT CO., LTD.",慈溪市斑马进出口有限公司,N1,International Brands,两轮品牌馆,N1-1626,official_1037
"TIANJIN SHENGKUO TRADING CO., LTD.",天津市盛阔商贸有限公司,N1,International Brands,两轮品牌馆,N1-1628,official_1038
"JIANG DING TECHNOLOGIES (HUIZHOU) CO., LTD.",将顶科技（惠州）有限公司,N1,International Brands,两轮品牌馆,N1-1632,official_1039
"NANTONG ZOMART SPORTS TECHNOLOGY CO., LTD.",南通卓玛特运动科技有限公司,N1,International Brands,两轮品牌馆,N1-1636,official_1040
深圳市几乐创新科技有限公司,深圳市几乐创新科技有限公司,N1,International Brands,两轮品牌馆,N1-1638,official_1041
"XINGTAI HANTES VEHICLE INDUSTRY CO., LTD.",邢台翰特斯车业有限公司,N1,International Brands,两轮品牌馆,N1-1640,official_1042
"GHENGFENG SHOCK-ABSORBING SPORTS EQUIPMENT CO., LTD.",东莞市恒峰避震运动器材有限公司,N1,International Brands,两轮品牌馆,N1-1642,official_1043
"FOSHAN SHUNDE GUANYUDA POWER SUPPLY CO., LTD.",佛山市顺德区冠宇达电源有限公司,N1,International Brands,两轮品牌馆,N1-1643,official_1044
SHENGYOUBEI,邢台圣优贝车业有限公司,N1,International Brands,两轮品牌馆,N1-1644,official_1045
"XINGTAI MAOZHOU TECHNOLOGY CO., LTD.",邢台茂洲科技有限公司,N1,International Brands,两轮品牌馆,N1-1646,official_1046
"QUANZHOU LEYI OUTDOOR PRODUCTS CO., LTD.",泉州市乐益户外用品有限公司,N1,International Brands,两轮品牌馆,N1-1647,official_1047
常州海恒电子料技有限公司,常州海恒电子料技有限公司,N1,International Brands,两轮品牌馆,N1-1649,official_1048
"GUANGZHOU SAIJING TRADING CO., LTD.",广州赛竞贸易有限公司,N1,International Brands,两轮品牌馆,N1-1701,official_1049
BUILDVIEW LIMITED,创文集团有限公司,N1,International Brands,两轮品牌馆,N1-1704,official_1050
RIDUCK INC.,Riduck Inc.,N1,International Brands,两轮品牌馆,N1-1706,official_1051
"MONOERIC INTERNATIONAL CO., LTD.",扬均企业股份有限公司,N1,International Brands,两轮品牌馆,N1-1708,official_1052
LI YI DA LTD.,利易达有限公司,N1,International Brands,两轮品牌馆,N1-1709,official_1053
VITTORIA SOURCING ASIA,VITTORIA SOURCING ASIA,N1,International Brands,两轮品牌馆,N1-1711,official_1054
"SHENZHEN HUILI PRECISION HARDWARE PRODUCTS CO., LTD.",深圳市辉利精工五金制品有限公司,N1,International Brands,两轮品牌馆,N1-1713,official_1055
文安县冠亚五金制品厂,文安县冠亚五金制品厂,N1,International Brands,两轮品牌馆,N1-1714,official_1056
"XINGTAI SHUANGYI CAR INDUSTRY CO., LTD.",邢台双艺车业有限公司,N1,International Brands,两轮品牌馆,N1-1715,official_1057
"SHENZHEN MAHIM SPORTS TECHNOLOGY CO., LTD.",深圳玛希姆运动科技有限公司,N1,International Brands,两轮品牌馆,N1-1716,official_1058
"CHANGZHOU SUTE BEARING MANUFACTURE CO., LTD.",常州苏特轴承制造有限公司,N1,International Brands,两轮品牌馆,N1-1717,official_1059
"CHANGZHOU JIELING BEARING CO., LTD.",常州市杰灵轴承有限公司,N1,International Brands,两轮品牌馆,N1-1718,official_1060
"XI'AN TITAN CYCLES CO., LTD.",西安尼泰工贸有限公司,N1,International Brands,两轮品牌馆,N1-1719,official_1061
"XINGTAI SPORK SPORTING GOODS CO., LTD.",邢台斯伯克体育用品有限公司,N1,International Brands,两轮品牌馆,N1-1720,official_1062
"AOSI STAR (TIANJIN) TECHNOLOGY CO., LTD.",奥斯之星（天津）科技有限公司,N1,International Brands,两轮品牌馆,N1-1721,official_1063
"GUANGZONG COUNTY AOQI TIRE MANUFACTURING CO., LTD.",广宗县澳奇轮胎制造有限公司,N1,International Brands,两轮品牌馆,N1-1723,official_1064
昆山市宝佳隆机械设备有限公司,昆山市宝佳隆机械设备有限公司,N1,International Brands,两轮品牌馆,N1-1724,official_1065
"ZHEJIANG SANJIU TOOLS CO., LTD.",永康三久工具有限公司,N1,International Brands,两轮品牌馆,N1-1725,official_1066
厦门博新特复材科技有限公司,厦门博新特复材科技有限公司,N1,International Brands,两轮品牌馆,N1-1726,official_1067
"TELI NEW ENERGY (HUIZHOU) CO., LTD.",特力新能源（惠州）有限公司,N1,International Brands,两轮品牌馆,N1-1727,official_1068
"TIANJIN ZHENMA TECHNOLOGY CO., LTD.",天津真玛科技有限公司,N1,International Brands,两轮品牌馆,N1-1728,official_1069
"CHANGDE HONGYUANLI ELECTRONICS TECHNOLOGY CO., LTD.",常德市红源利电子科技有限公司,N1,International Brands,两轮品牌馆,N1-1729,official_1070
ANCHANG WALL TECHNOLOGY,天津安昌华尔科技有限公司,N1,International Brands,两轮品牌馆,N1-1730,official_1071
"DONGGUAN CYS SPORTS GOODS CO., LTD.",东莞市春源尚运动用品有限公司,N1,International Brands,两轮品牌馆,N1-1731,official_1072
"NINGHAI JIEBO ALUMINIUM CO., LTD.",宁海县杰波铝业有限公司,N1,International Brands,两轮品牌馆,N1-1732,official_1073
"WENZHOU HONGCHENG LOCK CO., LTD.",温州红成锁业有限公司,N1,International Brands,两轮品牌馆,N1-1733,official_1074
"HEBEI TONGLE BICYCLE CO., LTD.",河北童乐自行车有限公司,N1,International Brands,两轮品牌馆,N1-1734,official_1075
"DONGGUAN YONGBAO SPORTS GOODS CO., LTD.",东莞市永宝运动用品有限公司,N1,International Brands,两轮品牌馆,N1-1736,official_1076
"EYESCARE OPTICAL CO., LTD.",艾视科（厦门）光学有限公司,N1,International Brands,两轮品牌馆,N1-1801,official_1077
"HUZHOU WUXING HENGYU GLOVE CO., LTD.",湖州吴兴恒裕手套有限公司,N1,International Brands,两轮品牌馆,N1-1804,official_1078
安徽欣越电子有限公司,安徽欣越电子有限公司,N1,International Brands,两轮品牌馆,N1-1805,official_1079
"DONGGUAN MEICHENG SPORTS GOODS CO., LTD.",东莞市美成运动用品有限公司,N1,International Brands,两轮品牌馆,N1-1806,official_1080
"HUZHOU RUIBANG GLOVE CO., LTD.",湖州瑞邦手套有限公司,N1,International Brands,两轮品牌馆,N1-1807,official_1081
CIXISHI JINGNIU CHEZHOU PEIJIANCHANG,慈溪市金牛车轴配件厂,N1,International Brands,两轮品牌馆,N1-1808,official_1082
"NINGBO MUPIN ELECTRICAL APPLIANCE TECHNOLOGY CO., LTD.",宁波慕品电器科技有限公司,N1,International Brands,两轮品牌馆,N1-1811,official_1083
"SHANGHAI LUNJINGHE TECHNOLOGY CO., LTD.",上海伦景和科技有限公司,N1,International Brands,两轮品牌馆,N1-1812,official_1084
"DONGGUAN ZITENG SPORTS PRODUCTS CO., LTD.",东莞市紫藤运动用品有限公司,N1,International Brands,两轮品牌馆,N1-1813,official_1085
GO COOL,果壳造物（苏州）材料科技有限公司,N1,International Brands,两轮品牌馆,N1-1814,official_1086
"SICHUAN XINGGUANG INTELLIGENT ELECTRONICS CO., LTD.",四川星光智能电子有限公司,N1,International Brands,两轮品牌馆,N1-1816,official_1087
"GUANGZHOU BAOLAY GLASSES TECHNOLOGY CO., LTD.",广州宝来眼镜科技有限公司,N1,International Brands,两轮品牌馆,N1-1817,official_1088
FOX SHIELD,福建泉州星骑科技有限公司,N1,International Brands,两轮品牌馆,N1-1818,official_1089
"SHENZHEN WEITEBAO TRADING CO., LTD.",深圳威特豹贸易有限公司,W1,International brands,国际品牌馆,W1-0001,official_1090
"XIAMEN BAIYEXING OUTDOOR PRODUCTS CO., LTD.",厦门佰业兴户外用品有限公司,W1,International brands,国际品牌馆,W1-0005,official_1091
"WUHAN GRANDPINE TRADING CO., LTD. / SHENZHEN SINOPINE TRADING CO., LTD.",武汉金松源商贸有限公司,W1,International brands,国际品牌馆,W1-0007,official_1092
"SENICX TECHNOLOGY (SHANGHAI) CO., LTD.",驭勇科技（上海）有限公司,W1,International brands,国际品牌馆,W1-0009,official_1093
"YANTAI CHANGHONG PLASTIC PRODUCTS CO., LTD.",烟台长虹塑料制品有限公司,W1,International brands,国际品牌馆,W1-0011,official_1094
"TIANJIN HYSIN ACHIEVEMENT TECHNOLOGIES CO., LTD.",天津华信常阳科技有限公司,W1,International brands,国际品牌馆,W1-0013,official_1095
"CHONGQING HUAJIE BICYCLE CO., LTD.",禾诘企业有限公司/重庆华诘自行车有限公司,W1,International brands,国际品牌馆,W1-0017,official_1096
"HUIZHOU SHUNLI SPORTS GOODS CO., LTD.",惠州市顺利体育用品有限公司,W1,International brands,国际品牌馆,W1-0021,official_1097
AMAZING INDUSTRIES,AMAZING INDUSTRIES,W1,International brands,国际品牌馆,W1-0023,official_1098
珠海市铭庆发展有限公司,珠海市铭庆发展有限公司,W1,International brands,国际品牌馆,W1-0025,official_1099
APRO,野宝科技,W1,International brands,国际品牌馆,W1-0027,official_1100
"JIANGXI MOLICSYN BICYCLE CO., LTD.",江西魔立刻自行车有限公司,W1,International brands,国际品牌馆,W1-0029,official_1101
ASIA BICYCLE TRADING COMPANY,台湾恺拓有限公司,W1,International brands,国际品牌馆,W1-0031,official_1102
SHIMANO (SHANGHAI) SALES CORPORATION,禧玛诺（上海）贸易有限公司,W1,International brands,国际品牌馆,W1-0105,official_1103
"YIWU ROCK SPORTING GOODS CO., LTD.",义乌洛克体育用品有限公司,W1,International brands,国际品牌馆,W1-0111,official_1104
S-PARTS,西安本物商贸有限公司,W1,International brands,国际品牌馆,W1-0115,official_1105
"LIANYUNGANG SHENYING CARBON BIKE CO., LTD.",连云港神鹰碳纤维自行车有限公司,W1,International brands,国际品牌馆,W1-0118,official_1106
"TIANJIN FUSHENGDA SPORTS &amp; LEISURE EQUIPMENT CO., LTD.",天津福盛达运动器材有限公司,W1,International brands,国际品牌馆,W1-0121,official_1107
"GATES TRADE (SHANGHAI) CO., LTD.",盖茨贸易（上海）有限公司,W1,International brands,国际品牌馆,W1-0126,official_1108
"SHANGHAI FUJIE SPORTS CO., LTD.",上海富杰实业有限公司,W1,International brands,国际品牌馆,W1-0131,official_1109
"HUIZHOU PMT SPORTS GOODS CO., LTD.",惠州市品美特运动用品有限公司,W1,International brands,国际品牌馆,W1-0133,official_1110
"TIANJIN MARUISHI BICYCLE CO., LTD.",天津玛瑞仕自行车有限公司,W1,International brands,国际品牌馆,W1-0136,official_1111
"TAIWAN BICYCLE INTELLIGENT CO., LTD.",特购国际贸易有限公司,W1,International brands,国际品牌馆,W1-0138,official_1112
SANTIC INTERNATIONAL GMBH,厦门森地客户外用品有限公司,W1,International brands,国际品牌馆,W1-0142,official_1113
COLMAX INTERNATIONAL LIMITED TAIWAN BRANCH (H.K.),香港商歌美斯国际股份有限公司台湾分公司,W1,International brands,国际品牌馆,W1-0145,official_1114
"GUANGZHOU TRINX SPORTS TECHNOLOGY CO., LTD.",广州市千里达运动科技有限公司,W1,International brands,国际品牌馆,W1-0201,official_1115
"SHENZHEN SUBITE BICYCLE INDUSTRY DEVELOPMENT CO., LTD.",深圳市速比特车业发展有限公司,W1,International brands,国际品牌馆,W1-0315,official_1116
厦门银贝斯体育用品有限公司,厦门银贝斯体育用品有限公司,W1,International brands,国际品牌馆,W1-0318,official_1117
"HANGZHOU YONGHUA BICYCLE CO., LTD.",杭州勇华车业有限公司,W1,International brands,国际品牌馆,W1-0326,official_1118
RETYRE AS,reTyre AS,W1,International brands,国际品牌馆,W1-0331,official_1119
"JIRE (WENZHOU) COMMERCIAL AND TRADING CO., LTD.",吉热（温州）商贸有限公司,W1,International brands,国际品牌馆,W1-0333,official_1120
"CHENG SHIN RUBBER IND. CO., LTD.",正新橡胶工业股份公司,W1,International brands,国际品牌馆,W1-0336,official_1121
YUANDONGLANJIAN,天津市远东蓝剑科技有限公司,W1,International brands,国际品牌馆,W1-0342,official_1122
SOVEREIGN EXPORTS,SOVEREIGN EXPORTS,W1,International brands,国际品牌馆,W1-0345,official_1123
宁波百琦自行车有限公司,宁波百琦自行车有限公司,W1,International brands,国际品牌馆,W1-0505,official_1124
"SHANGHAI DIDONG SPORTS GOODS CO., LTD.",上海迪动体育用品有限公司,W1,International brands,国际品牌馆,W1-0511,official_1125
"ROTOR COMPONENTES TECNOLOGICOS, SL","ROTOR COMPONENTES TECNOLOGICOS, SL",W1,International brands,国际品牌馆,W1-0513,official_1126
"XIAMEN HONGJIWEIYE INDUSTRIAL CO., LTD.",厦门鸿基伟业复材科技股份有限公司,W1,International brands,国际品牌馆,W1-0515,official_1127
"HANGZHOU JIUQI CULTURE AND SPORTS CO., LTD.",杭州九骑文化体育有限公司,W1,International brands,国际品牌馆,W1-0521,official_1128
ARMOR MANUFACTURING CORPORATION,铁甲工业股份有限公司,W1,International brands,国际品牌馆,W1-0526,official_1129
"SHANDONG TAISHAN RUIBAO COMPOSITE MATERIAL CO., LTD.",山东泰山瑞豹复合材料有限公司,W1,International brands,国际品牌馆,W1-0531,official_1130
"SHENZHEN NEW CANGHAI MACHINERY CO., LTD.",深圳市新沧海机械有限公司,W1,International brands,国际品牌馆,W1-0536,official_1131
"KUNSHAN CITY SANHAL ELECTRICAL CO., LTD.",昆山市三海机电有限公司,W1,International brands,国际品牌馆,W1-0539,official_1132
HARTEX RUBBER PRIVATE LIMITED,HARTEX RUBBER PRIVATE LIMITED,W1,International brands,国际品牌馆,W1-0542,official_1133
SPEEDWAYS TYRE LTD.,SPEEDWAYS TYRE LTD,W1,International brands,国际品牌馆,W1-0545,official_1134
RALSON (INDIA) LIMITED,RALSON（INDIA）LIMITED,W1,International brands,国际品牌馆,W1-0713,official_1135
"TIANJIN BORUITE BICYCLE CO., LTD.",天津市博瑞特自行车有限公司,W1,International brands,国际品牌馆,W1-0715,official_1136
MICROSHIFT,台湾微转股份有限公司,W1,International brands,国际品牌馆,W1-0736,official_1137
"CHING TONG SHAN ENTERPRISE (HUIZHOU) CO., LTD.",金同山车业（惠州）有限公司,W1,International brands,国际品牌馆,W1-0738,official_1138
"XM RUDY SPORTING GOODS CO., LTD.",厦门陆迪体育用品有限公司,W1,International brands,国际品牌馆,W1-0743,official_1139
"SHENZHEN JUCHUANG BICYCLE CO., LTD.",深圳市聚创车业有限公司,W1,International brands,国际品牌馆,W1-0745,official_1140
"ALTALIST CO., LTD.",至高株式会社,W1,International brands,国际品牌馆,W1-0901,official_1141
"HOLLAND MECHANICS CHINA S.E.M CO., LTD.",荷兰机械（中国）专用设备制造有限公司,W1,International brands,国际品牌馆,W1-0905,official_1142
SELLEROYAL GROUP,赛勒罗亚车业（中国）有限公司,W1,International brands,国际品牌馆,W1-0911,official_1143
"CHENGSHIN RUBBERIND.,LTD.",厦门正新橡胶工业有限公司,W1,International brands,国际品牌馆,W1-0915,official_1144
"SHENZHEN CHUANG XIN WEI BICYCLE CO., LTD.",深圳市创新维自行车有限公司,W1,International brands,国际品牌馆,W1-0921,official_1145
"S-RIDE BICYCLE COMPONENTS (FOSHAN) CO., LTD.",速瑞达自行车零件（佛山）有限公司,W1,International brands,国际品牌馆,W1-0926,official_1146
"FOREVER NEW ENERGY TECHNOLOGY (TIANJIN) CO., LTD.",永久新能源科技（天津）有限公司,W1,International brands,国际品牌馆,W1-0931,official_1147
"JIANGSU QYH CARBON TECH CO., LTD.",江苏祺洋航碳纤科技有限公司,W1,International brands,国际品牌馆,W1-0936,official_1148
"SHENZHEN MINJUN ELECTRONIC TECHNOLOGY CO., LTD.",深圳市旻君电子科技有限公司,W1,International brands,国际品牌馆,W1-0938,official_1149
"JODDY INDUSTRIES CO., LTD.",南京锦泰行运动车有限公司,W1,International brands,国际品牌馆,W1-0942,official_1150
"KUNSHAN TIBO SPORTS CO., LTD.",昆山拓步户外运动用品有限公司,W1,International brands,国际品牌馆,W1-0945,official_1151
"KARASAWA TRAFFIC EQUIPMENT (TAI ZHOU) CO., LTD.",唐泽交通器材（泰州）有限公司,W1,International brands,国际品牌馆,W1-1105,official_1152
"NINGBO C.STAR TECHNOLOGY CO., LTD. / NINGBO POWER BICYCLE COMPONENTS CO., LTD.",宁波彰星智能科技有限公司/宁波力盟机械有限公司,W1,International brands,国际品牌馆,"W1-1111, E2-0726",official_1153
"SATE-LITE (FOSHAN) PLASTICS CO., LTD.",赛特莱特（佛山）塑胶制品有限公司,W1,International brands,国际品牌馆,W1-1113,official_1154
"SHENZHEN JIANKUN SPORTING GOODS CO., LTD.",深圳市健坤运动器材有限公司,W1,International brands,国际品牌馆,W1-1121,official_1155
FSA S.R.L.,FSA S.R.L.,W1,International brands,国际品牌馆,W1-1126,official_1156
AVON CYCLES LTD.,AVON CYCLES LTD,W1,International brands,国际品牌馆,W1-1131,official_1157
SOLEHRE BROTHERS INDUSTRIES,SOLEHRE BROTHERS INDUSTRIES,W1,International brands,国际品牌馆,W1-1133,official_1158
"GUANGZHOU PARTNER SUSPENSION FORK INDUSTRY CO., LTD.",广州市完美车业有限公司,W1,International brands,国际品牌馆,W1-1136,official_1159
GUANGSHI (CHANGZHOU) INFORMATION TECHNOLOGE LTD.,广世（常州）信息科技有限公司,W1,International brands,国际品牌馆,W1-1138,official_1160
RANGPUR METAL INDUSTRIES LIMITED,RANGPUR METAL INDUSTRIES LIMITED,W1,International brands,国际品牌馆,W1-1142,official_1161
"TIANJIN NEWSPEED CYCLE CO., LTD.",天津新速度自行车有限公司,W1,International brands,国际品牌馆,W1-1145,official_1162
"MAGURA (SHANGHAI) CO., LTD.",玛古拉商贸（上海）有限公司,W1,International brands,国际品牌馆,W1-1301,official_1163
迪脉（上海）企业管理有限公司,迪脉（上海）企业管理有限公司,W1,International brands,国际品牌馆,W1-1305,official_1164
"DDK GROUP CO., LTD. TAIWAN BRANCH (CAYMAN)",英属开曼群岛商锋明国际股份有限公司台湾分公司,W1,International brands,国际品牌馆,W1-1311,official_1165
厦门途酷斯体育用品有限公司,厦门途酷斯体育用品有限公司,W1,International brands,国际品牌馆,W1-1312,official_1166
"YOUNG SING BALL BEARING CO., LTD.",永兴轴承有限公司,W1,International brands,国际品牌馆,W1-1313,official_1167
"SENSAH SMART SPORT EQUIPMENTS CO., LTD.",广东顺德顺泰智能运动器材有限公司,W1,International brands,国际品牌馆,W1-1315,official_1168
"NINGBO TOPRIGHT LEISURE PRODUCTS CO., LTD.",宁波途锐达休闲用品有限公司,W1,International brands,国际品牌馆,W1-1321,official_1169
SHENZHEN JIAWO BICYCLE FACTORY,深圳市佳沃自行车厂,W1,International brands,国际品牌馆,W1-1326,official_1170
东莞市骏奔五金机械有限公司,东莞市骏奔五金机械有限公司,W1,International brands,国际品牌馆,W1-1331,official_1171
"TIANJIN JIABAO ELECTRIC BICYCLE CO., LTD.",天津市佳宝电动自行车有限公司,W1,International brands,国际品牌馆,"W1-1333, W2-0736",official_1172
"TENVELS (XINGTAI) BICYCLE TECHNOLOGY CO., LTD.",探为来（邢台）自行车科技有限公司,W1,International brands,国际品牌馆,"W1-1336, E1-1142",official_1173
HEMC INTERNATIONAL LIMITED,谷圍有限公司,W1,International brands,国际品牌馆,W1-1338,official_1174
"TAICANG KINIGFORCE CHINA CO., LTD.",太仓劲力商贸有限公司,W1,International brands,国际品牌馆,W1-1342,official_1175
"XINGTAI TIANZHENG BICYCLE CO., LTD.",邢台天正自行车有限公司,W1,International brands,国际品牌馆,W1-1345,official_1176
"XIAMEN KOMCAS SPORTS CO., LTD.",厦门康卡斯体育有限公司,W1,International brands,国际品牌馆,W1-1511,official_1177
"WENZHOU LIBANG ENTERPRISE CO., LTD.",温州力邦企业有限公司,W1,International brands,国际品牌馆,W1-1513,official_1178
"HUIZHOU MOTACHIE BICYCLE CO., LTD.",惠州市朦太奇自行车有限公司,W1,International brands,国际品牌馆,W1-1515,official_1179
"XIAMEN APEX TECHNOLOGY CO., LTD.",厦门纬衡科技有限公司,W1,International brands,国际品牌馆,W1-1518,official_1180
"TIANJIN WEIWANGDA TECHNOLOGY DEVELOPMENT CO., LTD.",天津市伟旺达科技发展有限公司,W1,International brands,国际品牌馆,"W1-1519, N1-1215",official_1181
"SHENZHEN GBC UNITED ENTERPRISES CO., LTD.",深圳新益瑞企业管理有限公司,W1,International brands,国际品牌馆,W1-1526,official_1182
PACIFIC CYCLES. INC,太平洋自行车股份有限公司/上海市鸿太贸易有限公司,W1,International brands,国际品牌馆,W1-1531,official_1183
"TIANJIN QFAMS BICYCLE CO., LTD.",天津市全福车业有限公司,W1,International brands,国际品牌馆,W1-1536,official_1184
杭州海美特商贸有限公司,杭州海美特商贸有限公司,W1,International brands,国际品牌馆,W1-1538,official_1185
MOON SPORT LTD.,Moon Sport Ltd,W1,International brands,国际品牌馆,W1-1542,official_1186
DOLOMITI PADS SRL,DOLOMITI PADS SRL,W1,International brands,国际品牌馆,W1-1543,official_1187
"ZUATU CYCLING INTERNATIONAL D.O.O.,","Zuatu cycling international d.o.o.,",W1,International brands,国际品牌馆,W1-1544,official_1188
"FUJIAN CARBON WHEEL SPORTS GOODS CO., LTD.",福建碳轮体育用品有限公司,W1,International brands,国际品牌馆,W1-1545,official_1189
"VIETNAM-SINGAPORE INDUSTRIAL PARK J.V. CO., LTD.",越南-新加坡工业园区集团,W1,International brands,国际品牌馆,W1-1700,official_1190
"SALLOY BIKE (KUNSHAN) CO., LTD. / SALLOY (TIANJIN) CO., LTD.",昆山顶亨自行车配件有限公司/天津市顶佑商贸有限公司,W1,International brands,国际品牌馆,W1-1701,official_1191
"SHENZHEN XINJIE LEOPARD CAR CO., LTD.",深圳市鑫杰豹车业有限公司,W1,International brands,国际品牌馆,W1-1709,official_1192
EASTERN SOLAR BICYCLE CO.,深圳市镇洋兄弟单车有限公司,W1,International brands,国际品牌馆,W1-1711,official_1193
"MEIPIN (XIAMEN) RUBBER INDUSTRIAL CO., LTD. / YING PAIO ENTERPRISE CO., LTD. (TAIWAN)",美品（厦门）橡胶制品有限公司/营标企业有限公司（台湾）,W1,International brands,国际品牌馆,W1-1712,official_1194
"SPORT MANIAINTERNATIONAL CO., LTD.",美尼亚国际有限公司,W1,International brands,国际品牌馆,W1-1715,official_1195
"TIANJIN HUITENG BICYCLE PARTS CO., LIMITED",天津辉腾自行车有限公司,W1,International brands,国际品牌馆,W1-1717,official_1196
"ZHEJIANG HANGYI BICYCLE MANUFACTURING CO., LTD.",浙江杭依自行车制造有限公司,W1,International brands,国际品牌馆,W1-1722,official_1197
"QUANZHOU 3VELO TRADING CO., LTD.",泉州三唯乐贸易有限公司,W1,International brands,国际品牌馆,W1-1725,official_1198
NAVIHOOD EUROPE,Navihood Europe,W1,International brands,国际品牌馆,W1-1727,official_1199
"THE HONG KONG UNIVERSITY OF SCIENCE AND TECHNOLOGY, AERODYNAMICS AND ACOUSTICS FACILITY",香港科技大学空气动力学和声学实验中心,W1,International brands,国际品牌馆,W1-1728,official_1200
"HSING TAINDUSTRIAL (SHEN ZHENCO., LTD.",信大塑胶五金（深圳）有限公司,W1,International brands,国际品牌馆,W1-1729,official_1201
DR CHEM SPECIALIZED RESTORATION LTD.,化学式专业护理有限公司,W1,International brands,国际品牌馆,W1-1730,official_1202
"KUNSHAN LANDON TRADE CO., LTD.",昆山联敦贸易有限公司,W1,International brands,国际品牌馆,W1-1731,official_1203
"GUANGZHOU YINXIN PLASTIC PRODUCTS CO., LTD.",广州银辛塑料制品有限公司,W1,International brands,国际品牌馆,W1-1801,official_1204
XXF,昆山昶铕顺箱包有限公司,W1,International brands,国际品牌馆,"W1-1805, E2-1812",official_1205
LIGHTSKIN (EVERGREEN I &amp; D),LightSKIN（Evergreen I&amp;D）,W1,International brands,国际品牌馆,W1-1807,official_1206
CCN SPORT LIMITED,深圳市驰恩体育用品有限公司,W1,International brands,国际品牌馆,W1-1811,official_1207
F.L.R SHOES LTD.,F.L.R SHOES LTD,W1,International brands,国际品牌馆,W1-1815,official_1208
ASIA CYCLE INDSUTRIES,ASIA CYCLE INDSUTRIES,W1,International brands,国际品牌馆,W1-1816,official_1209
BARLAS GROUP,Barlas Group,W1,International brands,国际品牌馆,W1-1817,official_1210
"GREAT COMBINATION ENTERPRISE CO., LTD.",综和企业股份有限公司,W1,International brands,国际品牌馆,W1-1818,official_1211
VELOMARCHE DI DANIELE OLIVA &amp; C. SAS,VELOMARCHE DI DANIELE OLIVA &amp; C. SAS,W1,International brands,国际品牌馆,W1-1819,official_1212
连云港金悠惠商贸有限公司,连云港金悠惠商贸有限公司,W2,Bicycles & accessories,整车及零配件馆,W2-0001,official_1213
河北信隆车业有限公司,河北信隆车业有限公司,W2,Bicycles & accessories,整车及零配件馆,W2-0005,official_1214
"BAOJI SPEEDLONG METAL PRODUCTS CO., LTD.",宝鸡速朗金属制品股份有限公司,W2,Bicycles & accessories,整车及零配件馆,W2-0007,official_1215
"SHENZHEN REBORN BICYCLE CO., LTD.",深圳市锐博恩自行车有限公司,W2,Bicycles & accessories,整车及零配件馆,W2-0009,official_1216
INTERTEK,上海天祥质量技术服务有限公司,W2,Bicycles & accessories,整车及零配件馆,W2-0011,official_1217
"JIANGSU SUNTORI VEHICLE METAL CO., LTD.",江苏顺得利金属有限公司,W2,Bicycles & accessories,整车及零配件馆,W2-0013,official_1218
"CANGZHOU RONGJIAN METAL PRODUCTS CO., LTD.",沧州荣建金属制品有限公司,W2,Bicycles & accessories,整车及零配件馆,W2-0017,official_1219
HANDAN BEAUTIFUL BIRD,邯郸市靓鸟车业有限公司,W2,Bicycles & accessories,整车及零配件馆,W2-0020,official_1220
上海开驰自行车辐条有限公司,上海开驰自行车辐条有限公司,W2,Bicycles & accessories,整车及零配件馆,W2-0021,official_1221
"HANGZHOU HONGSHI TECHNOLOGY CO., LTD.",杭州鸿石科技有限公司,W2,Bicycles & accessories,整车及零配件馆,W2-0025,official_1222
"XIAMEN ZHOUHUI NEW MATERIAL TECHNOLOGY CO., LTD.",厦门宙晖新材料科技有限公司,W2,Bicycles & accessories,整车及零配件馆,W2-0027,official_1223
"RAYON (TIANJIN) CYCLE CO., LTD.",瑞龙（天津）国际贸易有限公司,W2,Bicycles & accessories,整车及零配件馆,W2-0029,official_1224
河北省邢台市平乡县盛大儿童玩具厂,河北省邢台市平乡县盛大儿童玩具厂,W2,Bicycles & accessories,整车及零配件馆,W2-0031,official_1225
"TIANJIN GOLDEN WHEEL BICYCLE GROUP. CO., LTD.",天津市金轮信德车业有限公司/金玖（天津）科技有限公司,W2,Bicycles & accessories,整车及零配件馆,"W2-0105, W2-0110",official_1226
JOY KIE CORPORATION LIMITED,久祺股份有限公司,W2,Bicycles & accessories,整车及零配件馆,"W2-0112, W3-0029",official_1227
"LAUX (ITALY) INTERNATIONAL CO., LTD. / TIANJIN LAUX SPORT EQUIPMENT CO., LTD. / LUAX NEW ENERGY TECHNOLOGY (TIANJIN) CO., LTD. / TIANJIN KMK TECHNOLOGY CO., LTD.",雷克斯（意大利）国际集团有限公司/天津雷克斯运动器材有限公司/雷克斯新能源科技（天津）有限公司/天津柯米克科技有限公司,W2,Bicycles & accessories,整车及零配件馆,W2-0116,official_1228
"GOLDEN INTERNATIONAL SPORTING GOODS CO., LTD.",高登智信（北京）国际贸易有限公司,W2,Bicycles & accessories,整车及零配件馆,W2-0121,official_1229
"TIANJIN SHINEWING BICYCLE CO., LTD.",天津光合翼车业有限公司,W2,Bicycles & accessories,整车及零配件馆,W2-0123,official_1230
天津市利雅得工贸有限公司,天津市利雅得工贸有限公司,W2,Bicycles & accessories,整车及零配件馆,W2-0126,official_1231
"TIANJIN HUAGUAN BICYCLE PARTS CO., LTD.",天津华冠自行车配件有限公司,W2,Bicycles & accessories,整车及零配件馆,W2-0131,official_1232
"TIANJIN JINSHIDA BICYCLE CO., LTD. / TIANJIN MINGSHENG SPORTS EQUIPMENT CO., LTD.",天津市金世达自行车有限公司/天津市铭盛运动器材有限公司,W2,Bicycles & accessories,整车及零配件馆,W2-0134,official_1233
"TIANJIN PROGRESSER INDUSTRY CO., LTD.",天津市克兰佰瑞自行车股份有限公司,W2,Bicycles & accessories,整车及零配件馆,W2-0136,official_1234
"XINGTAI SIXING CYCLE CO., LTD.",邢台四星车业有限公司,W2,Bicycles & accessories,整车及零配件馆,W2-0141,official_1235
"TIANJIN FENGYUN BICYCLE CO., LTD.",天津市峰云自行车有限公司,W2,Bicycles & accessories,整车及零配件馆,W2-0145,official_1236
"TIANJIN SIHAIHENGTONG BICYCLE CO., LTD.",天津市四海亨通自行车股份有限公司,W2,Bicycles & accessories,整车及零配件馆,W2-0201,official_1237
"HANDAN YOUHUA VEHICLE CO., LTD.",邯郸市友华车业有限公司,W2,Bicycles & accessories,整车及零配件馆,W2-0331,official_1238
"ANHUI YOUKEN TRADE CO., LTD.",安徽优肯贸易有限公司,W2,Bicycles & accessories,整车及零配件馆,W2-0521,official_1239
"HANGZHOU MINKI BICYCLE CO., LTD. / HANGZHOU WINNER INTL' CO., LTD.",杭州名骐自行车有限公司/杭州威燕进出口有限公司,W2,Bicycles & accessories,整车及零配件馆,W2-0526,official_1240
"HEBEI AMANI VEHICLE INDUSTRY CO., LTD.",河北阿玛尼车业有限公司,W2,Bicycles & accessories,整车及零配件馆,W2-0528,official_1241
"HANGZHOU HED TECHNOLOGY CO., LIMITED",杭州孩爱镫科技有限公司,W2,Bicycles & accessories,整车及零配件馆,W2-0531,official_1242
"TIANJIN MELAS BICYCLE CO., LTD.",天津泓远天晟自行车有限公司,W2,Bicycles & accessories,整车及零配件馆,W2-0536,official_1243
"CHENGCOU METAL PRODUCTS NANTONG CO., LTD.",政科金属制品南通有限公司,W2,Bicycles & accessories,整车及零配件馆,W2-0541,official_1244
"YBN INDUSTRIAL (SHENZHEN) CO., LTD. / ALHONGA ENTERPRISE CO., LTD.",深圳市雅邦传动有限公司/弘家金属工业股份有限公司,W2,Bicycles & accessories,整车及零配件馆,W2-0543,official_1245
"NINGBO KENGEWA CHILDREN'S PRODUCTS CO., LTD.",宁波肯吉娃儿童用品有限公司,W2,Bicycles & accessories,整车及零配件馆,W2-0601,official_1246
"HANGZHOU YONGDI BICYCLE CO., LTD. / HANGZHOU FUQI IMP. &amp; EXP. CO., LTD.",杭州新永迪车业有限公司/杭州富祺进出口有限公司,W2,Bicycles & accessories,整车及零配件馆,W2-0721,official_1247
"SENWELL INDUSTRIES CO., LIMITED",盛为实业有限公司,W2,Bicycles & accessories,整车及零配件馆,W2-0731,official_1248
"HEBEI BDF BICYCLE TECHNOLOGY CO., LTD.",河北贝多福自行车科技有限公司,W2,Bicycles & accessories,整车及零配件馆,W2-0734,official_1249
河北创仟儿童玩具有限公司,河北创仟儿童玩具有限公司,W2,Bicycles & accessories,整车及零配件馆,W2-0738,official_1250
DRIVETRAIN TECH SOLUTION INC.,传诚技研有限公司,W2,Bicycles & accessories,整车及零配件馆,W2-0741,official_1251
"CO-LUCK ENTERPRISE CO., LTD.",集优企业股份有限公司,W2,Bicycles & accessories,整车及零配件馆,W2-0742,official_1252
"ZHANGPU YUAN WEN SHING TECHNOLOGY CO., LTD.",漳浦源文兴科技有限公司,W2,Bicycles & accessories,整车及零配件馆,W2-0743,official_1253
"ZHANGPU WEIBO BICYCLE CO., LTD.",漳浦玮柏自行车有限公司,W2,Bicycles & accessories,整车及零配件馆,W2-0745,official_1254
"ALUFORCE INT'L CO., LTD.",元富五金制品（漳州）有限公司,W2,Bicycles & accessories,整车及零配件馆,W2-0841,official_1255
HEBEI HONOR MECHANICAL MOULD INC.,河北欧耐机械模具股份有限公司,W2,Bicycles & accessories,整车及零配件馆,W2-0901,official_1256
"HANGZHOU YONGWEI BICYCLE CO., LTD.",杭州永威自行车有限公司,W2,Bicycles & accessories,整车及零配件馆,W2-0905,official_1257
"HEBEI SKYS BICYCLE CO., LTD.",河北天王自行车科技有限公司/河北天天自行车有限公司,W2,Bicycles & accessories,整车及零配件馆,W2-0911,official_1258
"WANYI BICYCLE GUANGZONG CO., LTD.",万怡自行车广宗有限公司,W2,Bicycles & accessories,整车及零配件馆,W2-0916,official_1259
TIANJIN GRANMAX TECHNOLOGY COMPANY LIMITED,天津歌瑞思科技有限公司,W2,Bicycles & accessories,整车及零配件馆,W2-0921,official_1260
宁波南洋车业有限公司,宁波南洋车业有限公司,W2,Bicycles & accessories,整车及零配件馆,"W2-0923, W1-0742",official_1261
"HEBEI HENGCHI BICYCLE PARTS (GROUP) CO., LTD.",河北恒驰自行车零件（集团）有限公司,W2,Bicycles & accessories,整车及零配件馆,"W2-0926, E3-0714",official_1262
"XIANGJIN (TIANJIN) CYCLE CO., LTD.",祥锦（天津）车业有限公司,W2,Bicycles & accessories,整车及零配件馆,W2-0931,official_1263
"TIANJIN CHINTONE BICYCLE CO., LTD.",天津钦通自行车有限公司,W2,Bicycles & accessories,整车及零配件馆,W2-0936,official_1264
"EASKY (TIANJIN) BICYCLE CO., LTD.",亿泽（天津）自行车有限公司,W2,Bicycles & accessories,整车及零配件馆,W2-0941,official_1265
"ZHEJIANG ZL BICYCLE CO., LTD.",浙江卓洛运动器材有限公司,W2,Bicycles & accessories,整车及零配件馆,W2-0943,official_1266
"HEBEI YESFREE BICYCLE MANUFACTORY CO., LTD.",河北亿丰童车有限公司,W2,Bicycles & accessories,整车及零配件馆,W2-1105,official_1267
"SHENZHEN XUTONG INDUSTRIAL CO., LTD.",深圳市胥同实业有限公司/厦门圣意隆体育用品有限公司,W2,Bicycles & accessories,整车及零配件馆,W2-1131,official_1268
"TIANJIN YINGFEINI BICYCLE CO., LTD.",天津市英菲尼自行车有限公司,W2,Bicycles & accessories,整车及零配件馆,W2-1133,official_1269
SHANGHAI FIVE SIXTY INTERNATIONAL TRADE LTD.,上海五甲子国际贸易有限公司,W2,Bicycles & accessories,整车及零配件馆,W2-1136,official_1270
杭州临安锐拓车业有限公司,杭州临安锐拓车业有限公司,W2,Bicycles & accessories,整车及零配件馆,W2-1141,official_1271
"ZHEJIANG XINGJIE BICYCLE CO., LTD.",浙江兴捷车业有限公司,W2,Bicycles & accessories,整车及零配件馆,W2-1143,official_1272
"XINGTAI MEISIDA CYCLE CO., LTD.",邢台美斯达车业有限公司,W2,Bicycles & accessories,整车及零配件馆,W2-1301,official_1273
"XINGTAI JIUQI CYCLES CO., LTD.",邢台市久骐车业有限公司,W2,Bicycles & accessories,整车及零配件馆,"W2-1405, E3-0118",official_1274
天津瀛通车业,天津瀛通车业,W2,Bicycles & accessories,整车及零配件馆,W2-1411,official_1275
广州绿骑客贸易有限公司/台弘,广州绿骑客贸易有限公司/台弘,W2,Bicycles & accessories,整车及零配件馆,W2-1413,official_1276
"TIANJIN FEIJIA BICYCLE PRODUCTION &amp; TRADE CO., LTD.",天津市菲佳自行车工贸有限公司/佳菲（天津）运动器材股份有限公司,W2,Bicycles & accessories,整车及零配件馆,W2-1416,official_1277
"TIANJIN EASUN BICYCLE CO., LTD.",天津福祥运动器材有限公司,W2,Bicycles & accessories,整车及零配件馆,W2-1421,official_1278
"HEBEI XINGZHENG AUTOMOBILE INDUSTRY CO., LTD.",河北兴正车业有限公司,W2,Bicycles & accessories,整车及零配件馆,W2-1423,official_1279
"XINGTAI OUMEIYA CYCLE CO., LTD.",邢台欧美亚车业有限公司,W2,Bicycles & accessories,整车及零配件馆,W2-1431,official_1280
"TIANJIN AIWEIJITE PRODUCTS CO., LTD.",天津艾维纪特贸易有限公司,W2,Bicycles & accessories,整车及零配件馆,W2-1433,official_1281
"BENGBU FURUI ELECTROMECHANICAL TECHNOLOGY CO., LTD.",蚌埠福瑞机电科技有限责任公司/蚌埠新福瑞贸易有限公司,W2,Bicycles & accessories,整车及零配件馆,W2-1436,official_1282
"ZHEJIANG WANLUN IND. &amp; TRADE CO., LTD. / HANGZHOU PULLY IMPORT AND EXPORT CO., LTD. / JIANDE XINRONG SPOKES CO., LTD.",浙江万轮工贸有限公司/杭州彪立进出口有限公司/建德欣荣辐条有限公司,W2,Bicycles & accessories,整车及零配件馆,W2-1438,official_1283
"TIANJIN ZYX BICYCLE CO., LTD.",天津自由行车业有限公司,W2,Bicycles & accessories,整车及零配件馆,W2-1441,official_1284
"XINGTAI ZHONGZHOU BICYCLE CO., LTD.",邢台钟洲车业有限公司,W2,Bicycles & accessories,整车及零配件馆,W2-1513,official_1285
"TIANJIN CHENHAO AUTOMOBILE CO., LTD.",天津辰昊车业有限公司,W2,Bicycles & accessories,整车及零配件馆,W2-1526,official_1286
"TIANJIN JINJIA SPORT EQUIPMENT CO., LTD.",天津金嘉运动器材有限公司,W2,Bicycles & accessories,整车及零配件馆,W2-1631,official_1287
XINGTAI YAXIN BICYCLE PARTS FACTORY,邢台市亚欣自行车配件厂,W2,Bicycles & accessories,整车及零配件馆,W2-1641,official_1288
"TIANJIN CREST BICYCLE CO., LTD.",天津泰峰车业有限公司,W2,Bicycles & accessories,整车及零配件馆,W2-1643,official_1289
"PESU CYCLE (SHENZHEN) TECHNOLOGY CO., LTD.",倍速出行（深圳）科技有限公司,W2,Bicycles & accessories,整车及零配件馆,W2-1701,official_1290
"DASHENG METAL CO., LTD.",达升金属制品有限公司,W2,Bicycles & accessories,整车及零配件馆,W2-1703,official_1291
"YUYAO XINFENG BEARING CO., LTD.",余姚市新丰轴承有限公司,W2,Bicycles & accessories,整车及零配件馆,W2-1704,official_1292
"JINKE KAI (TANGSHAN) TECHNOLOGY CO., LTD.",金泽凯（唐山）科技有限公司（唐山铧锋金属制品有限责任公司）,W2,Bicycles & accessories,整车及零配件馆,W2-1706,official_1293
"XING TAI XIANG TIAN BLCYCLE PARTS CO., LTD.",邢台翔天自行车零件有限公司,W2,Bicycles & accessories,整车及零配件馆,W2-1709,official_1294
"SHENZHEN ODIER SPORTS TECHNOLOGY CO., LIMITED",深圳偶地运动科技有限公司,W2,Bicycles & accessories,整车及零配件馆,W2-1711,official_1295
"XINGTAI BANGTAI BICYCLE PARTS CO., LTD.",邢台邦泰自行车配件有限公司,W2,Bicycles & accessories,整车及零配件馆,W2-1713,official_1296
惠阳钰城泰化工有限公司,惠阳钰城泰化工有限公司,W2,Bicycles & accessories,整车及零配件馆,W2-1715,official_1297
"IGUS (SHABGHAI) MOTION PLASTICS CO., LTD.",易格斯（上海）拖链系统有限公司,W2,Bicycles & accessories,整车及零配件馆,W2-1717,official_1298
慈溪市永钻车业有限公司,慈溪市永钻车业有限公司,W2,Bicycles & accessories,整车及零配件馆,W2-1719,official_1299
"SHENZHEN YUANMAO NEW TECHNOLOGY CO., LTD.",深圳源茂新科技有限公司,W2,Bicycles & accessories,整车及零配件馆,W2-1720,official_1300
"TAIZHOU CITY LIDE MACHINERY CO., LTD.",泰州市立得机械有限公司,W2,Bicycles & accessories,整车及零配件馆,W2-1721,official_1301
XINGTAI YIDA CHEYE YOUXIANGONGSI,邢台宜达车业有限公司,W2,Bicycles & accessories,整车及零配件馆,W2-1723,official_1302
"XINGTAI HUASHENG AUTOMOBILE CO., LTD.",邢台华圣车业有限责任公司,W2,Bicycles & accessories,整车及零配件馆,W2-1725,official_1303
GUANGZONGXIAN BOCHUANG CHEYE YOUXIANGONGSI,广宗县博创车业有限公司,W2,Bicycles & accessories,整车及零配件馆,W2-1729,official_1304
邢台金鸽自行车制造有限公司,邢台金鸽自行车制造有限公司,W2,Bicycles & accessories,整车及零配件馆,W2-1731,official_1305
"KUNSHAN DOODLE ELECTROMECHANICAL SCIENCE-TECHNOLOGY CO., LTD.",昆山嘟嘟机电科技有限公司,W2,Bicycles & accessories,整车及零配件馆,W2-1801,official_1306
"KUNSHAN BAIYANCHEN PLASTIC MOLD CO., LTD.",昆山百彦宸塑胶模具有限公司,W2,Bicycles & accessories,整车及零配件馆,W2-1803,official_1307
"TIANJIN PEERLESS TECHNICAL CO., LTD.",天津比尔莱斯科技有限公司,W2,Bicycles & accessories,整车及零配件馆,"W2-1811, W2-1804",official_1308
"XINGTAI YOUWANG BICYCLE CO., LTD.",邢台优旺自行车有限公司,W3,Children's bikes,童车馆,W3-0001,official_1309
"XINGTAI PENGSHUAI BICYCLE PARTS CO., LTD.",邢台鹏帅自行车有限公司,W3,Children's bikes,童车馆,W3-0005,official_1310
"FENGMING KIDS BIKE (HEBEI) MANUFACTURING CO,.LTD.",平乡县凤鸣童车厂,W3,Children's bikes,童车馆,W3-0007,official_1311
"HEBEI YASSAT BICYCLE MFG. CO., LTD.",河北雅洒特自行车制造有限公司,W3,Children's bikes,童车馆,W3-0009,official_1312
"HEBEI TIANBEN BICYCLE CO., LTD.",河北天本车业有限公司,W3,Children's bikes,童车馆,"W3-0013, E3-1707",official_1313
HEBEI HENGLAI CHEYE YOUXIANGONGSI,河北恒莱车业有限公司,W3,Children's bikes,童车馆,W3-0017,official_1314
"CHANGJIANG BICYCLE CO., LTD.",邢台市长江车业有限公司,W3,Children's bikes,童车馆,W3-0021,official_1315
GUANG HUI ZI XING CHE ZHI ZAO YOU XIAN GONG SI,广宗县光辉自行车制造有限公司,W3,Children's bikes,童车馆,W3-0025,official_1316
GUANGZONG COUNTY QING HUAN FU LUN TUI FACTORY,广宗县庆环辅轮腿厂,W3,Children's bikes,童车馆,W3-0027,official_1317
"XINGTAI YOUDIAN BICYCLE CO., LTD.",邢台优典自行车有限公司,W3,Children's bikes,童车馆,W3-0031,official_1318
"ROYALBABY CYCLE BEIJING CO., LTD.",北京优贝百祺科技股份有限公司,W3,Children's bikes,童车馆,W3-0105,official_1319
邢台圣德玛自行车有限公司,邢台圣德玛自行车有限公司,W3,Children's bikes,童车馆,W3-0108,official_1320
"HEBEI DATOO CHILDREN BICYCLE CO., LTD.",河北大图儿童自行车有限公司,W3,Children's bikes,童车馆,W3-0111,official_1321
"YIBAIXIN BICYCLE INDUSTRY CO., LTD.",平乡县伊佰信车业有限公司,W3,Children's bikes,童车馆,W3-0116,official_1322
"XINGTAI CHITAI BICYCLE MANUFACTURING CO., LTD.",邢台市驰泰自行车制造有限公司,W3,Children's bikes,童车馆,W3-0121,official_1323
"HE BEI JIUSHENG BICYCLE CO., LTD.",河北久盛车业有限公司,W3,Children's bikes,童车馆,"W3-0126, E6-1701",official_1324
美凯琪（天津）科技有限公司,美凯琪（天津）科技有限公司,W3,Children's bikes,童车馆,W3-0132,official_1325
JINBANG,文安县金邦塑料制品有限公司,W3,Children's bikes,童车馆,W3-0134,official_1326
"XINGTAI YATONG BICYCLE CO., LTD.",邢台亚通自行车车业有限公司,W3,Children's bikes,童车馆,W3-0136,official_1327
"XINGTAI BOMAN IMPORT AND EXPORT CO., LTD.",邢台博嫚进出口有限公司,W3,Children's bikes,童车馆,W3-0139,official_1328
"XINGTAI SHICHEN CHILDREN'S TOYS CO., LTD.",邢台世晨儿童玩具有限公司,W3,Children's bikes,童车馆,W3-0142,official_1329
"ANHUI GEMSUM IMP. &amp; EXP. CO., LTD.",安徽省珏盛进出口有限公司,W3,Children's bikes,童车馆,W3-0144,official_1330
大连瑞达自行车有限公司,大连瑞达自行车有限公司,W3,Children's bikes,童车馆,W3-0201,official_1331
"HEBEI ACE BEAUTY TECHNOLOGY CO., LTD.",河北爱思美科技有限公司,W3,Children's bikes,童车馆,W3-0411,official_1332
"XINGTAI TONGBAO CHILDREN TOYS CO., LTD.",邢台彤宝贸易有限公司,W3,Children's bikes,童车馆,W3-0416,official_1333
"HEBEI HONGTU BABY TOYS CO., LTD.",河北宏途儿童用品有限公司,W3,Children's bikes,童车馆,W3-0421,official_1334
"HEBEI QIKE TECHNOLOGY CO., LTD.",河北骑客科技有限公司,W3,Children's bikes,童车馆,W3-0426,official_1335
"HEBEI YIHAO BICYCLE CO., LTD.",河北怡豪自行车有限公司,W3,Children's bikes,童车馆,W3-0432,official_1336
"HEBEI HENGRUN BICYCLE MANUFACTURING CO., LTD.",河北恒润自行车制造有限公司,W3,Children's bikes,童车馆,W3-0436,official_1337
"QUZHOU HONGYA BIKE PARTS CO., LTD.",曲周县宏亚自行车配件有限公司,W3,Children's bikes,童车馆,W3-0439,official_1338
邢台维克多车业有限公司,邢台维克多车业有限公司,W3,Children's bikes,童车馆,W3-0442,official_1339
"HEBEI LIFENG BICYCLE CO., LTD.",河北利丰自行车有限公司,W3,Children's bikes,童车馆,W3-0601,official_1340
"HEBEI XIAOTIANHANG BICYCLE CO., LTD.",河北小天航自行车有限公司,W3,Children's bikes,童车馆,"W3-0605, W5-0544",official_1341
"XINGTAI SHANGXUE BICYCLE CO., LTD.",邢台尚学车业有限公司,W3,Children's bikes,童车馆,W3-0711,official_1342
"HEBEI TIANYUAN TECHNOLOGY CO., LTD.",河北天元科技有限公司,W3,Children's bikes,童车馆,"W3-0716, E2-0029, E4-0444",official_1343
"XINGTAI OUYATE BICYCLE CO., LTD.",邢台市欧亚特车业有限公司,W3,Children's bikes,童车馆,W3-0721,official_1344
TPT CYCLE (TIANJIN) LIMITED,天津荣知园自行车有限公司,W3,Children's bikes,童车馆,W3-0726,official_1345
"XINGTAI XINWANG TRADE &amp; AGENT CO., LTD.",邢台鑫旺贸易代理有限公司,W3,Children's bikes,童车馆,W3-0732,official_1346
"XINGTAI NUOLONG CYCLE CO., LTD.",邢台诺隆科技有限公司,W3,Children's bikes,童车馆,W3-0736,official_1347
"HEBEI MAIBANGKE AUTOMOBILE INDUSTRY CO., LTD.",河北迈邦克车业有限公司,W3,Children's bikes,童车馆,W3-0742,official_1348
"HEBEI HONGTENG BICYCLE CO., LTD.",河北鸿腾自行车有限公司,W3,Children's bikes,童车馆,W3-0901,official_1349
"HEBEI TIENIU BICYCLE INDUSTRY CO., LTD.",河北铁牛自行车业有限公司,W3,Children's bikes,童车馆,W3-0905,official_1350
"XINGTAI WANTAI BICYCLE CO., LTD.",邢台万泰车业有限公司,W3,Children's bikes,童车馆,W3-0911,official_1351
"NINGBO VALUE BICYCLE CO., LTD.",宁波伟力车业有限公司,W3,Children's bikes,童车馆,W3-0921,official_1352
"XINGTAI SIRIS BICYCLE TECHNOLOGY CO., LTD.",邢台赛瑞斯自行车科技有限公司,W3,Children's bikes,童车馆,W3-0926,official_1353
河北柒克车业有限公司,河北柒克车业有限公司,W3,Children's bikes,童车馆,W3-0932,official_1354
"HEBEI BEIYAQI BICYCLE CO., LTD.",河北贝亚琪童车有限公司,W3,Children's bikes,童车馆,W3-0936,official_1355
"XINGTAI SHUOPAI BICYCLE MANUFACTURING CO., LTD.",邢台硕湃自行车制造有限公司,W3,Children's bikes,童车馆,W3-0939,official_1356
GL,平乡县工力飞轮有限公司,W3,Children's bikes,童车馆,"W3-0942, W4-1426, E2-0007",official_1357
广宗凯狮儿童自行车制造有限公司,广宗凯狮儿童自行车制造有限公司,W3,Children's bikes,童车馆,W3-1205,official_1358
"WENZHOU DORICH INDUSTRY CO., LTD.",温州德润国际贸易有限公司,W3,Children's bikes,童车馆,W3-1211,official_1359
PINGXIANG ZHENHAOWAN,平乡县真好玩儿童玩具厂,W3,Children's bikes,童车馆,W3-1536,official_1360
"XINGTAI BOHONG IMPORT AND EXPORT CO., LTD.",邢台博红进出口有限公司,W3,Children's bikes,童车馆,W3-1539,official_1361
"HEBEI CHIJIU TECHNOLOGY CO., LTD.",河北驰久科技有限公司,W3,Children's bikes,童车馆,"W3-1542, W3-1244",official_1362
"XINGTAI FEITIAN BICYCLE CO., LTD.",邢台市飞天自行车有限公司,W3,Children's bikes,童车馆,W3-1701,official_1363
"XINGTAI QIANGYU VEHICLE INDUSTRY CO., LTD.",邢台强宇车业有限公司,W3,Children's bikes,童车馆,W3-1707,official_1364
"TIANJIN HUIZHU INDUSTRIAL CO., LTD.",天津辉柱贸易有限公司,W3,Children's bikes,童车馆,W3-1709,official_1365
"XINGTAI YANGCHUANG BICYCLE TECHNOLOGY CO., LTD.",邢台扬创自行车科技有限公司,W3,Children's bikes,童车馆,W3-1712,official_1366
"XINGTAI SAIGUAN CYCLE CO., LTD.",邢台赛冠自行车有限公司,W3,Children's bikes,童车馆,W3-1715,official_1367
"XINGTAI HAORUI BICYCLE CO., LTD.",邢台皓睿自行车有限公司,W3,Children's bikes,童车馆,W3-1717,official_1368
广宗县世宝自行车配件厂,广宗县世宝自行车配件厂,W3,Children's bikes,童车馆,W3-1719,official_1369
GUANGZONG COUNTY SHUNLI BICYCLE SHOCK ABSORBER FACTORY,广宗县顺利自行车配件厂,W3,Children's bikes,童车馆,W3-1720,official_1370
KADINGMAO,曲周县卡丁猫童车厂,W3,Children's bikes,童车馆,W3-1721,official_1371
邢台市荣腾儿童玩具有限公司,邢台市荣腾儿童玩具有限公司,W3,Children's bikes,童车馆,W3-1725,official_1372
"YING JIANG FITTINGS OF VEHICLE CO., LTD.",慈溪市颖江车辆配件有限公司,W3,Children's bikes,童车馆,W3-1727,official_1373
PINGXIANG SHENGRUI,平乡县晟瑞自行车配件厂,W3,Children's bikes,童车馆,W3-1728,official_1374
XINGTAISHI KAIXIANG ZIXINGCHE PEIJIAN YOUXIANGONGSI,邢台市凯翔自行车配件有限公司,W3,Children's bikes,童车馆,W3-1729,official_1375
"GUANGZONG COUNTY JULONG BICYCLE CO., LTD.",广宗县巨龙车业有限公司,W3,Children's bikes,童车馆,W3-1731,official_1376
邢台达盛儿童玩具有限公司,邢台达盛儿童玩具有限公司,W3,Children's bikes,童车馆,W3-1801,official_1377
TENGCHEN,平乡县腾晨自行车配件厂,W3,Children's bikes,童车馆,W3-1804,official_1378
"XINGTAI DAXIN VEHICLE INDUSTRY CO., LTD.",邢台大信车业有限公司,W3,Children's bikes,童车馆,W3-1805,official_1379
"PINGXIANG COAN TY ZHUTECHILD REN TOY CO., LTD.",平乡县卓特儿童玩具有限公司,W3,Children's bikes,童车馆,W3-1806,official_1380
"XINGTAI CHANGLI BICYCLE MANUFACTURING CO., LTD.",邢台昶力自行车制造有限公司,W3,Children's bikes,童车馆,W3-1811,official_1381
"SHANGHAI BAOQI BABY GOODS CO., LTD.",上海宝骑儿童用品有限公司,W3,Children's bikes,童车馆,W3-1813,official_1382
"XINGTAI SHUAIDIAN VEHICLE INDUSTRY CO., LTD.",邢台帅点车业有限公司,W3,Children's bikes,童车馆,W3-1814,official_1383
LINYI LUCKY WOVEN HANDICRAFT FACTORY,临沂市罗庄区幸运编织工艺品厂,W3,Children's bikes,童车馆,W3-1817,official_1384
"SHANGHAI HUADE YAOXING PLASTIC TECHNOLOGY CO., LTD.",上海华德耀兴塑胶科技有限公司,W4,Cycling & outdoor sporting,户外骑行装备馆,W4-0001,official_1385
GUANGDONG GRAND BILLION ELECTRONICS TECHNOLOGY LTD.,广东浩亿光电科技有限公司,W4,Cycling & outdoor sporting,户外骑行装备馆,W4-0003,official_1386
BOTOU AIDI BICYCLE PARTS FACTORY,泊头市爱迪车业配件厂,W4,Cycling & outdoor sporting,户外骑行装备馆,W4-0005,official_1387
"NINGBO FERTS BICYCLE ACCESSORY CO., LTD.",宁波福致自行车附件有限公司,W4,Cycling & outdoor sporting,户外骑行装备馆,W4-0007,official_1388
"GUANGZHOU SOMTA OPTICAL TECHNOLOGY CO., LTD.",广州尚达光学科技有限公司,W4,Cycling & outdoor sporting,户外骑行装备馆,W4-0009,official_1389
"SHENZHEN BIKEVEE ELECTRONICS CO., LTD.",深圳市博时利电子有限公司,W4,Cycling & outdoor sporting,户外骑行装备馆,W4-0012,official_1390
XIDIAN TIANQI,宁县县西店天奇户外用品厂,W4,Cycling & outdoor sporting,户外骑行装备馆,W4-0013,official_1391
"BOTOU XINNUO BICYCLE BELL CO., LTD.",泊头市鑫诺车业有限公司,W4,Cycling & outdoor sporting,户外骑行装备馆,W4-0015,official_1392
"SHANGHAI SUNRISE TRADING CO., LTD.",上海晨瑞商贸有限公司,W4,Cycling & outdoor sporting,户外骑行装备馆,W4-0017,official_1393
"SHENZHEN YI PAIER ELECTRONIC TECHNOLOGY CO., LTD.",深圳市易派尔电子科技有限公司,W4,Cycling & outdoor sporting,户外骑行装备馆,W4-0021,official_1394
"LOUDI ZHUORUI TECHNOLOGY CO., LTD.",娄底市卓瑞科技有限公司,W4,Cycling & outdoor sporting,户外骑行装备馆,W4-0022,official_1395
"KUNSHAN CHAONUO PLASTIC PRODUCTS CO., LTD.",昆山超诺塑胶制品有限公司,W4,Cycling & outdoor sporting,户外骑行装备馆,W4-0023,official_1396
"UTS SPORT CO., LTD.",广州市联胜体育用品有限公司,W4,Cycling & outdoor sporting,户外骑行装备馆,W4-0025,official_1397
"SUZHOU INDUSTRIAL PARK XINXING BELL CO., LTD.",苏州工业园区新兴车铃有限公司,W4,Cycling & outdoor sporting,户外骑行装备馆,W4-0027,official_1398
"XINGTAI AILI INFLATOR CO., LTD.",邢台艾利气筒制造有限公司,W4,Cycling & outdoor sporting,户外骑行装备馆,W4-0029,official_1399
MARVEL OUTDOOR PRODUCTS LTD.,安徽酷贝童车有限公司,W4,Cycling & outdoor sporting,户外骑行装备馆,W4-0031,official_1400
"HANGZHOU LAMEDA SPORTS CO., LTD.",杭州兰帕达体育用品有限公司,W4,Cycling & outdoor sporting,户外骑行装备馆,W4-0105,official_1401
STRATEGIC SPORTS LTD.,东莞韬略运动器材有限公司,W4,Cycling & outdoor sporting,户外骑行装备馆,W4-0111,official_1402
"JINHUA UNISKY TOOLS CO., LTD.",金华市天裕工具有限公司,W4,Cycling & outdoor sporting,户外骑行装备馆,W4-0113,official_1403
"WUHAN QIWU TECHNOLOGY CO., LTD.",武汉齐物科技有限公司,W4,Cycling & outdoor sporting,户外骑行装备馆,W4-0116,official_1404
"JINGZHOU TAIKE SPORT EQUIPMENT CO., LTD.",荆州市泰克体育用品有限公司,W4,Cycling & outdoor sporting,户外骑行装备馆,W4-0121,official_1405
邢台市虹飞车业有限公司/河北金力自行车零件有限公司,邢台市虹飞车业有限公司/河北金力自行车零件有限公司,W4,Cycling & outdoor sporting,户外骑行装备馆,W4-0126,official_1406
"CHANGZHOU FENGYU HARDWARE TECHNOLOGY CO., LTD.",常州市丰宇五金工艺有限公司,W4,Cycling & outdoor sporting,户外骑行装备馆,W4-0132,official_1407
深圳市加雪龙科技有限公司,深圳市加雪龙科技有限公司,W4,Cycling & outdoor sporting,户外骑行装备馆,W4-0136,official_1408
深圳市捷步宝运动科技有限公司,深圳市捷步宝运动科技有限公司,W4,Cycling & outdoor sporting,户外骑行装备馆,W4-0139,official_1409
"LIAN YANG PLASTIC (SHEN ZHEN) CO., LTD.",联扬塑胶（深圳）有限公司,W4,Cycling & outdoor sporting,户外骑行装备馆,W4-0142,official_1410
"HEBEI GOOD PUMP TECHNOLOGY CO., LTD.",河北好泵科技有限公司（原乐驰科技）,W4,Cycling & outdoor sporting,户外骑行装备馆,W4-0144,official_1411
"HEBEI XINGBAIKE BICYCLE MANUFACTURING CO., LTD.",河北星佰客自行车制造有限公司,W4,Cycling & outdoor sporting,户外骑行装备馆,W4-0201,official_1412
PINGXIANG YAFENG SADDLE FACTORY,平乡县亚凤鞍座厂,W4,Cycling & outdoor sporting,户外骑行装备馆,W4-0305,official_1413
"DONGYANGSHI XINNUO LEISURE PRODUCTS MANUFACTURING CO., LTD.",东阳市欣诺休闲用品制造有限公司,W4,Cycling & outdoor sporting,户外骑行装备馆,W4-0311,official_1414
"XINGTAI LIETU BICYCLE PARTS CO., LTD.",邢台猎途自行车配件有限公司,W4,Cycling & outdoor sporting,户外骑行装备馆,W4-0316,official_1415
"CIGNA SPORTS CO., LTD.",广东信诺体育用品有限公司,W4,Cycling & outdoor sporting,户外骑行装备馆,W4-0321,official_1416
"SHANGHAI DABUZIDUO INFORMATION &amp; TECHNOLOGY CO., LTD.",上海大不自多信息科技有限公司,W4,Cycling & outdoor sporting,户外骑行装备馆,W4-0326,official_1417
"JIAXING OSKAR-BEBEHUT SPORTS TECHNOLOGY CO., LTD.",嘉兴奥拜运动科技有限公司,W4,Cycling & outdoor sporting,户外骑行装备馆,W4-0432,official_1418
"NEW AN LUN LAMP (SHEN ZHEN) CO., LTD.",新全轮车灯（深圳）有限公司,W4,Cycling & outdoor sporting,户外骑行装备馆,W4-0436,official_1419
广州席凡丝服饰有限公司,广州席凡丝服饰有限公司,W4,Cycling & outdoor sporting,户外骑行装备馆,W4-0439,official_1420
"NINGBO ZHENHAI DADI BICYCLE CO., LTD.",宁波市镇海大地车业有限公司,W4,Cycling & outdoor sporting,户外骑行装备馆,W4-0442,official_1421
"JIASHAN LEADBIKE CO., LTD.",嘉善力动户外用品有限公司,W4,Cycling & outdoor sporting,户外骑行装备馆,W4-0444,official_1422
"WENZHOU SENDE LOCKS CO., LTD.",温州森德锁具有限公司,W4,Cycling & outdoor sporting,户外骑行装备馆,W4-0536,official_1423
"NINGBO ZHENHAI HUALONG PLASTIC PRODUCTS CO., LTD.",宁波市镇海华隆塑胶制品有限公司,W4,Cycling & outdoor sporting,户外骑行装备馆,W4-0601,official_1424
"YONGKANG ZHUFENG INFLATOR CO., LTD.",永康市珠峰气筒有限公司,W4,Cycling & outdoor sporting,户外骑行装备馆,W4-0605,official_1425
"WENZHOU JINFU LOCKS CO., LTD.",温州市金福锁业有限公司,W4,Cycling & outdoor sporting,户外骑行装备馆,W4-0611,official_1426
"JIAXING HUAXIN ELECTRONIC ACCESSARY AND BICK CO., LTD.",嘉兴市华欣电子车业有限公司,W4,Cycling & outdoor sporting,户外骑行装备馆,W4-0616,official_1427
宁波安途户外用品有限公司,宁波安途户外用品有限公司,W4,Cycling & outdoor sporting,户外骑行装备馆,W4-0618,official_1428
"YIWU LEDONG IMPORT AND EXPORT CO., LTD.",义乌市乐动进出口有限公司,W4,Cycling & outdoor sporting,户外骑行装备馆,W4-0626,official_1429
"HANGZHOU XINHAI INDUSTRIAL CO., LTD.",杭州欣海实业有限公司,W4,Cycling & outdoor sporting,户外骑行装备馆,W4-0732,official_1430
"YONGKANG MINGDA IMP. &amp; EXP. CO., LTD.",永康市名大进出口有限公司,W4,Cycling & outdoor sporting,户外骑行装备馆,W4-0736,official_1431
"SHANGHAI ZHENGXING BICYCLE CO., LTD.",上海正行自行车有限公司,W4,Cycling & outdoor sporting,户外骑行装备馆,"W4-0739, E5-1723",official_1432
"WENZHOU YUNXIAO BICYCLE PARTS CO., LTD.",温州云霄车辆配件有限公司,W4,Cycling & outdoor sporting,户外骑行装备馆,W4-0742,official_1433
"ZHUHAI SAFETY HELMETS MFG CO., LTD.",珠海市恒基业安全头盔有限公司,W4,Cycling & outdoor sporting,户外骑行装备馆,W4-0744,official_1434
WENZHOU OUHAI CIHU DAILY LOCK FACTORY,温州市瓯海慈湖日用锁厂,W4,Cycling & outdoor sporting,户外骑行装备馆,W4-0901,official_1435
"ZHEJIANG ZHONGLI GROUP CO., LTD.",浙江中立集团有限公司,W4,Cycling & outdoor sporting,户外骑行装备馆,W4-0905,official_1436
"JIASHAN SHENGGUANG ELECTRONICS CO., LTD.",嘉善声光电子有限公司,W4,Cycling & outdoor sporting,户外骑行装备馆,W4-0911,official_1437
"CIXI CITY XURI LOCKS CO., LTD.",慈溪市旭日锁具有限公司,W4,Cycling & outdoor sporting,户外骑行装备馆,W4-0916,official_1438
"WENZHOU TONGYONG LOCKS CO., LTD.",温州市通用锁具有限公司,W4,Cycling & outdoor sporting,户外骑行装备馆,W4-0921,official_1439
"JIAXING XINGCHENG ELECTRONICS CO., LTD.",嘉兴星程电子有限公司,W4,Cycling & outdoor sporting,户外骑行装备馆,W4-0926,official_1440
"WENZHOU JINJIAN SMART LOCK CO., LTD.",温州金锏智能锁具有限公司,W4,Cycling & outdoor sporting,户外骑行装备馆,W4-0932,official_1441
FIDLOCK INDUSTRIAL (SHENZHEN) LIMITED,斐得洛扣实业（深圳）有限公司,W4,Cycling & outdoor sporting,户外骑行装备馆,W4-0934,official_1442
"BOTOU ANNUO BICYCLE CO., LTD.",泊头市安诺车业有限责任公司,W4,Cycling & outdoor sporting,户外骑行装备馆,W4-0936,official_1443
"NINGBO EASTPOWER ELECTRONICS CO., LTD.",宁波意沃电子有限公司,W4,Cycling & outdoor sporting,户外骑行装备馆,W4-0939,official_1444
"WENZHOU HONGAN HARDWARE CO., LTD.",温州市弘安五金有限公司,W4,Cycling & outdoor sporting,户外骑行装备馆,W4-0942,official_1445
"HUIZHOU LANOVA OUTDOOR PRODUCTS CO., LTD.",惠州市乐德沃户外用品有限公司,W4,Cycling & outdoor sporting,户外骑行装备馆,W4-0944,official_1446
BÜCHEL,南京凌旭工贸实业有限公司,W4,Cycling & outdoor sporting,户外骑行装备馆,W4-1232,official_1447
"SHENZHEN SOONA INDUSTRIAL &amp; TRADING CO., LTD.",深圳市苏那工贸有限公司,W4,Cycling & outdoor sporting,户外骑行装备馆,W4-1234,official_1448
河北鸿鼎运动用品有限公司,河北鸿鼎运动用品有限公司,W4,Cycling & outdoor sporting,户外骑行装备馆,W4-1236,official_1449
"CHENGDU CHENDIAN INTELLIGENT TECHNOLOGY CO., LTD.",成都晨电智能科技有限公司,W4,Cycling & outdoor sporting,户外骑行装备馆,W4-1239,official_1450
"WENZHOU YIMIN LOCKS CO., LTD.",温州益民锁业有限公司,W4,Cycling & outdoor sporting,户外骑行装备馆,W4-1242,official_1451
"WENZHOU GOLDENKEY LOCK INDUSTRIAL CO., LTD.",温州金钥匙锁业有限公司,W4,Cycling & outdoor sporting,户外骑行装备馆,W4-1244,official_1452
浙江珠峰工贸有限公司,浙江珠峰工贸有限公司,W4,Cycling & outdoor sporting,户外骑行装备馆,W4-1301,official_1453
"ZHEJIANG KANGJIAGN SPORTS &amp; EQUIPMENT CO., LTD.",浙江康匠运动器械有限公司（珠光气筒厂）,W4,Cycling & outdoor sporting,户外骑行装备馆,W4-1305,official_1454
"XIAOQI SPORTS GOODS (ZHEJIANG) CO., LTD.",小骑运动用品（浙江）有限公司,W4,Cycling & outdoor sporting,户外骑行装备馆,W4-1308,official_1455
"HEBEI MEIDE BICYCLE CO., LTD.",河北美德车业有限公司,W4,Cycling & outdoor sporting,户外骑行装备馆,W4-1311,official_1456
"NINGBO FANCHENG INDUSTRY TRADE CO., LTD.",宁波市繁诚工贸实业有限公司,W4,Cycling & outdoor sporting,户外骑行装备馆,W4-1316,official_1457
"BEIJING HONOR TRADE CO., LTD.",北京欧耐经贸有限公司,W4,Cycling & outdoor sporting,户外骑行装备馆,W4-1321,official_1458
"WENZHOU DALISHI TECHNOLOGY CO., LTD.",温州达利仕科技有限公司,W4,Cycling & outdoor sporting,户外骑行装备馆,W4-1429,official_1459
HONGLEXIN COMPOSITE MATERIALS TECHNOLOGY,厦门鸿乐鑫复材科技有限公司,W4,Cycling & outdoor sporting,户外骑行装备馆,W4-1505,official_1460
武义新明珠气筒制造有限公司,武义新明珠气筒制造有限公司,W4,Cycling & outdoor sporting,户外骑行装备馆,W4-1511,official_1461
"INTERNATIONAL PNY SPORTS CO., LIMITED",广州市凯洛斯体育用品有限公司,W4,Cycling & outdoor sporting,户外骑行装备馆,W4-1513,official_1462
"NINGBO KAIWEI BICYCLE PARTS CO., LTD. / NINGBO DETAI MACHINE INDUSTRY CO., LTD.",宁波凯威车料有限公司/宁波德泰机械实业有限公司,W4,Cycling & outdoor sporting,户外骑行装备馆,W4-1516,official_1463
"FULL MARK (KUNSHAN) CO., LTD.",昆山十全塑胶五金产品有限公司,W4,Cycling & outdoor sporting,户外骑行装备馆,W4-1521,official_1464
"ANSHENG PRECISION METAL PRODUCTS CO., LTD.",太仓安笙精密金属制品有限公司,W4,Cycling & outdoor sporting,户外骑行装备馆,W4-1532,official_1465
"HEBEI WANHAO BICYCLE MANUFACTURING CO., LTD.",河北万豪自行车制造有限公司,W4,Cycling & outdoor sporting,户外骑行装备馆,W4-1534,official_1466
SOKIND CYCLING TECH LIMITED,泉州舒康服饰有限公司,W4,Cycling & outdoor sporting,户外骑行装备馆,W4-1536,official_1467
"NINGBO KAISHENG ELECTRICAL APPLIANCE CO., LTD.",宁波凯盛电器有限公司,W4,Cycling & outdoor sporting,户外骑行装备馆,W4-1539,official_1468
"CHANGZHOU EASTEK INTERNATIONAL CO., LTD.",常州东岩国际贸易有限公司,W4,Cycling & outdoor sporting,户外骑行装备馆,W4-1542,official_1469
"CHANGZHOU JCL VEHICLE CO., LTD.",常州市璟程乐车业有限公司,W4,Cycling & outdoor sporting,户外骑行装备馆,W4-1544,official_1470
"CHANGZHOU HAOTU BASKET OF FITTINGS CO., LTD.",常州新区昊图自行车配件有限公司,W4,Cycling & outdoor sporting,户外骑行装备馆,W4-1644,official_1471
广州市博顿运动装备股份有限公司,广州市博顿运动装备股份有限公司,W4,Cycling & outdoor sporting,户外骑行装备馆,W4-1701,official_1472
"ENCHESS INTERNATIONAL CO., LTD.",鸿馼有限公司,W4,Cycling & outdoor sporting,户外骑行装备馆,W4-1703,official_1473
邯郸市安骑骑行装备有限公司,邯郸市安骑骑行装备有限公司,W4,Cycling & outdoor sporting,户外骑行装备馆,W4-1705,official_1474
"CIXI SHENGHUI BICYCLE CO., LTD.",慈溪市胜辉车业有限公司,W4,Cycling & outdoor sporting,户外骑行装备馆,W4-1707,official_1475
"XIAMEN KINGUARD LOCKS CO., LTD.",厦门金佳德锁业有限公司,W4,Cycling & outdoor sporting,户外骑行装备馆,W4-1709,official_1476
"JINHUA DONEN SPORT CO., LTD.",金华市达恩运动用品有限公司,W4,Cycling & outdoor sporting,户外骑行装备馆,W4-1711,official_1477
"SHENZHEN COOSPO TECH CO., LTD.",深圳市酷思运动科技有限公司,W4,Cycling & outdoor sporting,户外骑行装备馆,W4-1715,official_1478
"CANGZHOU KMT TECHNOLOGY CO., LTD.",沧州康美特科技有限公司,W4,Cycling & outdoor sporting,户外骑行装备馆,W4-1717,official_1479
"XINGTAI JIAGUAN TECHNOLOGY CO., LTD.",邢台佳冠科技有限公司,W4,Cycling & outdoor sporting,户外骑行装备馆,W4-1719,official_1480
"DONGGUAN YAQI OUTDOOR PRODUCTS CO., LTD.",东莞市雅琪户外用品有限公司,W4,Cycling & outdoor sporting,户外骑行装备馆,W4-1723,official_1481
STANCE,斯坦斯商贸有限公司,W4,Cycling & outdoor sporting,户外骑行装备馆,W4-1725,official_1482
"NINGBO AUDE ELECTRONICS CO., LTD.",宁波市鄞州奥多电器有限公司,W4,Cycling & outdoor sporting,户外骑行装备馆,W4-1727,official_1483
河北省双娃自行车有限公司,河北省双娃自行车有限公司,W4,Cycling & outdoor sporting,户外骑行装备馆,W4-1729,official_1484
"GUANGZHOU XUNQI GLASSES CO., LTD.",广州市迅奇眼镜有限公司,W4,Cycling & outdoor sporting,户外骑行装备馆,W4-1731,official_1485
"NINGBO THAINHUAMBO TRADING CO., LTD.",宁波赛恩万博贸易有限公司,W4,Cycling & outdoor sporting,户外骑行装备馆,W4-1801,official_1486
"BOTOU TAIHE BICYCLE BELL CO., LTD.",泊头市太和车铃有限公司,W4,Cycling & outdoor sporting,户外骑行装备馆,W4-1803,official_1487
"DONGGUAN YIYANG SPORTS CO., LTD.",东莞市亿扬运动用品有限公司,W4,Cycling & outdoor sporting,户外骑行装备馆,W4-1805,official_1488
"GUANGZHOU HAOQIANG SPORTS GOODS CO., LTD.",广州市豪强体育用品有限责任公司,W4,Cycling & outdoor sporting,户外骑行装备馆,W4-1806,official_1489
GUANGZONGXIAN ZHOMGDA ZIXC,广宗县中达自行车配件厂,W4,Cycling & outdoor sporting,户外骑行装备馆,W4-1807,official_1490
PINGXIANG ZHUOXUN BICYCLE PARTS FACTORY,平乡县卓迅自行车配件厂,W4,Cycling & outdoor sporting,户外骑行装备馆,W4-1811,official_1491
"JIAXING BOSCHEN HARDWARE &amp; PLASTIC CO., LTD.",嘉兴市博盛五金塑料股份有限公司,W4,Cycling & outdoor sporting,户外骑行装备馆,W4-1813,official_1492
"ZHONGSHAN FIELDWALK PLASTIC PRODUCTS CO., LTD.",中山闪耀户外用品有限公司,W4,Cycling & outdoor sporting,户外骑行装备馆,W4-1814,official_1493
"HANGZHOU SIKE BOYU BROTHERS CLOTHING CO., LTD.",杭州丝科博煜兄弟服饰有限公司,W4,Cycling & outdoor sporting,户外骑行装备馆,W4-1815,official_1494
"NINGBO UNIT AUTO MOBILE ACCESSORIES CO., LTD.",宁波尤利特汽车用品股份有限公司,W4,Cycling & outdoor sporting,户外骑行装备馆,W4-1816,official_1495
"WENZHOU JINQIU LOCK CO., LTD.",温州市金球锁业有限公司,W4,Cycling & outdoor sporting,户外骑行装备馆,W4-1817,official_1496
上海晨依服饰有限公司,上海晨依服饰有限公司,W4,Cycling & outdoor sporting,户外骑行装备馆,W4-1820,official_1497
"TSB TECHNOLOGY CO., LTD.",陕西泰世邦科技实业有限公司,W5,Two-Wheel Brands,品牌创新馆,W5-0001,official_1498
ITM BIKE CONSULTANCY SRL,ITM BIKE CONSULTANCY SRL,W5,Two-Wheel Brands,品牌创新馆,W5-0003,official_1499
"SHENZHEN SANDIAN TECHNOLOGY CO., LTD.",深圳市善电科技有限公司,W5,Two-Wheel Brands,品牌创新馆,W5-0005,official_1500
"HUIZHOU WINFORCE COMPOSITE TECHNOLOGY CO., LTD.",惠州市怡丰复材科技有限公司,W5,Two-Wheel Brands,品牌创新馆,W5-0007,official_1501
"ALU MEGA INDUSTRIAL CO., LTD.",铝大股份有限公司,W5,Two-Wheel Brands,品牌创新馆,W5-0009,official_1502
"GUANGZHOU SUNOK GLASSES CO., LTD.",广州尚诺克眼镜有限公司,W5,Two-Wheel Brands,品牌创新馆,W5-0010,official_1503
"ZHEJIANG MINGXIN SPORTS GOODS CO., LTD.",浙江铭鑫体育用品有限公司,W5,Two-Wheel Brands,品牌创新馆,W5-0011,official_1504
"WENZHOU CONCENT LOCKS CO., LTD.",温州康升特锁业有限公司,W5,Two-Wheel Brands,品牌创新馆,W5-0013,official_1505
"NINGBO CYCLE SPORTS EQUIPMENT CO., LTD.",宁波赛客运动器材有限公司,W5,Two-Wheel Brands,品牌创新馆,W5-0017,official_1506
"SUZHOU XUANCHENG SPORTS EQUIPMENT TECHNOLOGY CO., LTD.",苏州轩诚运动器材科技有限公司,W5,Two-Wheel Brands,品牌创新馆,W5-0019,official_1507
"JIAXING BEIAN SPORTS TECHNOLOGY CO., LTD.",嘉兴贝安运动科技有限公司,W5,Two-Wheel Brands,品牌创新馆,W5-0021,official_1508
HEIBEI JINGDA,河北晶大车业有限公司,W5,Two-Wheel Brands,品牌创新馆,W5-0025,official_1509
欧宇诺自行车配件厂,欧宇诺自行车配件厂,W5,Two-Wheel Brands,品牌创新馆,W5-0028,official_1510
"GUANGZHOU TEWSN SPORTS CO., LTD.",广州市途士恩体育用品有限公司,W5,Two-Wheel Brands,品牌创新馆,W5-0030,official_1511
"SHANGHAI MONTASEN MATERNAL AND CHILDREN PRODUCT CO., LTD.",上海萌大圣母婴儿童用品有限公司,W5,Two-Wheel Brands,品牌创新馆,W5-0105,official_1512
"ZHEJIANG FEISHEN VEHICLE CO., LTD.",浙江飞神车业有限公司,W5,Two-Wheel Brands,品牌创新馆,"W5-0111, E6-0932",official_1513
"GALAXY BICYCLE CO., LTD.",鹤山市格莱仕车业有限公司,W5,Two-Wheel Brands,品牌创新馆,W5-0116,official_1514
TOSUOD,义乌市塔斯体育用品有限公司,W5,Two-Wheel Brands,品牌创新馆,W5-0123,official_1515
SHUNDE MOON HELMET.COM,佛山市顺德区跨速头盔有限公司,W5,Two-Wheel Brands,品牌创新馆,W5-0126,official_1516
"XIAMEN PANDA PODIUM TECHNOLOGY CO., LTD.",厦门磐搭冠科技有限公司,W5,Two-Wheel Brands,品牌创新馆,W5-0129,official_1517
"HEBEI HONGCHI BICYCLE CO., LTD.",河北宏驰自行车有限公司,W5,Two-Wheel Brands,品牌创新馆,W5-0132,official_1518
"DIVANO TECHNOLOGY CO., LTD.",台湾加乘兴业有限公司,W5,Two-Wheel Brands,品牌创新馆,W5-0134,official_1519
"SHANGHAI RALLEX INDUSTRIAL CO., LTD.",上海彦锐实业有限公司,W5,Two-Wheel Brands,品牌创新馆,W5-0136,official_1520
"SHENZHEN JIEMEISHENG SPORTS EOUIPMENT CO., LTD.",深圳捷美盛体育器材有限公司,W5,Two-Wheel Brands,品牌创新馆,W5-0139,official_1521
"SHENZHEN MOGUBROTHERS TECHNOLOY CO., LTD.",深圳市蘑菇兄弟科技有限公司,W5,Two-Wheel Brands,品牌创新馆,W5-0140,official_1522
"XIAMEN RIDING BEAUTY SPORTS TECHNOLOGY CO., LTD.",厦门骑形体育科技有限公司,W5,Two-Wheel Brands,品牌创新馆,W5-0142,official_1523
"HANGZHOU KING PALACE SPORTS EQUIPMENT CO., LTD.",杭州金宸运动器材有限公司,W5,Two-Wheel Brands,品牌创新馆,W5-0144,official_1524
"FACTOR BIKES CHINA CO., LTD.",上海菲克特自行车有限公司,W5,Two-Wheel Brands,品牌创新馆,W5-0201,official_1525
UNIVERSAL CYCLE CORPORATION,广州环球自行车工业有限公司,W5,Two-Wheel Brands,品牌创新馆,W5-0505,official_1526
广州可欣体育用品有限公司,广州可欣体育用品有限公司,W5,Two-Wheel Brands,品牌创新馆,W5-0511,official_1527
"SHENZHEN SUPERLINK BICYCLE CO., LTD.",深圳市顺联车业有限公司,W5,Two-Wheel Brands,品牌创新馆,W5-0513,official_1528
"BEIJING POWERPOOL SPORTS DEVELOPMENT CO., LTD.",北京力方力合体育发展有限公司,W5,Two-Wheel Brands,品牌创新馆,W5-0516,official_1529
深圳市新赫琦科技有限公司,深圳市新赫琦科技有限公司,W5,Two-Wheel Brands,品牌创新馆,W5-0518,official_1530
"QINGDAO MAGENE INTELLIGENCE TECHNOLOGY CO., LTD.",青岛迈金智能科技股份有限公司,W5,Two-Wheel Brands,品牌创新馆,W5-0521,official_1531
"HEFEI LIGHT-CARBON BICYCLE CO., LTD.",合肥莱特卡本自行车有限公司,W5,Two-Wheel Brands,品牌创新馆,W5-0526,official_1532
"GUANGZHOU MONTON SPORTS GOODS CO., LTD.",广州市脉腾运动用品有限公司,W5,Two-Wheel Brands,品牌创新馆,W5-0532,official_1533
JETSON TRADING,上海铨轮贸易有限公司,W5,Two-Wheel Brands,品牌创新馆,W5-0534,official_1534
"DONGGUAN FROG SPORTS TECHNOLOGY CO., LTD.",东莞市青蛙运动科技有限公司,W5,Two-Wheel Brands,品牌创新馆,W5-0536,official_1535
"YONGKANG SHENFENG INDUSTRY &amp; TRADE CO., LTD.",永康市神蜂工贸有限公司,W5,Two-Wheel Brands,品牌创新馆,W5-0539,official_1536
"TIANJIN OVERFLY VEHICLE CO., LTD.",天津飞越车业有限公司,W5,Two-Wheel Brands,品牌创新馆,W5-0542,official_1537
"TIANJIN SANHESHUN INDUSTRY &amp; TRADE CO., LTD.",天津市三合顺工贸有限公司,W5,Two-Wheel Brands,品牌创新馆,W5-0726,official_1538
"RAVEMEN (HK) ELECTRONICS CO., LTD.",深圳市中科锐电子有限公司,W5,Two-Wheel Brands,品牌创新馆,W5-0732,official_1539
NANJING YONGLU TEXTILE LTD.,南京永禄纺织品有限公司,W5,Two-Wheel Brands,品牌创新馆,W5-0734,official_1540
深圳市龙岗区黑石运动器材有限公司,深圳市龙岗区黑石运动器材有限公司,W5,Two-Wheel Brands,品牌创新馆,W5-0736,official_1541
"XIAMEN XUTU OPTICAL GLASSES CO., LTD.",厦门旭途光学眼镜有限公司,W5,Two-Wheel Brands,品牌创新馆,W5-0739,official_1542
"ZHEJIANG VEONINSERT SPORTS TECHNOLOGY CO., LTD.",浙江威隆运动科技股份有限公司,W5,Two-Wheel Brands,品牌创新馆,W5-0742,official_1543
"SHUZTUNG MACHINERY (KUNSHAN) CO., LTD.",旭东机械（昆山）有限公司,W5,Two-Wheel Brands,品牌创新馆,W5-0744,official_1544
上海哈啰普惠科技有限公司,上海哈啰普惠科技有限公司,W5,Two-Wheel Brands,品牌创新馆,W5-0905,official_1545
"DONGGUAN ZHICHENG SPORTS TECHNOLOGY CO., LTD.",东莞市志诚运动科技有限公司,W5,Two-Wheel Brands,品牌创新馆,W5-0913,official_1546
"TIANJIN HOLYLION BICYCLE CO., LTD.",天津市圣狮自行车有限公司,W5,Two-Wheel Brands,品牌创新馆,W5-0916,official_1547
"HENZHEN KUOTA TRADING CO., LTD.",深圳扩塔贸易有限公司,W5,Two-Wheel Brands,品牌创新馆,W5-0918,official_1548
大鹅车业（深圳）有限公司,大鹅车业（深圳）有限公司,W5,Two-Wheel Brands,品牌创新馆,W5-0921,official_1549
"HEBEI HUAGAISI ELECTRIC VEHICLE TECHNOLOGY CO., LTD.",河北华盖斯电动车科技有限公司,W5,Two-Wheel Brands,品牌创新馆,W5-0923,official_1550
"SHENZHEN ANTAI SPORTS EQUIPMENT CO., LTD.",深圳市安泰运动器材有限公司,W5,Two-Wheel Brands,品牌创新馆,W5-0926,official_1551
"EK (XIAMEN) COMPOSITES TECHNOLOGY CO., LTD.",易凯科越（厦门）复材科技有限公司,W5,Two-Wheel Brands,品牌创新馆,W5-0932,official_1552
"KUNSHAN WANTONGHE MACHINERY CO., LTD.",昆山市万同和机械有限公司,W5,Two-Wheel Brands,品牌创新馆,W5-0934,official_1553
"XINGTAI BAOLIN BICYCLE CO., LTD.",邢台宝琳车业有限公司,W5,Two-Wheel Brands,品牌创新馆,W5-0936,official_1554
"YI MING TECHNOLOGY CO., LTD.",亿铭材料科技有限公司,W5,Two-Wheel Brands,品牌创新馆,W5-0939,official_1555
"NINGBO TIANQI TECHNOLOGY CO., LTD.",宁波天旗科技有限公司,W5,Two-Wheel Brands,品牌创新馆,W5-0942,official_1556
河北昇宏车业有限公司,河北昇宏车业有限公司,W5,Two-Wheel Brands,品牌创新馆,W5-1023,official_1557
"NINGBO JULONG MACHINERY CO., LTD.",宁波巨隆机械股份有限公司,W5,Two-Wheel Brands,品牌创新馆,W5-1305,official_1558
高乐普电气（苏州）有限公司,高乐普电气（苏州）有限公司,W5,Two-Wheel Brands,品牌创新馆,W5-1309,official_1559
"HEBEI YIHE BICYCLE CO., LTD.",河北怡合自行车有限公司,W5,Two-Wheel Brands,品牌创新馆,"W5-1313, N1-0415",official_1560
"XIAMEN ELITE SPORTING GOODS CO., LTD.",厦门缘安复材科技有限公司,W5,Two-Wheel Brands,品牌创新馆,W5-1316,official_1561
"SHANGHAI PARAGON INDUSTRY IMP &amp; EXP CO., LTD.",上海彩森进出口有限公司,W5,Two-Wheel Brands,品牌创新馆,W5-1321,official_1562
"HANGZHOU XIBU TECHNOLOGY CO., LTD.",杭州犀步科技有限公司,W5,Two-Wheel Brands,品牌创新馆,W5-1326,official_1563
XINGTAI LECHI HIGH-PRESSURE PUMP FACTORY,邢台乐驰高压气筒制造厂（普通合伙）,W5,Two-Wheel Brands,品牌创新馆,W5-1332,official_1564
"CANGZHOU KAIZE TECHNOLOGY CO., LTD.",沧州开泽科技有限公司,W5,Two-Wheel Brands,品牌创新馆,W5-1334,official_1565
"GUANGZHOU INCOLOR SPORTS PRODUCTS CO., LTD.",广州英凯路体育用品有限公司,W5,Two-Wheel Brands,品牌创新馆,W5-1336,official_1566
"FOSHAN DASHUO MENTAL PRODUCT CO., LTD.",佛山市大硕金属制品有限公司,W5,Two-Wheel Brands,品牌创新馆,W5-1339,official_1567
"TOP RIDER (TIANJIN) BICYCLE CO., LTD.",途瑞达（天津）车业有限公司,W5,Two-Wheel Brands,品牌创新馆,W5-1342,official_1568
TIANJIN OCEAN BICYCLE INUDSTRY GROUP LIMITED,天津拓凯新材料科技有限公司,W5,Two-Wheel Brands,品牌创新馆,W5-1344,official_1569
JAUBLE,天津新聚友运动器材有限公司,W5,Two-Wheel Brands,品牌创新馆,W5-1513,official_1570
"HEBEI GREENSKY BICYCLE CO., LTD.",河北绿驰车业集团有限公司,W5,Two-Wheel Brands,品牌创新馆,W5-1516,official_1571
"QUANZHOU YUAN XING LIGHT INDUSTRY DEVELOPMENT CO., LTD.",泉州市元兴轻工发展有限公司,W5,Two-Wheel Brands,品牌创新馆,W5-1518,official_1572
SHANGHAI ONQUOR SPORTS TECHNOLOGY LTD.,上海盎刻运动科技有限公司,W5,Two-Wheel Brands,品牌创新馆,W5-1521,official_1573
"SHENZHEN EXPLORER OUTDOOR PRODUCTS CO., LTD.",深圳探索者户外用品有限公司,W5,Two-Wheel Brands,品牌创新馆,W5-1523,official_1574
"ZHEJIANG GOCCIA ELECTRIC TECHNOLOGY CO., LTD.",浙江凯驰电动科技有限公司,W5,Two-Wheel Brands,品牌创新馆,W5-1526,official_1575
"DONGGUAN HONGTU SPORTING CO., LTD.",东莞市宏途运动用品有限公司,W5,Two-Wheel Brands,品牌创新馆,W5-1532,official_1576
"CHINA SHENZHEN CYLION TECHNOLOGY INTL CO., LTD.",深圳市赛领车业科技有限公司,W5,Two-Wheel Brands,品牌创新馆,W5-1534,official_1577
"TIANJIN ANSHILI SCIENCE AND TECHNOLOGY CO., LTD.",天津安士力科技有限公司,W5,Two-Wheel Brands,品牌创新馆,W5-1536,official_1578
"HONG FU SPORTS EQUIPMENT CO., LTD.",深圳市鸿富体育用品有限公司,W5,Two-Wheel Brands,品牌创新馆,W5-1539,official_1579
"XINGTAI HEFENGYUAN IMP. &amp; EXP. CO., LTD.",邢台合丰源进出口贸易有限公司,W5,Two-Wheel Brands,品牌创新馆,W5-1542,official_1580
"COSMOS E-BIKE CO., LTD.",宇宙电动科技（杭州）有限公司,W5,Two-Wheel Brands,品牌创新馆,W5-1544,official_1581
天津永鑫运动器材有限公司,天津永鑫运动器材有限公司,W5,Two-Wheel Brands,品牌创新馆,W5-1701,official_1582
CYBREI,厦门市益百克运动器材有限公司,W5,Two-Wheel Brands,品牌创新馆,W5-1705,official_1583
"OUTCYCLE TRADING CO., LTD.",拜奥睿思（深圳）贸易有限公司,W5,Two-Wheel Brands,品牌创新馆,W5-1707,official_1584
"DURMAS ENTERPRISE CO., LTD.",哲三贸易有限公司,W5,Two-Wheel Brands,品牌创新馆,W5-1709,official_1585
"GUANGZHOU SIDEBIKE SPORT CO., LTD.",广州市赛铂客体育用品有限公司,W5,Two-Wheel Brands,品牌创新馆,W5-1711,official_1586
"GUANGZHOU LANGSTON ELECTRONIC TECHNOLOGY CO., LTD.",广州市兰士顿电子科技有限公司,W5,Two-Wheel Brands,品牌创新馆,W5-1713,official_1587
"SHENZHEN WILDFIRES OUTDOOR PRODUCTS CO., LTD.",深圳市野火户外用品有限公司,W5,Two-Wheel Brands,品牌创新馆,W5-1715,official_1588
EAST MELA,东方梅拉有限公司,W5,Two-Wheel Brands,品牌创新馆,W5-1717,official_1589
"RED STAR LOCKS CO., LTD.",佛山市南海红星锁业有限公司,W5,Two-Wheel Brands,品牌创新馆,W5-1719,official_1590
惠州市智联运动科技有限公司,惠州市智联运动科技有限公司,W5,Two-Wheel Brands,品牌创新馆,W5-1721,official_1591
EASTPARTS INTERNATIOANL LTD.,宁波锦路车业有限公司,W5,Two-Wheel Brands,品牌创新馆,W5-1723,official_1592
骑行宝（上海）体育用品有限公司,骑行宝（上海）体育用品有限公司,W5,Two-Wheel Brands,品牌创新馆,W5-1725,official_1593
"WENZHOU ANTONG LOCKS CO., LTD.",温州市安通锁业有限公司,W5,Two-Wheel Brands,品牌创新馆,W5-1727,official_1594
"LEAD TREND TECHNOLOGY CO., LTD.",天之健（宁波）工具制造有限责任公司,W5,Two-Wheel Brands,品牌创新馆,W5-1729,official_1595
HIMALAYA OUTDOOR PRODUCTION CO,中山喜玛拉雅户外,W5,Two-Wheel Brands,品牌创新馆,W5-1731,official_1596
"BNINGO INNRACK TECHNOLOGY CO., LTD.",宁波逸路客科技有限公司,W5,Two-Wheel Brands,品牌创新馆,W5-1801,official_1597
"SHENZHEN KING-SERRY ELECTRONICS CO., LTD.",深圳市金西瑞电子有限公司,W5,Two-Wheel Brands,品牌创新馆,W5-1805,official_1598
"WUHAN MY KILOMETRE SPORTS CULTURE DEVELOPMENT CO., LTD.",武汉市劢励体育文化发展有限公司,W5,Two-Wheel Brands,品牌创新馆,W5-1806,official_1599
"FUSHUN SHUNDE XIANGSHUNHONG SPORTING GOODS CO., LTD.",佛山市顺德区翔顺宏运动器材有限公司,W5,Two-Wheel Brands,品牌创新馆,W5-1807,official_1600
"DONGGUAN WENCAN SPORTING GOODS CO., LTD.",东莞文灿体育用品有限公司,W5,Two-Wheel Brands,品牌创新馆,W5-1808,official_1601
"FARSPORTS (XIAMEN) TECHNOLOGY CO., LTD.",方远复材（厦门）科技有限公司,W5,Two-Wheel Brands,品牌创新馆,W5-1811,official_1602
河北澳明车业有限公司,河北澳明车业有限公司,W5,Two-Wheel Brands,品牌创新馆,W5-1813,official_1603
"DONGGUAN CITY FAST SPORTS PRODUCTS CO., LTD.",东莞市迅捷运动用品有限公司,W5,Two-Wheel Brands,品牌创新馆,W5-1815,official_1604
"NINGBO CHEPARK INDUSTRY AND TRADE CO., LTD.",宁波双伟工贸有限公司,W5,Two-Wheel Brands,品牌创新馆,W5-1816,official_1605
MONU SPORTS,东莞魔诺运动科技有限公司,W5,Two-Wheel Brands,品牌创新馆,W5-1817,official_1606
,河北多乐儿童玩具有限公司,W3,Children's bikes,童车馆,W3-1532,official_1607
,邯郸市路驰童车有限公司,W3,Children's bikes,童车馆,W3-1521,official_1608
,邢台市天星儿童玩具有限公司,W3,Children's bikes,童车馆,W3-1226,official_1609
,河北库比车业有限公司,W3,Children's bikes,童车馆,W3-1511,official_1610
,厦门凯迪尔进出口有限公司,W3,Children's bikes,童车馆,W3-1523,official_1611
,宁波童萌车业有限公司,W3,Children's bikes,童车馆,W3-1232,official_1612
,河北井昌车业有限公司,W3,Children's bikes,童车馆,W3-1236,official_1613
,邢台市布鲁顿自行车制造有限公司,W3,Children's bikes,童车馆,W3-1516,official_1614
,邢台铁友车业有限公司,W3,Children's bikes,童车馆,W3-1234,official_1615
,河北金赛克自行车制造有限公司,W3,Children's bikes,童车馆,W3-1513,official_1616
,邢台恒鹏车业有限公司,W3,Children's bikes,童车馆,W3-1239,official_1617
,广宗县东尼兔儿童玩具有限公司,W3,Children's bikes,童车馆,W3-1526,official_1618
,邢台海龙车业有限公司,W3,Children's bikes,童车馆,W3-1218,official_1619
,广宗县恒威车业有限公司,W3,Children's bikes,童车馆,W3-1321,official_1620
,河北百美气筒制造有限公司,W3,Children's bikes,童车馆,W3-1242,official_1621
,邢台市森金儿童玩具有限公司,W3,Children's bikes,童车馆,W3-1216,official_1622
,河北拓步车业有限公司,W3,Children's bikes,童车馆,W3-1301,official_1623
,邢台毅明自行车有限公司,W3,Children's bikes,童车馆,W3-1213,official_1624
,河北万美自行车有限公司,W3,Children's bikes,童车馆,W3-1505,official_1625
,杭州慧同科技有限公司,W3,Children's bikes,童车馆,W3-1339,official_1626
ROCKBROS,洛克兄弟,W1,International brands,国际品牌馆,,ocr_1627
PARDUS,瑞豹,W1,International brands,国际品牌馆,,ocr_1628
JAVA,JAVA,W1,International brands,国际品牌馆,,ocr_1629
VELOFOX,VELOFOX,E5,E-bikes accessories,电动车零配件馆,,ocr_1630
TUNAP,TUNAP,N1,International Brands,两轮品牌馆,,ocr_1631
AVENTON,Aventon,N1,International Brands,两轮品牌馆,,ocr_1632
