name_en,name_cn,hall,booth,all_booths
"LANXI JIEKE SPORTS APPARATUS MANUFACTURING CO., LTD.",兰溪市捷克运动器材制造有限公司,E1,0001,[E1]0001
REBORN BICYCLE COMPANY LTD.,深圳市松展商贸有限公司,E1,0009,[E1]0009
"NINGBO K.S.D. VEHICLE ACCESSORIES CO., LTD.",宁波市镇海凯盛达车辆配件有限公司,E1,0011,[E1]0011
ANHUI ELITE INDUSTRIAL,安徽易瑞德实业有限公司,E1,0013,[E1]0013
"HEBEI XUHUA BICYCLE CO., LTD.",邢台旭华车业有限公司,E1,0015,[E1]0015
"XINGTAI WEILIAN BICYCLE CO., LTD.",邢台市唯链自行车有限公司,E1,0017,[E1]0017
EAST SUN,同心石（上海）贸易有限公司,E1,0019,[E1]0019
"DONGGUAN ZHIYU TECHNOLOGY CO., LTD.",东莞智宇科技有限公司,E1,0022,[E1]0022
"DFS TECH (SHENZHEN) CO., LTD.",深圳市东升创科技有限公司,E1,0023,[E1]0023
"TIANJIN KEYO BICYCLE CO., LTD.",天津凯欧自行车有限公司,E1,0025,[E1]0025
"HANGZHOU HONGXING CHAIN MANUFACTURING CO., LTD.",杭州红星链条制造有限公司,E1,0028,[E1]0028
"PINGXIANG COUNTY YIZHE BICYCLE CO., LTD.",平乡县亿浙车业有限公司,E1,0029,[E1]0029
"DSK CO., LTD.",东莞市吉全运动器材有限公司,E1,0031,[E1]0031
"GIANT CO., LTD.",捷安特投资有限公司【捷安特（昆山）有限公司/鼎镁新材料科技股份有限公司】,E1,0105,"[E1]0105,[E1]0113"
"GIANT CO., LTD.",捷安特投资有限公司【捷安特（昆山）有限公司/鼎镁新材料科技股份有限公司】,E1,0113,"[E1]0105,[E1]0113"
"GUANGZHOU KESPOR BICYCLE CO., LTD.",广州凯斯博自行车有限公司,E1,0116,[E1]0116
"TIANJIN LEIFA INDUSTRY AND TRADE CO., LTD.",天津市雷发工贸有限公司,E1,0121,[E1]0121
"KOMDA INDUSTRIAL (DONGGUAN) CO., LTD.",东莞镁迪电子有限公司,E1,0123,[E1]0123
"SHANGHAI ROLLINGSTONE BICYCLE CO., LTD.",上海唯德自行车有限公司,E1,0126,[E1]0126
"HUIZHOU SINBAO BICYCLE CO., LTD.",惠州市信宝自行车有限公司,E1,0131,[E1]0131
"HANGZHOU WANGZHENG BICYCLE CO., LTD.",杭州王征车业有限公司,E1,0133,[E1]0133
"SHENZHEN LEBYCLE BIKE TECHNOLOGY CO., LTD.",深圳市乐享单车科技有限公司,E1,0136,[E1]0136
"TANGSHAN JINTAI METAL PRODUCTS CO., LTD.",唐山市金泰金属制品有限公司,E1,0139,[E1]0139
"TIANJIN DONGYA CHAIN CO., LTD.",天津市东亚链条有限公司,E1,0142,[E1]0142
"SHANGHAI PHOENIX BICYCLE CO., LTD.",上海凤凰自行车有限公司,E1,0201,"[E1]0201,[W5]0901"
"SHANGHAI PHOENIX BICYCLE CO., LTD.",上海凤凰自行车有限公司,W5,0901,"[E1]0201,[W5]0901"
"TIANJIN TIANHENG INTELLIGENT TECHNOLOGY CO., LTD.",天津天恒智能科技有限公司,E1,0316,[E1]0316
"DONGGUAN DAIDAILE TECHNOLOGY CO., LTD.",东莞市代戴乐科技有限公司,E1,0321,[E1]0321
"TIANJIN DUSHIMA BICYCLE CO., LTD.",天津都市玛科技有限公司,E1,0326,[E1]0326
"TIANJIN ANBU CYCLE CO., LTD.",天津安步车业有限公司,E1,0331,[E1]0331
"TIANJIN MALEVI SPORTS EQUIPMENT CO., LTD.",天津玛乐维运动器材有限公司,E1,0336,[E1]0336
"TIANJIN SHENGRUI BICYCLE CO., LTD.",天津晟瑞自行车有限公司,E1,0342,[E1]0342
"HONGRUI TIANCHENG TECHNOLOGY (TIANJIN) CO., LTD.",鸿瑞天成科技（天津）有限公司,E1,0345,[E1]0345
"MERIDA BICYCLE (SHANDONG) CO., LTD.",美利达自行车（山东）有限公司,E1,0505,[E1]0505
"GUANGZHOU WUYANG BICYCLE CO., LTD.",广州五羊自行车有限公司,E1,0511,[E1]0511
"TIANJIN FLYINGPIGEON BICYCLE CO., LTD.",天津飞鸽车业有限公司,E1,0516,[E1]0516
"OYAMA TECHNOLOGY (NANTON) CO., LTD.",欧亚马电动科技（江苏）有限公司,E1,0521,[E1]0521
YONG QI (CHINA) BICYCLE INDUSTRIAL CORP.,永祺（中国）车业股份有限公司,E1,0526,[E1]0526
"SHENZHEN LIZHIXIN TECHNOLOGY CO., LTD.",深圳市笠智鑫科技有限公司,E1,0531,[E1]0531
"TIANJIN QIAN JUN BICYCLE CO., LTD.",天津市千钧自行车有限公司,E1,0536,[E1]0536
"SHENZHEN PU RUO KEN TECHNOLOGY CO., LTD.",深圳普偌肯科技有限公司,E1,0542,[E1]0542
深圳普洛姆运动科技有限公司,深圳普洛姆运动科技有限公司,E1,0544,[E1]0544
"SHENZHEN KESPOR BICYCLE CO., LTD. / HUIZHOU KESPOR BICYCLE CO., LTD.",惠州凯斯普瑞自行车有限公司,E1,0731,[E1]0731
"TIANJIN ARISE BIKE CO., LTD.",天津市阿琳达运动器材有限公司,E1,0736,[E1]0736
"IDEAL (DONGGUAN) BIKE CO., LTD.",爱地雅（东莞）自行车有限公司,E1,0742,[E1]0742
DONGGUAN JUSTECH CORPORATION LIMITED,东莞市杰顺车业科技有限公司,E1,0745,[E1]0745
"SHANGHAI FOREVER BICYCLE CO., LTD.",上海永久自行车有限公司,E1,0901,[E1]0901
"TIANJIN FUJI-TA BICYCLE INDUSTRIAL CO., LTD.",天津富士达自行车工业股份有限公司,E1,0905,[E1]0905
"NINGBO XINGLONG BICYCLE CO., LTD.",宁波兴隆巨创机电科技有限公司,E1,0916,[E1]0916
"TIANJIN KELIN VEHICLE CO., LTD.",天津科林车业有限公司,E1,0921,[E1]0921
"SUZHOU KMC INDUSTRY AND TRADE CO., LTD.",苏州桂盟科恩斯工贸有限公司,E1,0926,[E1]0926
"TIANJIN SHENGMEILIN BICYCLE CO., LTD.",天津市盛美林自行车有限公司,E1,0931,[E1]0931
GUANGZHOU VIVA BICYCLE CORP. LTD.,广州威华自行车有限公司,E1,0936,[E1]0936
"TIANJIN KINGTY BICYCLE CO., LTD.",天津锦泰自行车有限公司,E1,0942,[E1]0942
"TIANJIN AOMEI INDUSTRIAL CO., LTD.",天津市奥美工贸有限公司,E1,1131,[E1]1131
HANGZHOU GOOD FAITH,杭州名诚贸易有限公司,E1,1136,[E1]1136
"DAHON TECH (SHENZHEN) CO., LTD.",大行科工（深圳）股份有限公司,E1,1305,"[E1]1305,[E1]1701"
"DAHON TECH (SHENZHEN) CO., LTD.",大行科工（深圳）股份有限公司,E1,1701,"[E1]1305,[E1]1701"
"TIANJIN AISAIKE BICYCLE CO., LTD.",天津爱赛克车业有限公司,E1,1311,[E1]1311
"SHENZHEN SANDINCYCLE CO., LTD.",深圳市三鼎车业有限公司,E1,1316,[E1]1316
"HUIZHOU SAVA BICYCLE CO., LTD.",惠州萨瓦自行车有限公司,E1,1321,[E1]1321
"TANGSHAN JINHENTONG BICYCLE PARTS CO., LTD.",唐山金亨通车料有限公司,E1,1326,[E1]1326
"TIANJIN GAMMA ELECTRIC TECHNOLOGY CO., LTD.",天津捷马电动科技有限公司,E1,1331,[E1]1331
"ACETRIKES BICYCLES (ANHUI) CO., LTD.",安徽见诚自行车有限公司,E1,1336,[E1]1336
"GUANGZONG TONGFENG CHILDREN'S TOYS CO., LTD.",广宗县童枫儿童玩具有限公司,E1,1342,[E1]1342
"TIANJIN SAFEWAY SPORTS CO., LTD.",天津市赛威运动器材有限公司,E1,1531,[E1]1531
"TIANJIN SAFEWAY GREEN THEH CO., LTD.",天津市绿之行科技有限公司,E1,1534,[E1]1534
"BERNARD (TANGSHAN) TECHNOLGY CO., LTD.",伯纳德（唐山）科技有限公司,E1,1536,[E1]1536
"CHENG FENG PRECISION TECHNOLOGY CO., LTD.",诚锋精密科技股份有限公司,E1,1542,[E1]1542
"SHANGHAI CATHAY I.T. CO., LTD.",上海开卅信息技术有限公司,E1,1544,[E1]1544
"SHENZHEN VIBEE TECHNOLOGY CO., LTD.",深圳市玮泊科技有限公司,E1,1707,[E1]1707
"SHENZHEN GUB BIKE TRADING CO., LTD.",深圳市金盟自行车贸易有限公司,E1,1709,[E1]1709
TAICANAG DONGCHENG PLASTIC COMPANY,太仓东诚塑胶有限公司,E1,1712,[E1]1712
"LINHAO TECHNOLOGY (HUIZHOU) CO., LTD.",良豪科技（惠州）有限公司,E1,1715,[E1]1715
TAIZHOU HUANGYAN FANGDA VEHICLE FITTINGS FACTORY,台州市黄岩方大车辆配件厂,E1,1717,[E1]1717
"JIANGYIN CHIVER CABLE CO., LTD.",无锡华萨车业有限公司/江阴华江导索有限公司,E1,1721,[E1]1721
"AZURTEK TECHNOLOGY (NING BO) CO., LTD.",宁波欧卓车业有限公司,E1,1723,[E1]1723
"GUANAGDONG CHICHEN CYCLING CO., LTD.",广东赤辰车业有限公司,E1,1725,[E1]1725
惠州市普欧运动器材有限公司,惠州市普欧运动器材有限公司,E1,1726,[E1]1726
"GUANGZHOU YISHIGAO ELECTRONIC CO., LTD.",广州伊仕高电子有限公司,E1,1728,[E1]1728
COMPREHENSIVE TECHNOLOGY SERVICE CENTER OF KUNSHAN CUSTOMS,昆山海关综合技术服务中心,E1,1729,[E1]1729
PINGXIANG COUNTY YUANTU BICYCLE ACCESSORIES FACTORY,平乡县远途自行车配件厂,E1,1730,[E1]1730
"DONGGUAN EASING HARDWARE CO., LTD.",东莞市毅鑫五金制品有限公司,E1,1731,[E1]1731
"XINGTAI FURUIKE BICYCLE CO., LTD.",邢台福瑞克自行车有限公司,E1,1801,[E1]1801
"MAANSHAN YIJUN METAL PRODUCTS CO., LTD.",马鞍山益隽金属制品有限公司,E1,1804,[E1]1804
"LANXI AOTONG FRICTION MATERIAL CO., LTD.",兰溪奥通摩擦材料有限公司,E1,1806,[E1]1806
"GUANG ZONG DIAMOND BICYCLE FREEWHEEL CO., LTD.",广宗钻石自行车飞轮有限公司,E1,1807,[E1]1807
"TABITHA SPORTS EQUIPMENT (TIANJIN) CO., LTD.",踏比达运动器材（天津）有限公司,E1,1811,[E1]1811
LIOW KO ELECTRONIC TECHNOLOGY (SZ) LTD.,六哥电子科技（深圳）有限公司,E1,1813,[E1]1813
"HANGZHOU NOVICH MACHINERY TECHNOLOGY CO., LTD.",杭州诺维奇机械科技有限公司,E1,1815,[E1]1815
CIXI KUANGYAN HONGPENG OUTDOOR PRODUCTS FACTORY,慈溪市匡堰洪鹏户外用品厂,E1,1816,[E1]1816
"NANTONG YUQI METAL PRODUCTS CO., LTD.",南通雨奇金属制品有限公司,E2,0001,[E2]0001
平乡县迈骑自行车配件厂,平乡县迈骑自行车配件厂,E2,0005,[E2]0005
"FOSHAN JUDATONG TECHNOLOGY CO., LTD.",佛山市聚达通科技有限公司,E2,0008,[E2]0008
"HEBEI NAILI BICYCLE MANUFACTURING CO., LTD.",河北耐力自行车制造有限公司,E2,0009,[E2]0009
XON LTD.,欧马有限公司,E2,0011,[E2]0011
"TSAI JUNG METAL PRODUCTS (TAICANG) CO., LTD.",财荣金属制品（太仓）有限公司,E2,0013,[E2]0013
"CIXI KAIZHI BICYCLE CO., LTD.",慈溪市凯质车业有限公司,E2,0015,[E2]0015
"XIN RUI SHENG HARDWARE PRODUCT (SHENZHEN) CO., LTD.",深圳市鑫睿升五金制品有限公司,E2,0017,[E2]0017
"TIANJIN FEIYADA STEEL BALLS CO., LTD.",天津市飞亚达钢珠有限公司,E2,0021,[E2]0021
CIXI KUANGYAN AOCHIDA VEHICLE SPARE PARTS FACTORY,慈溪市匡堰镇奥驰达车业配件厂,E2,0022,[E2]0022
"TIANJIN BAIFENG BICYCLE PARTS CO., LTD.",天津百丰自行车零件有限公司,E2,0023,[E2]0023
"FEIXIANG BICYCLE TECHNOLOGY (XINGTAI) CO., LTD.",飞翔自行车科技（邢台）有限公司,E2,0025,[E2]0025
HAIBO BICYCLE SPARE PARTS LTD.,平乡县海波自行车配件有限公司,E2,0027,[E2]0027
"JURONG GOOD METAL PRODUCTS CO., LTD.",句容市固德五金制品有限公司,E2,0031,[E2]0031
"ZHUHAI L-TWOO SPORT TECHNOLOGY CO., LTD.",珠海蓝图运动科技股份有限公司,E2,0105,[E2]0105
"NINGBO TINGBO BICYCLE CO., LTD.",宁波挺博车业有限公司,E2,0111,[E2]0111
CHANGZHOU GIMENI METALLIC PRODUCTS,常州捷美耐金属制品有限公司,E2,0116,[E2]0116
"CHANGZHOU JUNYUE BICYCLE CO., LTD.",常州君悦车业有限公司,E2,0118,[E2]0118
"JIANGSU TRAMA INDUSTRIAL TECHNOLOGY CO., LTD.",江苏川玛工业科技有限公司,E2,0121,[E2]0121
"TAIZHOU ANTAI BICYCLE CO., LTD.",泰州市安泰车业有限公司,E2,0123,[E2]0123
天津市瑞安自行车有限公司,天津市瑞安自行车有限公司,E2,0126,[E2]0126
"DONGGUAN XINYUSHENG METAL PRODUCTS CO., LTD.",东莞市欣裕盛金属制品有限公司,E2,0132,[E2]0132
"KINESIS INDUSTRY CO., LTD.",广州经济技术开发区卜威工业有限公司,E2,0134,[E2]0134
"TIANJIN YAKUO INDUSTRY TRADE CO., LTD.",大城县坤翊金属材料有限公司（天津市雅阔工贸有限公司）,E2,0136,[E2]0136
"SHANGHAI SUMMARUI INDUSTRY CO., LTD.",上海虎贲车业有限公司,E2,0142,[E2]0142
"SHUENN-DER GOODLY PAINT CO., LTD.",佛山市顺德区固得丽涂料有限公司,E2,0145,[E2]0145
"HAOMENG BICYCLE (SHANGHAI) CO., LTD. / MINTA AL-TECH (TAICANG) CO., LTD. / SUZHOU MAYA TRADING CO., LTD. / TAICANG TEC INTERNATIONAL TRADING CO., LTD.",浩盟车料（上海）有限公司/明达铝业科技（太仓）有限公司/苏州鑫镁亚贸易有限公司/太仓钛克国际贸易有限公司,E2,0201,[E2]0201
"SHENZHEN DUOTE BICYCLE CO., LTD.",深圳市多特自行车有限公司,E2,0326,[E2]0326
天津迈金机械科技有限公司,天津迈金机械科技有限公司,E2,0329,[E2]0329
"NINGBO RISHANG HARDWARE PRODUCTS CO., LTD.",宁波日尚五金制品有限公司,E2,0332,[E2]0332
"CHANGSHU CHANGFA ALUMINUM IND CO., LTD.",常熟市长发铝业有限公司,E2,0336,[E2]0336
"SHENZHEN MOMO TRADING CO., LTD.",深圳市么么贸易有限公司,E2,0342,[E2]0342
"GUANGZHOU MCYCLE SPORTS PRODUCTS CO., LTD.",广州市魅骑运动用品有限公司,E2,0345,[E2]0345
"MAGIX NEW MATERIAL TECHNOLOGY (JIANGSU) CO., LTD.",江苏迈吉斯新材料科技有限公司,E2,0346,[E2]0346
"VELO CYCLE (KUNSHAN) CO., LTD.",维乐车料（昆山）有限公司,E2,0405,[E2]0405
"WELLGO CYCLE ACCESSORIES (KUNSHAN) CO., LTD.",维格车料（昆山）有限公司,E2,0407,[E2]0407
"JUSTEK VEHICLE CO., LTD. TIANJIN.CHINA",天津嘉思特车业股份有限公司,E2,0411,[E2]0411
"SHENZHEN FDKOBE BIKE CORP CO., LTD.",深圳市锋达科技有限公司,E2,0416,[E2]0416
"LANXI ASIASHENG MACHINERY CO., LTD.",兰溪亚晟机械有限公司,E2,0418,[E2]0418
"HUIZHOU SOLON SPORTS EQUIQMENT CO., LTD.",惠州速轮运动器材有限公司,E2,0421,[E2]0421
"SINGGRIL HARDWARE IND (KUNSHAN) CO., LTD.",新格五金工业（昆山）有限公司,E2,0526,[E2]0526
"DONGTAI KANGLONG BICYCLE CO., LTD.",东台市康隆车业有限公司,E2,0528,[E2]0528
"KUNSHAN JOGON PACKING CO., LTD.",昆山久广包装制品有限公司,E2,0530,[E2]0530
"SHENZHEN WATE TECHNOLOGY INTELLIGENT MANUFACTURING CO., LTD.",深圳市瓦特技术智造有限公司/恩利,E2,0532,[E2]0532
"HEBEI PUSAI BICYCLE CORP., LTD.",河北普赛自行车有限公司,E2,0534,[E2]0534
"SHENZHEN TANKE BIKE CO., LTD.",深圳碳客自行车有限公司,E2,0536,[E2]0536
"LANXI RUIXIANG CHAIN CO., LTD.",兰溪市瑞祥链业有限公司,E2,0539,[E2]0539
"HANDAN TENGLIN BICYCLE CO., LTD.",邯郸市腾林自行车有限公司,E2,0542,[E2]0542
"DESTINY RACING (HUAIAN) INTERNATIONAL CO., LTD.",明伦运动器材（淮安）有限公司,E2,0545,[E2]0545
"SR SUNTOUR MACHINERY (KUNSHAN) CO., LTD.",荣轮机械（昆山）有限公司,E2,0705,[E2]0705
"PIN SHANG JIA BICYCLE (SHENZHEN) APPLIANCE CO., LTD.",品上佳自行车（深圳）有限公司,E2,0711,[E2]0711
"SHENZHEN YONG DING HONG SCIENCE AND TECHNOLOGY CO., LTD.",深圳市永鼎宏科技有限公司,E2,0716,[E2]0716
"SHENZHEN GINEYEA TECHNOLOGY CO., LTD.",深圳市景晔交通器材有限公司,E2,0721,[E2]0721
"XINGTAI YIFENG TECHNOLOGY CO., LTD.",邢台燚烽科技有限公司,E2,0729,[E2]0729
"NINGBO LONGHUI BICYCLE CO., LTD.",宁波隆辉车业有限公司,E2,0732,[E2]0732
"SHENZHEN YIBOTONG BICYCLE PART CO., LTD.",深圳市益钵通自行车配件有限公司,E2,0736,[E2]0736
"SHENZHEN MOTION SPORTS INDUSTRY CO., LTD.",深圳市魔迅体育实业有限公司,E2,0742,[E2]0742
"KUNSHAN XERO BICYCLE MATERIAL CO., LTD.",昆山鑫元鸿车料有限公司,E2,0745,[E2]0745
"NINGBO SHUNFENG BICYCLE CO., LTD.",宁波晟路车业有限公司（原顺峰）,E2,0901,[E2]0901
江苏美乐链条车圈有限公司/江苏华久辐条制造有限公司,江苏美乐链条车圈有限公司/江苏华久辐条制造有限公司,E2,0905,[E2]0905
HL CORP (SHENZHEN),深圳信隆健康产业发展股份有限公司,E2,0911,[E2]0911
"NINGBO SUNRUN BICYCLE CO., LTD.",宁波日骋车业有限公司,E2,0916,"[E2]0916,[E2]0334"
"NINGBO SUNRUN BICYCLE CO., LTD.",宁波日骋车业有限公司,E2,0334,"[E2]0916,[E2]0334"
NECO,江苏志庆精密五金零件有限公司,E2,0921,[E2]0921
"CIXI CITY KENLI AXLES CO., LTD.",慈溪市肯力中轴有限公司,E2,0926,[E2]0926
SLHBIKE,上海箭羽贸易有限公司,E2,0932,[E2]0932
TIANJIN DACHENG WEIYE TECHNOLOGY INC.,天津市大城伟业科技股份有限公司,E2,0934,[E2]0934
"FASTACE PRECISION METALS CO., LTD.",中山市法斯特精密五金有限公司,E2,0936,[E2]0936
"CIONLLI BICYCLE COMPONENTS CO., LTD.",祥力自行车配件（太仓）有限公司,E2,0939,[E2]0939
"SUZHOU FALCON CYCLE-PARTS CO., LTD.",苏州福而康车料有限公司,E2,0942,[E2]0942
"YUNGFANG PLASTIC METAL (KUNSHAN) CO., LTD.",永芳塑胶（昆山）有限公司,E2,0945,[E2]0945
INTRODUCTION TO QINGDAO CHOHO INDUSTRIAL,青岛征和工业股份有限公司,E2,1132,[E2]1132
"CHAGNZHOU ZHEGNLUN BICYCLE TECHNOLOGY CO., LTD.",常州正伦车业科技有限公司,E2,1136,[E2]1136
"NINGBO DOUYU PLASTIC CO., LTD.",宁波市大圆塑胶有限公司,E2,1142,[E2]1142
"YIWU BUNGO OUTDOOR PRODUCTS CO., LTD.",义乌蹦果户外用品有限公司/慈溪市通利车业有限公司,E2,1145,[E2]1145
"CYCLE-BAY INTERNATIONAL CO., LTD.",大甲车业,E2,1205,[E2]1205
"HUIZHOU MINGRUI SPORTS EQUIPMENT CO., LTD.",惠州市铭瑞运动器材有限公司,E2,1216,[E2]1216
"XIANGYU INDUSTRIAL (TAICANG) CO., LTD.",翔宇实业（太仓）有限公司,E2,1218,[E2]1218
"WUXI LASCO PRECISION MACHINE CO., LTD.",无锡莱斯克精密机件有限公司,E2,1221,[E2]1221
"TEKTRO (WUXI) TECHNOLOGY CO., LTD.",伟成（无锡）金属有限公司,E2,1223,[E2]1223
"NINGBO ZHONGYING BICYCLE PARTS CO., LTD.",宁波钟赢车业有限公司,E2,1226,[E2]1226
"NINGBO HAOXING BICYCLE INDUSTRY CO., LTD.",宁波豪星车业有限公司,E2,1326,[E2]1326
"TIANJIN ACCURA BICYCLE COMPONENTS CO., LTD.",天津顺泽天自行车零件有限公司（世兴恒）,E2,1332,[E2]1332
"GUANGZHOU LEONIS MACHINERY CO., LTD.",广州市银三环机械有限公司,E2,1334,[E2]1334
"HANGZHOU MINGYANG BICYCLE CO., LTD.",杭州铭洋车业有限公司,E2,1336,[E2]1336
惠州市东鑫源五金制品有限公司,惠州市东鑫源五金制品有限公司,E2,1339,[E2]1339
"TIANJIN RUIJIN SPORTS CO., LTD.",天津瑞锦体育用品有限公司,E2,1342,[E2]1342
"TIANJIN AIBAIKE BICYCLE CO., LTD.",天津市艾拜克自行车股份有限公司,E2,1345,"[E2]1345,[W5]0915,[E3]1640"
"TIANJIN AIBAIKE BICYCLE CO., LTD.",天津市艾拜克自行车股份有限公司,W5,0915,"[E2]1345,[W5]0915,[E3]1640"
"TIANJIN AIBAIKE BICYCLE CO., LTD.",天津市艾拜克自行车股份有限公司,E3,1640,"[E2]1345,[W5]0915,[E3]1640"
"ASSESS PRECISION OPTICAL MACHINERY (JIANGSU) CO., LTD. / ASSESS INDUSTRY CO., LTD.",雅瑟斯精密机械（江苏）有限公司/雅瑟斯工业股份有限公司,E2,1346,[E2]1346
"HUIZHOU SHUNMENG TECHNOLOGY CO., LTD.",惠州市顺盟科技有限公司,E2,1505,[E2]1505
"SHENZHEN SANYUN TECHNOLOGY CO., LTD.",深圳市三云科技有限公司,E2,1508,[E2]1508
"DONGGUAN YENYUE MACHINERY CO., LTD.",东莞元渝机械有限公司,E2,1511,[E2]1511
"NOVATECWHEELS (SHEN ZHEN) CO., LTD.",诺飞客全球营销（深圳）有限公司,E2,1513,[E2]1513
"SUZHOU DAWEI PRECISION CO., LTD.",苏州达韦精密工业有限公司,E2,1516,[E2]1516
"SUNSTART METAL PRODUCTS CO., LTD.",唐山盛斯拓金属制品有限公司,E2,1521,[E2]1521
"CIXI CITY SHENGFU BICYCLE INDUSTRY CO., LTD. / NINGBO SHENGJIE BICYCLE CO., LTD.",慈溪市圣福车业有限公司/宁波圣洁车业有限公司,E2,1526,[E2]1526
"NANTONG REPUTE BICYCLE PARTS CO., LTD.",南通瑞普特车业有限公司,E2,1532,[E2]1532
"NINGBO FENGLAN BICYCLE CO., LTD.",宁波市丰兰车业有限公司,E2,1534,[E2]1534
"TIANJIN KASHIMA INDUSTRY BICYCLE CO., LTD.",天津市卡希玛车业有限公司,E2,1536,[E2]1536
"BLUESKY (KUNSHAN) PRINTING CO., LTD.",昆山市蓝天印务有限公司,E2,1539,[E2]1539
"ZHEJIANG SHANYANG SPORTS EQUIPMENT CO., LTD.",浙江善阳运动器材有限公司,E2,1542,[E2]1542
"KUNSHAN HOVERIC SPORTS SCIENCE TECHNOLOGY CO., LTD.",昆山泓瑞凯运动科技有限公司,E2,1545,[E2]1545
东莞富厚自行车零件有限公司,东莞富厚自行车零件有限公司,E2,1701,[E2]1701
"JIANGYIN CITY JIUAN BICYCLE INDUSTRY CO., LTD.",江阴市久安车业有限公司,E2,1705,[E2]1705
"JIUHONG METAL PRODUCTS (DONGGUAN) CO., LTD.",久鸿金属制品（东莞市）有限公司,E2,1707,[E2]1707
"FOUNDER LAND PRECISION HARDWARE (DONGGUAN) CO., LTD.",逢联精密五金（东莞）有限公司,E2,1709,[E2]1709
"NINGBO ZHEHANG BIKE CO., LTD.",宁波哲航车业有限公司,E2,1711,[E2]1711
"TIANJIN JOOD METAL PRODUCTS CO., LTD.",天津钜德成金属制品有限公司,E2,1713,[E2]1713
"TSLG (KUNSHAN) CO., LTD.",耐落螺丝（昆山）有限公司,E2,1717,[E2]1717
"HANGZHOU XINLU CHAIN GUARD CO., LTD.",杭州鑫鹿链罩有限公司,E2,1719,[E2]1719
TAI ZHOU XRD BICYCLE PARTS,泰州市新锐达车业有限公司,E2,1721,[E2]1721
XINGTAI BEIFUTE ZIXINGCHE YOUXIANGONGSI,邢台贝浮特自行车有限公司,E2,1722,[E2]1722
恒美自行车（天津）有限公司,恒美自行车（天津）有限公司,E2,1725,[E2]1725
"ZEIT BICYCLE INDUSTRIAL CO., LTD.",柴特工业有限公司,E2,1727,[E2]1727
"NINGBO FINESUN BEARING CO., LTD.",慈溪市合进成轴承有限公司,E2,1728,[E2]1728
ALPHA CYCLING,杭州爱赛客科技有限公司,E2,1729,[E2]1729
"TIANJIN HAIYUE TECHNOLOGY CO., LTD.",天津海越科技有限公司,E2,1731,[E2]1731
"SHANGHAI HUIMEI PLASTIC CO., LTD.",上海汇美塑料制品有限公司,E2,1801,[E2]1801
邢台正锋自行车零件有限公司,邢台正锋自行车零件有限公司,E2,1803,[E2]1803
"MING SHIJU CO., LTD.",名师车有限公司,E2,1805,[E2]1805
"XINGTAI SHENGXIN BICYCLE CO., LTD.",邢台市胜鑫自行车有限公司,E2,1806,[E2]1806
天津耀胜运动器材有限公司（天津市武清区东鑫自行车零件厂）,天津耀胜运动器材有限公司（天津市武清区东鑫自行车零件厂）,E2,1808,[E2]1808
"SHENZHEN MOZO TECHNOLOGY CO., LTD.",深圳市摩大科技有限公司,E2,1811,[E2]1811
"LIDROP TECHNOLOGY (SHENZHEN) CO., LTD.",一丁点科技（深圳）有限公司,E2,1813,[E2]1813
"SHENZHEN WEIKAILONG CAR INDUSTRY CO., LTD.",深圳市威凯龙车业有限公司,E2,1815,[E2]1815
"JIANGSU SAFORT METAL PRODUCTS CO., LTD.",江苏喜富德金属制品有限公司,E2,1817,[E2]1817
"TIANJIN MEGHNA BICYCLE CO., LTD.",天津美格纳自行车有限公司,E3,0001,[E3]0001
"HANGZHOU ZHONGXING BICYCLE CO., LTD.",杭州中兴车业有限公司,E3,0006,[E3]0006
"WENZHOU LITTLE SQUIRREL HARDWARE CO., LTD.",温州小松鼠五金有限公司,E3,0008,[E3]0008
"HEBEI BAISIKE BICYCLE CO., LTD.",河北佰思克车业有限公司,E3,0009,[E3]0009
"NINGBO JITENG VEHICLE PARTS CO., LTD.",宁波吉腾车辆配件有限公司,E3,0013,[E3]0013
"HANGZHOU ZIFENG BICYCLE CO., LTD.",浙江自凤自行车有限公司,E3,0015,[E3]0015
"CIXI KAIYU MANIPULATE CABLE CO., LTD.",慈溪市凯宇操纵索有限公司,E3,0017,[E3]0017
"NINGBO BIKEBEARING CO., LTD.",宁波百克轴承有限公司,E3,0021,[E3]0021
TJXHD ZIXINGBIKE,天津鑫辉达自行车有限公司,E3,0022,[E3]0022
"FOSHAN HONGZUAN SPORTING GOODS CO., LTD.",佛山市鸿钻运动用品有限公司,E3,0023,[E3]0023
"CIXI DAFENG BICYCLE CO., LTD.",慈溪大丰车业有限公司,E3,0025,"[E3]0025,[E5]0013"
"CIXI DAFENG BICYCLE CO., LTD.",慈溪大丰车业有限公司,E5,0013,"[E3]0025,[E5]0013"
SINMAT TECHNOLOGY CORP.,南宜国际材料有限公司,E3,0029,[E3]0029
QINGDAO ROADUP VEHICLE PARTS,青岛路达普车辆配件有限公司,E3,0031,[E3]0031
"NINGBO AOYANG BICYCLE CO., LTD.",宁波奥洋车业有限公司,E3,0105,[E3]0105
HENGYANG CHEYE,慈溪市恒阳车业有限公司,E3,0109,[E3]0109
"NINGBO ZHIDE BICYCLE INDUSTRY CO., LTD.",宁波智德车业有限公司,E3,0112,[E3]0112
"TIANJIN SSEART NEW MATERIAL CO., LTD.",天津盛达新材料有限公司,E3,0114,[E3]0114
"JIAXING XIUSHUI CHAINGUARD CO., LTD.",嘉兴市秀水链罩股份有限公司,E3,0116,[E3]0116
"TAIZHOU RIXIN BICYCLE INDUSTRY CO., LTD.",台州市日新车业股份有限公司,E3,0121,[E3]0121
"TIANJIN XINLAN WEIYE TECHNOLOGY CO., LTD.",天津鑫岚伟业科技有限公司,E3,0123,[E3]0123
"CIXI HENGFENG VEHICLE CO., LTD.",慈溪市恒丰车业有限公司,E3,0126,[E3]0126
"TIANJIN MOMA TECHNOLOGY CO., LTD.",天津摩犸科技有限公司,E3,0129,[E3]0129
"NINGBO QIYING SPORTS EQUIPMENT CO., LTD.",宁波骑鹰运动器材有限公司（原昊爵）,E3,0132,[E3]0132
"CIXI JIEYA BICYCLE CO., LTD.",慈溪市捷雅（羚翔）车业有限公司,E3,0134,[E3]0134
TRANSART,政伸印刷,E3,0137,[E3]0137
"XINGTAI HEHAO BICYCLE CO., LTD.",邢台赫浩自行车有限公司,E3,0140,[E3]0140
"FOSHAN YOUYING SPORTS TECHNOLOGY CO., LTD.",佛山市佑盈运动科技有限公司,E3,0143,[E3]0143
"DONGGUAN XINKAIMING SPORTS EQUIPMENT CO., LTD.",东莞市鑫凯铭运动器材有限公司,E3,0145,[E3]0145
"NINGBO TUNAISI FREEWHEEL CO., LTD.",宁波图耐斯飞轮有限公司,E3,0201,[E3]0201
"XINGTAI WEEN CHILDREN TOYS CO., LTD.",邢台薇恩儿童玩具有限公司,E3,0240,[E3]0240
XINGTAI YUANXIANG ZIXINGCE YIUXIANGONGS,邢台远翔自行车有限公司,E3,0243,[E3]0243
宁波帕菲特车业股份有限公司,宁波帕菲特车业股份有限公司,E3,0401,[E3]0401
"JINHUA STARS ALLOY RIMS CO., LTD.",金华市双星铝圈有限公司,E3,0405,[E3]0405
"CIXI MIXIER BICYCLE CO., LTD.",慈溪市米歇尔车业有限公司,E3,0412,[E3]0412
"NINGBO NEW XINUO BICYCLE CO., LTD.",宁波市新禧诺车业有限公司,E3,0414,[E3]0414
"KUNSHAN YILUN INTELLIGENT TECHNOLOGY CO., LTD.",昆山亿轮智能科技有限公司,E3,0416,[E3]0416
"NINGBO JINDALAI VEHICLE INDUSTRY CO., LTD.",宁波金达莱车业有限公司,E3,0418,[E3]0418
"SUZHOU YIDUO SPORTS TECHNOLOGY CO., LTD. / KUNSHAN ANPENG VEHICLE MATERIAL CO., LTD.",苏州意多运动科技有限公司/昆山安鹏车料有限公司,E3,0421,[E3]0421
"CIXI CITY FEILAIER VEHICLE INDUSTRY CO., LTD.",慈溪市菲莱尔车业有限公司,E3,0423,[E3]0423
"NINGBO SIMAERS SPORTS EQUIPMENT CO., LTD.",宁波星曼运动器材有限公司,E3,0426,[E3]0426
"CIXI MENKIN BICYCLE CO., LTD.",慈溪市猛进车业有限公司,E3,0432,[E3]0432
"CANGZHOU TIANDE HAREDWARE MANUFACTURING CO., LTD.",沧州天德五金制造有限公司,E3,0434,[E3]0434
"TAIZHOU SHUANGJING BICYCLE CO., LTD.",泰州双井车业有限公司,E3,0437,[E3]0437
"XINGTAI YIJIE BICYCLE ACCESSORIES CO., LTD.",邢台益捷自行车配件有限公司,E3,0440,[E3]0440
"TIANJIN NICEYIDA SPORT TECH CO., LTD. / TIANJIN HAIZHICHUAN INTERNATIONAL TRADE CO., LTD.",天津美益达运动科技有限公司/天津市海之川国际贸易有限公司,E3,0443,[E3]0443
"DONGGUAN MEROCA SPORTS PRODUCTS CO., LTD.",东莞市麦瑞卡运动用品有限公司,E3,0445,[E3]0445
"CIXI XINDU VEHICLE INDUSTRY CO., LTD.",慈溪市鑫都车业有限公司,E3,0523,[E3]0523
"NINGBO DONGFANG GOLD CHAIN INDUSTRY &amp; TRADE CO., LTD.",宁波市东方金链工贸有限公司,E3,0601,[E3]0601
"NINGBO PENK INTELLIGENT TECHNOLOGY CO., LTD.",宁波匹克智能科技有限公司,E3,0705,[E3]0705
"JIANGMENSHI WEIYI ALUMINUM CO., LTD.",江门市维艺铝业科技有限公司,E3,0712,[E3]0712
"NINGBO YOUSHENG BICYCLE CO., LTD.",宁波优升车业有限公司,E3,0716,[E3]0716
"DONGTAI YUEXING TECHNOLOGY CO., LTD.",东台悦行科技有限公司,E3,0721,[E3]0721
CIXI KANGYUE BICYCLE,慈溪市康跃车业有限公司,E3,0723,[E3]0723
"ZHEJIANG LANXI LANHANG CHAIN DRIVE ACCESSORY CO., LTD.",浙江兰溪兰航链传动配件有限公司,E3,0726,[E3]0726
"CIXI KANGDI BICYCLE CO., LTD.",慈溪康迪车业有限公司,E3,0732,[E3]0732
"HEBEI YIHUA BICYCLE CO., LTD.",河北亿华自行车有限公司,E3,0734,[E3]0734
"SHENZHEN HANHONGXIN PRECISION TECHNOLOGY CO., LTD.",深圳市汉鸿欣精密科技有限公司,E3,0737,[E3]0737
"KUNSHAN WANDA METAL PRODUCTS CO., LTD.",昆山市万达金属制品有限公司,E3,0740,[E3]0740
"XINGTAI CHENXING AUTOMOBILE CO., LTD.",邢台晨星车业有限责任公司,E3,0743,[E3]0743
"HEBEI HONGLI BICYCLE TECHNOLOGY CO., LTD.",河北鸿利自行车科技有限公司,E3,0745,[E3]0745
"HAOJIE (HK) CO., LTD.",香港豪杰有限公司,E3,0812,[E3]0812
"HANGZHOU BAIKESI BICYCLE CO., LTD.",杭州佰客思自行车有限公司,E3,0813,[E3]0813
"SANHEWLETT METAL PRODUCTS (TAISHAN) CO., LTD.",三合利金属制品（台山）有限公司,E3,0821,[E3]0821
"TIANJIN ANSHIDA BICYCLE CO., LTD.",天津市凯瑞进出口有限公司（天津格斯克运动器材有限公司）,E3,0901,[E3]0901
"LANXI WHEELTOP CYCLE INDUSTRIES CO., LTD.",兰溪轮峰车料有限公司,E3,0905,"[E3]0905,1205"
"NINGBO S.SHINE BICYCLE INDUSTRY CO., LTD.",宁波桑夏车业有限公司,E3,0912,[E3]0912
"TAICANG&nbsp;AYA METALWARE CO., LTD.",太仓亿海金属制品有限公司,E3,0916,[E3]0916
EVERESTT INTERNATIONAL INDUSTRIES LTD.,南京金宏一工贸有限公司,E3,0918,[E3]0918
"NINGBO JOYSUN BICYCLE CO., LTD.",宁波久和车业有限公司,E3,0921,[E3]0921
"NINGBO HAISHU MAGNESIUM HAO CAR INDUSTRY CO., LTD.",宁波市海曙镁豪车业有限公司,E3,0926,[E3]0926
"HUIZHOU KANGSHENG COMPOSITES TECHNOLOGY CO., LTD.",惠州康晟复合材料科技有限公司,E3,0929,[E3]0929
"FOSHAN AIFEIT BICYCLE ACCESSORY CO., LTD.",佛山市艾菲特自行车配件有限公司,E3,0932,[E3]0932
"LANXISHI TONGLI ALUMINUM CO., LTD.",兰溪市同力铝业股份有限公司,E3,0937,[E3]0937
平乡县超力车业有限公司,平乡县超力车业有限公司,E3,0940,"[E3]0940,1817"
广宗县凯宇车业有限公司,广宗县凯宇车业有限公司,E3,0943,[E3]0943
"TIANJIN CHUANGMENG BICYCLE PARTS CO., LTD.",扬州创盟自行车配件有限公司,E3,1208,[E3]1208
"SHENZHEN CHENGDA BOND TECHNOLOGY CO., LTD.",深圳市诚达邦德科技有限公司,E3,1212,[E3]1212
"HEBEI XINDA BICYCLE CO., LTD.",河北信达车业有限公司,E3,1214,[E3]1214
"NINGBO JULONG ENVIRONMENTAL PROTECTION TECHNOLOGY CO., LTD.",宁波聚龙环保科技有限公司,E3,1216,[E3]1216
"TIANJIN RABER &amp; PS CO., LTD.",天津市诚煌科技有限公司,E3,1218,[E3]1218
"KUNSHAN SUNTORI VEHICLE METAL CO., LTD.",昆山顺得利金属有限公司,E3,1221,[E3]1221
CYCLONE PRECISION (TAIZHOU) INC.,泰州凯特机械有限公司,E3,1223,[E3]1223
"TIANJIN WANHUA VEHICLE COMPONENTS CO., LTD. / WANHUA BICYCLE PAATS CO., LTD.",天津市万华车料有限公司,E3,1226,[E3]1226
"TIANJIN SHENG FANGTAI TECHNOLOGY CO., LTD.",天津盛方泰科技有限公司/天津市连合工贸有限公司,E3,1229,[E3]1229
HAISHU YINJIANG BAOLIFENG BICYCLE FITTING FACTORY,宁波市海曙鄞江宝丽丰车辆配件厂,E3,1232,[E3]1232
"XINGTAI CITY JIANGHAO BICYCLE PARTS CO., LTD.",邢台市江浩自行车配件有限公司,E3,1234,[E3]1234
"XINGTAI HUABEI BICYCLE PARTS CO., LTD.",邢台市华北自行车零件有限公司,E3,1237,[E3]1237
"GUANGZONG COUNTY KAIJIN BICYCLE CO., LTD.",广宗县凯进自行车有限公司,E3,1240,[E3]1240
平乡县沐泽车业有限公司,平乡县沐泽车业有限公司,E3,1243,[E3]1243
"NINGBO YONGXIN BICYCLE CO., LTD.",宁波市勇欣车业有限公司,E3,1245,[E3]1245
"TIANJIN VEALEN TECHNOLOGY CO., LTD.",炜仑（天津）科技有限公司,E3,1246,[E3]1246
"NINGBO HENLON BICYCLE CO., LTD.",宁波恒隆车业有限公司,E3,1301,[E3]1301
"SHENZHEN LANGTE TECHNOLOGY CO., LTD.",深圳市浪特科技有限公司,E3,1312,[E3]1312
"TIANJIN BINFEI CHAIN TANGSHAN CO., LTD.",唐山滨飞链条厂,E3,1343,[E3]1343
"NINGBO CHENKUN BICYCLE INDUSTRY CO., LTD.",宁波辰坤车业有限公司,E3,1345,[E3]1345
TAIZHOU JIAOJIANG JIANGLING PLASTIC MACHINE FACTORY,台州市椒江江凌塑料机械厂,E3,1505,[E3]1505
"GAOPIN WHEEL RIM CO., LTD.",唐山市高品轮辋有限公司,E3,1508,[E3]1508
"CHUAN WEI INDUSTRIAL CO., LTD.",全维金属制品（昆山）有限公司,E3,1512,[E3]1512
"WENLING DOFOHO BICYCLE PARTS CO., LTD.",温岭东方红车料有限公司,E3,1516,[E3]1516
"NINGBO QILONG BICYCLE INDUSTRY CO., LTD.",宁波奇龙车业有限公司,E3,1518,[E3]1518
"GUANGZONG FEIXIANG BICYCLE CO., LTD.",河北臻华自行车有限公司,E3,1521,[E3]1521
"DDK CYCLE (NANTONG) CO., LTD.",永丰铭车料（南通）有限公司,E3,1526,[E3]1526
SHANGHAI HAIWEY INTERNATIONAL CORP.,上海重阳国际贸易有限公司,E3,1529,[E3]1529
"SHANGHAI FLEXTECH TRANSMISSION TECHNOLOGY CO., LTD.",上海寰钧传动技术有限公司,E3,1532,[E3]1532
"XINGTAI YADA VEHICLE INDUSTRY CO., LTD.",邢台亚达车业有限公司,E3,1534,[E3]1534
"CHANGZHOU EASYLIFE PRODUCTS CO., LTD.",常州亿来金属制品有限公司,E3,1537,[E3]1537
"XIAMEN GAOLAN NEW MATERIALS CO., LTD.",厦门高澜新材料有限公司,E3,1540,[E3]1540
"NINGBO LUYICHI SPORTS CO., LTD.",宁波市路易驰体育用品有限公司,E3,1543,[E3]1543
YISAI-XINGTAI,邢台市亿赛自行车制造有限公司,E3,1545,[E3]1545
"GUANGZONG COUNTY FEIMA BICYCLE CO., LTD.",广宗县飞马车业有限公司,E3,1546,[E3]1546
"CIXI ZHONGYA BICYCLE CO., LTD.",慈溪市中亚车业有限公司,E3,1605,[E3]1605
"CHANGZHOU CHUNDA BICYCLE INDUSTRY CO., LTD.",常州春达车业有限公司,E3,1637,[E3]1637
"TIANJIN HUANMIN METAL PRODUCTS CO., LTD.",天津市华民金属制品有限公司,E3,1701,[E3]1701
"KUNSHAN FANGGE PRECISION FORGING CO., LTD.",昆山方歌精密锻造有限公司,E3,1705,[E3]1705
SHUNTUO,慈溪市丰太车业有限公司,E3,1709,[E3]1709
浙江长盛塑料轴承技术有限公司,浙江长盛塑料轴承技术有限公司,E3,1711,[E3]1711
"HEBEI XIANGLAI TRADING CO., LTD.",河北翔来贸易有限公司,E3,1712,[E3]1712
XINGTAIJINTE,邢台金特电动自行车有限公司,E3,1715,[E3]1715
"XINGTAI SHANGJIE BICYCLE PARTS CO., LTD.",邢台尚捷自行车配件有限公司,E3,1717,"[E3]1717,0019"
"HSIN-TECH (SHENZHEN) CO., LTD.",深圳信碟科技有限公司,E3,1720,[E3]1720
"TIANJIN XINANYUAN IMPORT &amp; EXPORT TRADING CO., LTD.",天津欣安元进出口有限公司,E3,1723,[E3]1723
"DEVELOPED PLASTIC PRODUCTS FACTORY IN WEN'AN COUNTY, HEBEI PROVINCE",河北省文安县发达塑胶制品厂,E3,1725,[E3]1725
"YUNCHI EQUIPMENT TECHNOLOGY (KUNSHAN) CO., LTD.",云驰设备科技（昆山）有限公司,E3,1727,[E3]1727
"SHENZHEN CATO OUTDOOR PRODUCTS CO., LTD.",深圳市凯之拓户外用品有限公司,E3,1728,[E3]1728
TIANJIN HOT WHEEL TECHNOLOGY,天津羽轮科技有限公司,E3,1729,[E3]1729
"SHAOXING SHANGYU CHUANGXIN VECHICLE INDUSTRY CO., LTD.",绍兴上虞创新车业有限公司,E3,1730,[E3]1730
"ZHONGSHAN HENGYI SPORTS EQUIPMENT CO., LTD.",中山恒奕体育器材有限公司,E3,1731,[E3]1731
"CIXI ZHONGKEN BICYCLE INDUSTRY CO., LTD.",慈溪市中肯车业有限公司,E3,1801,[E3]1801
TIANJIN XINGQI BICYCLE PARTS FACTORY,天津兴起自行车零件有限公司,E3,1803,[E3]1803
"SHANGHAI KUILAI ENTERPRISE DEVELOPMENT CO., LTD.",上海葵莱企业发展有限公司,E3,1804,[E3]1804
GONGZONGXIAN XINWEI ZIXINGCHE PEIJIANCHANG,广宗县鑫伟自行车配件厂,E3,1805,[E3]1805
天津冠麒塑胶有限公司,天津冠麒塑胶有限公司,E3,1807,[E3]1807
"NINGBO HUAQING BRAKE CO., LTD.",宁波华轻车闸有限公司,E3,1811,[E3]1811
"XINPUWANGJIONG VEHICLE PARTS FACTORY, CIXI CITY",慈溪市新浦旺炯车辆配件厂,E3,1813,[E3]1813
"NINGBO SHENGZHOU PLASTIC CO., LTD.",宁波晟洲塑胶有限公司,E3,1815,[E3]1815
"JINHUA POWER RIM CO., LTD.",金华市帕威尔车圈有限公司,E4,0001,"[E4]0001,[E7]1717"
"JINHUA POWER RIM CO., LTD.",金华市帕威尔车圈有限公司,E7,1717,"[E4]0001,[E7]1717"
"HEBEI XIEMEI RUBBER PRODUCTS CO., LTD.",河北协美橡胶制品有限公司,E4,0003,[E4]0003
"TIANJIN BOHAI CHENGCHENG CO., LTD.",天津博海诚成科技有限公司,E4,0005,[E4]0005
"LIANYUNGANG JIDELONG TRADING CO., LTD.",连云港吉得龙贸易有限公司,E4,0007,[E4]0007
CHANGZHOU JIANGNAN SPOKE LTD.,常州市江南辐条有限公司,E4,0009,[E4]0009
"TIANJIN CHANGYU RUBBER PRODUCTS CO., LTD.",天津昌宇橡胶制品有限公司,E4,0011,[E4]0011
"XINGTAI SHUNKE TRADE CO., LTD.",邢台顺科商贸有限公司,E4,0013,[E4]0013
"NANTONG XIANGRUI RUBBER PRODUCTS CO., LTD.",南通祥瑞橡塑制品有限公司,E4,0015,[E4]0015
"GUANGZONG COUNTY LIQIANG BICYCLE PARTS CO., LTD.",广宗县力强自行车零件有限公司,E4,0017,[E4]0017
PINGXIANGXIAN KEMA ZIXINGCHECHANG,邢台欧信自行车有限公司,E4,0019,[E4]0019
"GUANGZONG COUNTY QISHENG BICYCLE SADDLE CLAY PLATE CO., LTD.",广宗县旗盛自行车有限公司,E4,0020,[E4]0020
"JIANGSU DEMEIQI TYRE CO., LTD.",江苏德美祺轮胎有限公司,E4,0021,[E4]0021
"XIAMEN MOSTSPORT COMPOSITE TECHNOLOGY CO., LTD.",厦门麦胜复材科技有限公司,E4,0022,[E4]0022
"NANTONG FINECARE HEALTH PRODUCTS CO., LTD.",南通辉宏康复器材有限公司,E4,0025,[E4]0025
"SHENZHEN FORTY TECHNOLOGY CO., LTD.",深圳市肆零科技有限公司,E4,0026,[E4]0026
DSI TYRES - SAMSON RUBBER INDUSTRIES (PVT) LTD.,DSI TYRES - SAMSON RUBBER INDUSTRIES (PVT) LTD,E4,0027,[E4]0027
"FUJIAN XINJU LIGHTWEIGHT COMPOSITE MATERIALS CO., LTD.",福建鑫聚轻质复合材料有限公司,E4,0029,[E4]0029
QIUXIANJIAMEI,嘉美自行车闸把有限公司,E4,0030,[E4]0030
"TIANJIN JINJIAN TRADING CO., LTD.",天津市金健昌盛伟业贸易有限公司,E4,0031,[E4]0031
"HEBEI ZHENGTONG TIRE MANUFACTURING CO., LTD.",河北正通轮胎制造有限公司,E4,0105,[E4]0105
"AOXIN RUBBER (CHANGZHOU) CO., LTD.",奥新橡胶（常州）有限公司,E4,0108,[E4]0108
"KUNSHAN TOOPRE OUTDOOR SUPPLIES CO., LTD.",昆山拓派户外用品有限公司/瓦特,E4,0111,[E4]0111
"SUNSHUAI BICYCLE HEBEI INDUSTRY CO., LTD.",森帅自行车河北有限公司,E4,0116,[E4]0116
"NANTONG IFENG RUBBER PRODUCT CO., LTD.",南通凤凰橡胶制品有限公司,E4,0121,[E4]0121
"SHINEMORE SPORTS EQUIPMENT (KUNSHAN) CO., LTD.",昆山亚鑫茂运动器材有限公司,E4,0123,[E4]0123
"EVER GLORY MACHINERY (KUNSHAN) CO., LTD.",英隆机械（昆山）有限公司,E4,0126,[E4]0126
CRW,漳州市铠富特复材科技有限公司,E4,0129,[E4]0129
诺言自行车配件厂,诺言自行车配件厂,E4,0132,[E4]0132
"HANGZHOU XINXING BICYCLE PARTS CO., LTD.",杭州新兴车料有限公司,E4,0134,[E4]0134
"SHANGDI (JIAXING) TECHNOLOGY CO., LTD.",尚滴（嘉兴）科技有限公司,E4,0136,[E4]0136
"XINGTAI CHAOZHENG TIRE CO., LTD.",邢台超正轮胎有限公司,E4,0139,[E4]0139
"SHENZHEN DIFEN SPORTING EQUIPMENT BIKE CO., LTD.",深圳市鼎丰体育用品有限公司,E4,0142,[E4]0142
"HANDAN TIENIU BICYCLE ACCESSORIES CO., LTD.",邯郸市铁牛自行车配件有限公司,E4,0144,[E4]0144
"INNOVA RUBBER (PINGHU) CO., LTD.",蚌埠伊诺华轮胎有限公司,E4,0201,[E4]0201
"HUIZHOU XINGYOU SPORTS EQUIPMENT CO., LTD.",惠州市兴友运动器材有限公司,E4,0239,[E4]0239
SHANTOU YEDA PLASTIC PRODUCTS PLANT,汕头烨达塑料制品厂,E4,0242,[E4]0242
CIXI JINGSHENG PLASTIC COMPANY LTD.,慈溪市精晟塑料制品有限公司,E4,0243,[E4]0243
"NANTONG HAICHENG SPOKE CO., LTD.",南通海诚辐条有限公司,E4,0411,[E4]0411
"TANNUS CO., LTD.","TANNUS CO.,LTD",E4,0413,[E4]0413
"JINDE RUBBER (FUJIAN) CO., LTD.",金德橡胶（福建）有限公司,E4,0416,[E4]0416
"RUGAO HUATAI RUBBER PRODUCTS CO., LTD.",如皋市华泰轮胎有限公司,E4,0418,[E4]0418
"HEBEI HONG YANG TIRE CO., LTD.",河北虹阳轮胎有限公司,E4,0421,[E4]0421
"SHENZHEN HENGLITONG METAL PRODUCTS CO., LTD.",深圳市恒力通金属制品有限公司,E4,0426,[E4]0426
"LIGHT BICYCLE (XIAMEN) TECHNOLOGY CO., LTD.",厦门乐摆定制科技有限公司,E4,0429,[E4]0429
厦门凯世迈复材科技有限公司,厦门凯世迈复材科技有限公司,E4,0432,[E4]0432
"NINGBO CHISMAN BICYCLE CO., LTD.",宁波驰鸣车业有限公司,E4,0434,[E4]0434
"KUNSHAN YUNCAN ELECTRONIC TECHNOLOGY CO., LTD.",昆山昀灿电子科技有限公司,E4,0436,[E4]0436
PINGXIANG COUNTY XULIN PARTS FACTORY,平乡县栩霖配件厂,E4,0439,[E4]0439
"FOSHAN OWENLAN PRECISION TECHNOLOGY CO., LTD.",佛山市中鑫奥联精密科技有限公司,E4,0442,[E4]0442
"JIANGSU RISINGSUN TECHNOLOGY CO., LTD.",江苏江昕科技股份有限公司,E4,0501,[E4]0501
"ZHONGCE RUBBER GROUP CO., LTD.",中策橡胶集团股份有限公司,E4,0505,"[E4]0505,[W1]0518"
"ZHONGCE RUBBER GROUP CO., LTD.",中策橡胶集团股份有限公司,W1,0518,"[E4]0505,[W1]0518"
"XIAMEN H-WORKS TECHNOLOGY CO., LTD.",厦门毂声科技有限公司,E4,0532,[E4]0532
NO6 WORKS PTE LTD.,No6 Works Pte Ltd,E4,0534,[E4]0534
"CHANGZHOU HANNUO BICYCLE RIMS CO., LTD.",常州汉诺车圈有限公司,E4,0539,[E4]0539
"NINGBO HUACHI CYCLE CO., LTD.",宁波华驰车业有限公司,E4,0542,[E4]0542
KAIYU,凯宇自行车配件,E4,0544,[E4]0544
"HANGZHOU YICHANG TECHNOLOGY CO., LTD.",杭州钰蝉科技有限公司,E4,0545,[E4]0545
河南启升精锻科技有限公司（天津市卜升金属）,河南启升精锻科技有限公司（天津市卜升金属）,E4,0711,[E4]0711
"GUANGZHOU FEIXUAN RUBBER CO., LTD.",广州飞旋橡胶有限公司,E4,0716,[E4]0716
"HEBEI LUYING RUBBER MANUFACTORY CO., LTD.",河北路盈橡胶制品有限公司,E4,0718,[E4]0718
"SHANDONG JILUER TYRE CO., LTD.",山东吉路尔轮胎有限公司,E4,0721,[E4]0721
"XINGTAI JIANLI AUTOMOBILE INDUSTRY CO., LTD.",邢台市健力车业有限公司,E4,0726,[E4]0726
"XINGTAI GANGJIE BICYCLE CO., LTD.",邢台港捷自行车有限公司,E4,0732,[E4]0732
"JIAXING TIGGO CAR SEATS CO., LTD.",嘉兴途观汽车安全座椅有限公司,E4,0734,[E4]0734
"JOVIAL BIKE COMPONENTS (CHANGSHU) CO., LTD.",巨驰自行车配件（常熟）有限公司,E4,0736,[E4]0736
"ZHELIANG DIMA RUBBER CO., LTD.",浙江迪马橡胶有限公司,E4,0739,[E4]0739
"TIANJIN FUCHUANFENGCHENG INTERNATIONAL TRADING CO., LTD.",天津福川丰程国际贸易有限公司,E4,0742,[E4]0742
昆山宏博交通器材有限公司,昆山宏博交通器材有限公司,E4,0744,[E4]0744
"RICHER (TIANJIN) SPORTS EQUIPMENT CO., LTD.",睿驰（天津）运动器材有限公司,E4,0842,[E4]0842
"HUNAN SUAO TECHNOLOGY CO., LTD.",湖南速奥科技有限公司,E4,0844,[E4]0844
"JIANGSU YISHENG SPORTS EQUIPMENT CO., LTD.",江苏益晟运动器材有限公司,E4,0901,[E4]0901
"TIANJIN WANDA TYRE GROUP CO., LTD.",天津市万达轮胎集团有限公司,E4,0905,[E4]0905
"SIBOGE BICYCLE COMPONENT (TAICANG) CO., LTD.",斯柏格车料（太仓）有限公司,E4,0911,[E4]0911
"HANGZHOU SINUOMAN RIMS CO., LTD.",杭州斯诺曼车圈有限公司,E4,0913,[E4]0913
"WUXI THINKRIDER TECHNOLOGY CO., LTD.",无锡芯科来德科技有限公司,E4,0916,[E4]0916
"HEBEI YONGNAI VEHICLE CO., LTD.",河北永耐车业有限公司,E4,0918,[E4]0918
NANTONG SUN CHASE RUBBER PRODUCTS,南通顺驰橡胶制品有限公司,E4,0921,[E4]0921
"TAICANG XIANGYUE SPORTS EQUIPMENT CO., LTD.",太仓市祥跃运动器材有限公司,E4,0926,[E4]0926
UP-VINE,杭州静藤自行车有限公司,E4,0932,[E4]0932
SHANGHAI INOAC CORPORATION,上海井上贸易有限公司,E4,0934,[E4]0934
"HEBEI KAILAI VEHICLE INDUSTRY CO., LTD.",河北凯莱车业有限公司,E4,0936,[E4]0936
"DONGGUAN FEIHONG INSTRUMENT AND EQUIPMENT CO., LTD.",东莞飞弘仪器设备有限公司,E4,0939,[E4]0939
"XIAMEN TIMETEC IMPORT AND EXPORT CO., LTD.",厦门帝睦克进出口有限公司,E4,0942,[E4]0942
杭州猎速运动科技有限公司,杭州猎速运动科技有限公司,E4,0944,[E4]0944
"WUXI XITANG RIMS CO., LTD.",无锡西塘车圈有限公司,E4,0945,[E4]0945
"XINGTAI YANGZHOU BICYCLE PARTS CO., LTD.",邢台市洋洲自行车零件有限公司,E4,1036,[E4]1036
"XIAMEN TANDELL COMPOSITES TECHNOLOGY CO., LTD.",厦门腾达尔复材科技有限公司,E4,1042,[E4]1042
"NINGBO HENGSHANG ELECTRIC TECHNOLOGY CO., LTD.",宁波恒尚电子科技有限公司,E4,1044,[E4]1044
"XIAMEN LFT COMPOSITE PLASTIC CO., LTD.",长纤（厦门）新材料科技有限公司,E4,1045,[E4]1045
"KENDA RUBBER (CHINA) CO., LTD.",建大橡胶（中国）有限公司,E4,1201,[E4]1201
"TIANJIN SHIDA INTERNATIONAL TRADE CO., LTD.",山西中天麒麟科技有限公司,E4,1221,[E4]1221
"HEBEI IKIA INDUSTRY &amp; TRADE CO., LTD. / HEBEI TANDA CYCLES CO., LTD. / SHENZHEN HONGYUN TECH CO., LTD.",河北艺佳工贸有限公司/河北坦达车业有限公司/深圳鸿筠科技有限公司,E4,1226,[E4]1226
"SHENZHEN BEST BICYCLE CO., LTD.",深圳市百思特车业有限公司,E4,1229,[E4]1229
"KUNSHAN KAIFU INTELLIGENT TECHINOLOGY CO., LTD.",昆山开富智能科技有限公司,E4,1232,[E4]1232
"GUANGZHOU NEDONG INFORMATION TECHNOLOGY CO., LTD.",广州市耐动信息科技有限公司,E4,1234,[E4]1234
"HEBEI YIYANG BICYCLE CO., LTD.",河北怡洋自行车有限公司,E4,1236,[E4]1236
"DONGGUAN HAOPAI INTELLIGENT TECHNOLOGY CO., LTD.",东莞市豪派智能科技有限公司,E4,1239,[E4]1239
KANGDE,广宗县康德车业有限公司,E4,1242,[E4]1242
"GANZHOU BOTTLE CAGE BICYCLE CO., LTD.",赣州水壶架自行车有限公司,E4,1244,[E4]1244
"EIE (XIAMEN) BICYCLE CO., LTD.",翼而毅（厦门）自行车有限公司,E4,1245,[E4]1245
"HEBEI HONGSIDA BICYCLE INDUSTRY CO., LTD.",河北红思达车业有限公司,E4,1311,[E4]1311
"HANGZHOU MUTUAL IMPORT &amp; EXPORT CO., LTD.",浙江西陵汽车零部件制造有限公司（杭州明特进出口有限公司）,E4,1313,[E4]1313
"TRUEEAST ENTERPRISE CO., LTD.",泉州依贝克包袋有限公司,E4,1316,[E4]1316
"KUNSHAN BRISKY TRADING CO., LTD.",昆山贝思奇商贸有限公司,E4,1318,[E4]1318
"DUKEDI TIRE (TIANJIN) CO., LTD.",杜可迪轮胎（天津）有限公司,E4,1336,[E4]1336
"CARBON (XIAMEN) NEW MATERIALS CO., LTD.",碳元素（厦门）新材料有限公司,E4,1338,[E4]1338
"HEBEI AOXIN BICYCLE MANUFACTURING CO., LTD.",河北奥鑫自行车制造有限公司,E4,1339,[E4]1339
"ZHONGSHAN MICHEL CHEMICAL CO., LTD.",中山市迈克化工有限公司,E4,1342,[E4]1342
"TAI'AN ZHONGHE STEEL BALL CO., LTD.",泰安中核钢球有限公司,E4,1344,[E4]1344
"YUNCLEVER NETWORK TECHNOLOGY CO., LTD.",厦门云聪网络科技有限公司,E4,1345,[E4]1345
"DUKADI TIRE (HEBEI) CO., LTD.",杜卡迪轮胎（河北）有限公司,E4,1505,[E4]1505
"FOSHAN MAGOOD BICYCLE PARTS CO., LTD.",佛山镁利好自行车配件有限公司,E4,1511,[E4]1511
"TIANJIN FASTRON TECHNOLOGY CO., LTD.",天津市富士成科技有限公司,E4,1516,[E4]1516
"TIANJIN DATONG WEIYE SCIENCE AND TECHNOLOGY DEVELOPMENT CO., LTD.",天津大通伟业科技发展有限公司,E4,1518,[E4]1518
"XINGTAI GUAN LING BICYCLE CO., LTD.",冠羚车业有限公司,E4,1521,[E4]1521
"AK TECH CO., LTD. (UNO CHINA)",金皇铝科技（惠州）有限公司,E4,1526,[E4]1526
河北环森车业有限公司,河北环森车业有限公司,E4,1532,[E4]1532
"BEIJING XUANCHENG NEW ENERGY TECHNOLOGY CO., LTD.",北京炫程新能源科技有限公司,E4,1534,[E4]1534
平乡县平征橡胶工业有限公司,平乡县平征橡胶工业有限公司,E4,1536,[E4]1536
SHAOXING SHANGYU SONGXIA SHUANGLONG BICYCLE PARTS FACTROY,绍兴市上虞崧厦双龙自行车配件厂,E4,1538,[E4]1538
QUZHOU MINHAO,曲周县铭豪电动车配件有限公司,E4,1539,[E4]1539
"NANAN TESHUN SPORTING GOODS CO., LTD.",南安特顺体育用品有限公司,E4,1542,[E4]1542
泉州市舒骐体育用品有限公司,泉州市舒骐体育用品有限公司,E4,1544,[E4]1544
WUHAN KIVI RUBBER &amp; PLASTIC,武汉开维橡塑有限公司,E4,1545,[E4]1545
"HENGSHUI KAIYUE TECHNOLOGY CO., LTD.",衡水凯跃科技有限公司,E4,1638,[E4]1638
HEBEI DUODA SULIAO YOUXIANGONGSI,河北多达塑料制品有限公司,E4,1639,[E4]1639
"HANGZHOU VICTOR FRICTION MATERIAL CO., LTD.",杭州维克特摩擦材料有限公司,E4,1642,[E4]1642
宁波和沃科技有限公司,宁波和沃科技有限公司,E4,1643,[E4]1643
"DONGGUAN CITY XIFU HARDWARE TECHNOLOGY CO., LTD.",东莞市鑫富五金科技有限公司,E4,1644,[E4]1644
"HEBEI GAOSHIBANG INTELLIGENT TECHNOLOGY CO., LTD.",河北高士邦智能科技有限公司,E4,1645,[E4]1645
"WUXI ONLYRIM CO., LTD.",无锡奥利车圈有限公司,E4,1701,[E4]1701
"WUXI SIGMA METAL PRODUCTS CO., LTD.",无锡西格玛金属制品有限公司,E4,1703,[E4]1703
"SAFETY REFLECTIVE CO., LTD.",上海承粒国际贸易有限公司,E4,1704,[E4]1704
"JIASHAN MARGINAL BEARING CO., LTD.",嘉善边际轴承有限公司,E4,1705,[E4]1705
XING TAI BEI AO SUO JU YOU XIAN GONG SI,邢台北翱锁具有限公司,E4,1706,[E4]1706
"JINHUA SAMSON RIMS CO., LTD.",金华三胜车圈有限公司,E4,1707,[E4]1707
"HUAIAN IOMEGA IMPORT AND EXPORT TRADE DEVELOPMENT CO., LTD.",淮安市艾米加进出口贸易发展有限公司,E4,1709,[E4]1709
"JIANGXI JUYUAN RUBBER CO., LTD.",江西聚源橡胶有限公司,E4,1711,[E4]1711
"ALEADER (LONGYAN) NEW MATERIAL CO., LTD.",龙岩市领昕新材料有限公司,E4,1712,[E4]1712
河北鹏赋纺织科技股份有限公司,河北鹏赋纺织科技股份有限公司,E4,1713,[E4]1713
XINYOUPENG,天津市鑫友鹏塑胶制品有限公司,E4,1714,[E4]1714
"XIAMEN GO ZONE COMPOSITE MATERIALS TECH. CO., LTD.",厦门格纵复材科技有限公司,E4,1715,[E4]1715
"HAIMEN KYOWA RUBBER &amp; PLASTIC PRODUCTS CO., LTD.",海门市协和车辆配件有限公司,E4,1717,[E4]1717
PINGXIANG HAONIU FREEWHEEL FACTORY,平乡县浩牛飞轮厂,E4,1719,[E4]1719
"CHANGSHU JINBIAO TIRE VALVES CO., LTD.",常熟市金标气门咀有限公司,E4,1720,[E4]1720
PINGXIANG COUNTY PENGPENGLE BICYCLE PARTS FACTORY,平乡县鹏鹏乐自行车配件厂,E4,1721,[E4]1721
泰兴市双轮淮河车辆配件有限公司,泰兴市双轮淮河车辆配件有限公司,E4,1723,[E4]1723
"ZHANGJIAGANG EAST OCEAN TECHNICAL FABRIC CO., LTD.",张家港市东海工业用布有限公司,E4,1724,[E4]1724
"SHENZHEN YUANDA SPORTS EQUIPMENT CO., LTD.",深圳市远大运动器材有限公司,E4,1725,[E4]1725
山东巡山新材料科技有限公司,山东巡山新材料科技有限公司,E4,1726,[E4]1726
淮安亚联精密机械有限公司,淮安亚联精密机械有限公司,E4,1727,[E4]1727
MG,泰州市夕菲自行车配件厂,E4,1728,[E4]1728
广州市荣舟科技有限公司,广州市荣舟科技有限公司,E4,1729,[E4]1729
"HEBEI LANGTENG BICYCLE CO., LTD.",河北浪腾车业有限公司,E4,1730,[E4]1730
"CIXI SHENGXIANG PHOTOELECTRIC TECHNOLOGY CO., LTD.",慈溪市盛翔光电科技有限公司,E4,1732,[E4]1732
"ZHONGSHAN JIEANDA SPORTS EQUIPMENT CO., LTD.",中山捷安达运动器材有限公司,E4,1801,[E4]1801
"NANJING 100G SMART TECH CO., LTD.",南京壹佰克智能科技有限公司,E4,1803,[E4]1803
CHAOWU LOCK FACTORY,曲周县超武制锁厂,E4,1804,[E4]1804
"JIANGYIN HUAXING BICYCLE PARTS CO., LTD.",江阴市华星车料有限公司,E4,1805,[E4]1805
"XINGTAI MEISONG PLASTIC TECHNOLOGY CO., LTD.",邢台市美松塑胶科技有限公司,E4,1806,[E4]1806
"JIANGXI HUAYI RUBBER CO., LTD.",江西华谊橡胶有限公司,E4,1809,[E4]1809
"ZHONG HONG INDUSTRIAL CO., LTD.",中宏（天津）实业有限公司,E4,1811,[E4]1811
SSQUARE ENTERPRISES,SSQUARE ENTERPRISES,E4,1812,[E4]1812
"NINGBO LONGSHENG BICYCLE CO., LTD.",宁波隆晟车业有限公司,E4,1813,[E4]1813
"HANGZHOU YONGLI FRICTION MATERIAL CO., LTD.",杭州永利摩擦材料有限公司,E4,1815,[E4]1815
"CHANGZHOU SCIWIL ELECTRONICS HOLDING CO., LTD.",常州新思维电子股份有限公司,E5,0001,[E5]0001
"TAICANG YUEBO ELECTRIC TECHNOLOGY CO., LTD.",太仓市悦博电动科技有限公司,E5,0005,[E5]0005
永康慧步工贸有限公司,永康慧步工贸有限公司,E5,0007,[E5]0007
"TIANJIN GUSAM GEMS OUTDOOR PRODUCTS CO., LTD.",天津沽上万宝户外用品有限公司,E5,0009,[E5]0009
昆山深裕泽电子有限公司,昆山深裕泽电子有限公司,E5,0010,[E5]0010
"XINGTAI SHANG LEI TECHONLOGY CO., LTD.",邢台尚磊科技有限公司,E5,0011,[E5]0011
"CHANGZHOU KEVAR PLASTICS CO., LTD.",常州新区凯华塑料有限公司,E5,0015,[E5]0015
"TIANJIN SEE HIGH INTERNATIONAL TRADE CO., LTD.",天津慈海国际贸易有限公司,E5,0017,[E5]0017
"CHANGZHOU DINGSEN TRANSMISSION TECHNOLOGY CO., LTD.",常州鼎森传动科技有限公司,E5,0020,[E5]0020
邢台晶昌车业有限公司,邢台晶昌车业有限公司,E5,0021,[E5]0021
"XUZHOU LANGCHI ELECTRONIC TECHNOLOGY CO., LTD.",徐州朗驰电子科技有限公司,E5,0022,[E5]0022
"SUZHOU KUNTENG ELECTRONICS CO., LTD.",苏州市昆腾电子有限公司,E5,0023,[E5]0023
"DB MOVING LIGHTING CO., LTD.",东莞市豆贝移动照明有限公司,E5,0025,[E5]0025
"LINYIXINGTAI LOCK INDUSTRY CO., LTD.",临沂兴泰锁业有限公司,E5,0027,[E5]0027
"NANCHANG LVBU IMPORT AND EXPORT CO., LTD.",南昌吕布进出口有限公司,E5,0029,[E5]0029
LGC ENTERPRISE LTD.,缙云县刀浪车业有限公司,E5,0031,[E5]0031
"TIANJIN YUEHAITONG BICYCLE CO., LTD.",天津跃海通自行车有限公司,E5,0105,[E5]0105
大川电机科技（江苏）有限公司,大川电机科技（江苏）有限公司,E5,0111,[E5]0111
"TIANJIN KDS TECHNOLOGY CO., LTD.",凯迪斯科技（天津）有限公司,E5,0114,[E5]0114
"APT (TIANJIN) DEVELOPMENT CO., LTD.",安普达（天津）科技股份有限公司,E5,0116,[E5]0116
"GUANGDONG LOFANDI INTELLIGENT TECHNOLOGY CO., LTD.",广东洛梵狄智能科技有限公司,E5,0121,[E5]0121
"SUZHOU CUSMADE ELECTRONIC TECHNOLOGY CO., LTD.",苏州卡斯迈德电子科技有限公司,E5,0126,[E5]0126
"KUNSHAN JULET ELECTRONIC CO., LTD.",昆山君磊电器有限公司,E5,0132,[E5]0132
"SHENZHEN DIGITECH CO., LTD.",深圳市迪太科技有限公司,E5,0137,[E5]0137
苏州探索行动科技有限公司,苏州探索行动科技有限公司,E5,0140,[E5]0140
"TIANJIN UKRIVER SCIENCE AND TECHNOLOGY CO., LTD.",天津英河科技有限公司,E5,0143,[E5]0143
"JINHUA HENGCHUANG NEW ENERGY CO., LTD.",金华市恒创新能源有限公司,E5,0145,[E5]0145
"SHENZHEN TOPBAND CO., LTD.",深圳拓邦股份有限公司,E5,0201,[E5]0201
IRON ORE COMPANY LIMITED,铁兴有限公司,E5,0426,[E5]0426
先勒动力控制技术（上海）有限公司,先勒动力控制技术（上海）有限公司,E5,0429,[E5]0429
"ZHEJIANG BLUEPOINT POWER CO., LTD.",浙江蓝点动力有限公司,E5,0432,[E5]0432
"KUNSHAN BESTTEND LIGHT ALLOY TECHNOLOGY CO., LTD.",昆山市贝田轻合金科技有限公司,E5,0437,[E5]0437
"SUZHOU PANARACER TRADING CO., LTD.",苏州帕纳雷萨商贸有限公司,E5,0440,[E5]0440
"KUNSHAN LANGDESEN TECHNOLOGY CO., LTD.",昆山朗德森机电科技有限公司,E5,0443,[E5]0443
宁波海业电子科技有限公司,宁波海业电子科技有限公司,E5,0445,[E5]0445
"BAFANG ELECTRIC (SUZHOU) CO., LTD.",八方电气（苏州）股份有限公司,E5,0505,[E5]0505
"SHENZHEN OMNI INTELLIGENT TECHNOLOGY CO., LTD.",深圳欧米智能科技有限公司,E5,0508,[E5]0508
"SUZHOU WANJIA ELECTRIC CO., LTD.",苏州万佳电器有限公司,E5,0511,[E5]0511
"JINHUA QIDIAN VEHICLE CO., LTD.",金华骑点车业有限公司,E5,0516,[E5]0516
"CHANGZHOU JIABO MACHINERY MANUFACTURING CO., LTD.",常州市佳博机械制造有限公司,E5,0521,[E5]0521
宁波市鄞州恒泰机电有限公司,宁波市鄞州恒泰机电有限公司,E5,0601,[E5]0601
"KUNSHAN SHUOYIRUI INTELLIGENT TECHNOLOGY CO., LTD.",昆山硕意瑞智能科技有限公司,E5,0726,[E5]0726
"KING- METER TECHNOLOGY CO., LTD.",天津金米特科技股份有限公司,E5,0732,[E5]0732
OLI EBIKE SYSTEMS SRL,浙江欧力驱动系统有限公司,E5,0737,[E5]0737
KCLAMBER ELECTRIC TECHNOLOGY CORP.,苏州摩腾电子科技有限公司,E5,0740,[E5]0740
"SHENZHEN ATNEN TECHNOLOGY CO., LTD.",深圳市艾特能科技有限公司,E5,0743,[E5]0743
"TIANJIN D &amp; R ELECTRONIC TECHNOLOGY CO., LTD.",天津东嘉荣电子科技有限公司,E5,0745,[E5]0745
"ANANDA DRIVE TECHNIQUES (SHANGHAI) CO., LTD.",安乃达驱动技术（上海）股份有限公司,E5,0901,[E5]0901
"JIANDE WUXING BICYCLE CO., LTD.",建德市五星车业有限公司,E5,0905,[E5]0905
"HIGO TECHNOLOGY (SUZHOU) CO., LTD.",海固科技（苏州）有限公司,E5,0911,[E5]0911
"SUZHOU SHENGYI MOTOR CO., LTD.",苏州盛亿电机有限公司,E5,0913,[E5]0913
"JOYCUBE BATTERY CO., LTD.",星久科能源（苏州）有限公司,E5,0916,[E5]0916
"GUANGDONG GREENWAY TECHNOLOGY CO., LTD.",广东博力威科技股份有限公司,E5,0921,[E5]0921
"QINHUANGDAO XINCHI PHOTOELECTRICITY TECHNOLOGY CO., LTD.",秦皇岛市芯驰光电科技有限公司,E5,0926,[E5]0926
"SUZHOU XIONGDA ELECTRIC MACHINE CO., LTD.",苏州雄大电机有限公司,E5,0932,[E5]0932
"SUZHOU XIONGFENG MOTOR CO., LTD.",苏州雄风电机有限公司,E5,0937,[E5]0937
"NANTONG KOUMU CAR FITTINGS CO., LTD.",南通口木车件有限公司,E5,0940,[E5]0940
"WUXI KYESANG TECHNOLOGY CO., LTD.",无锡启尚科技有限公司,E5,0943,[E5]0943
"SHENZHEN SHENZHOU ARROW ELECTRONIC TECHNOLOGY CO., LTD.",深圳市神舟飞箭电子科技有限公司,E5,0945,[E5]0945
"LUHONG TECHNOLOGY (SHENZHEN) CO., LTD.",鲁鸿科技（深圳）有限公司,E5,1121,[E5]1121
"KUNSHAN ST ELECTRONICS CO., LTD.",昆山硕通电子有限公司,E5,1226,[E5]1226
"TIANJIN SANTROLL ELECTRIC TECHNOLOGY CO., LTD.",天津市松正电动科技有限公司,E5,1232,[E5]1232
"HENAN YICHUAN NEW ENERGY TECHNOLOGY CO., LTD.",河南一川新能源科技有限公司,E5,1237,[E5]1237
广州明美新能源股份有限公司,广州明美新能源股份有限公司,E5,1240,[E5]1240
"DONGGUN LIZJIN ELECTRONIC TECHNOLOGY CO., LTD.",东莞笠智精电子科技有限公司,E5,1243,[E5]1243
"RUIKANG ELECTRONIC TECHNOLOGY CO., LTD.",佛山市睿康电子科技有限公司,E5,1245,[E5]1245
"JIANGSU JINFENG ELECTROMECHANICAL CO., LTD.",江苏金丰机电有限公司,E5,1405,[E5]1405
苏州领冠新能源科技有限公司,苏州领冠新能源科技有限公司,E5,1411,[E5]1411
"WUXI DPOWER ELECTRONIC CO., LTD.",无锡大派电子有限公司,E5,1413,[E5]1413
"AIKEMA ELECTRIC DRIVE SYSTEM (SUZHOU) CO., LTD.",爱克玛电驱动系统（苏州）有限公司,E5,1416,[E5]1416
"NANJING LISHUI ELECTRONICS RESEARCH INSTITUTE CO., LTD.",南京溧水电子研究所有限公司,E5,1421,[E5]1421
"IQILI INTELLIGENT TECHNOLOGY (CHONGQING) CO., LTD.",爱奇力智能科技（重庆）有限公司,E5,1526,[E5]1526
"SHENZHEN KCHQ TECHNOLOGY CO., LTD.",深圳市科创奇科技有限公司,E5,1529,[E5]1529
"ZHONGSHAN SHIBAO NEW ENERGY CO., LTD.",中山市世豹新能源有限公司,E5,1532,[E5]1532
"FENG RONG PRECISION TECHNOLOGY (DONG GUAN) CO., LTD.",丰荣精密科技（东莞）有限公司,E5,1537,[E5]1537
苏州山田机电有限公司,苏州山田机电有限公司,E5,1540,[E5]1540
"CHOGORI TECHNOLOGY CO., LTD.",深圳乔合里科技股份有限公司,E5,1543,[E5]1543
"LN ENERGY TECHNOLOGY CO., LTD.",佛山市雷能能源科技有限公司,E5,1545,[E5]1545
"TIANJIN GOOD LIGHT TECHNOLOGY DEVELOPMENT CO., LTD.",天津固德莱特科技发展有限公司,E5,1701,"[E5]1701,[E6]1421"
"TIANJIN GOOD LIGHT TECHNOLOGY DEVELOPMENT CO., LTD.",天津固德莱特科技发展有限公司,E6,1421,"[E5]1701,[E6]1421"
"JIZE SAICHUANG LOCOMOTIVE PARTS CO., LTD.",鸡泽县赛创机车部件有限公司,E5,1705,"[E5]1705,1713"
"WELLTRANS TRANSMISSION SYSTEM (SHANGHAI) CO., LTD.",威榕传动系统（上海）有限公司,E5,1709,[E5]1709
"TAISHAN CJS TECHNOLOGY CO., LTD.",台山市昌建顺科技有限公司,E5,1715,[E5]1715
"LEHVOSS (SHANGHAI) CHEMICAL CO., LTD.",雷孚斯（上海）化工有限公司,E5,1717,[E5]1717
"HANGZHOU LIANGPAI TECHNOLOGY CO., LTD.",杭州亮派科技有限公司,E5,1720,[E5]1720
"NANJING BIGSTONE ELECTRONIC &amp; TECHNOLOGY CO., LTD.",南京大石电子科技有限公司,E5,1721,[E5]1721
大城县全鑫车辆配件有限公司,大城县全鑫车辆配件有限公司,E5,1724,[E5]1724
"HUIZHOU JETECH ENERGY TECHNOLOGY CO., LTD.",惠州市杰特能源科技有限公司,E5,1725,[E5]1725
"MING CHEN PLASTIC PRODUCTS CO., LTD.,QINGHE COUNTY",清河县明辰塑胶制品有限公司,E5,1727,[E5]1727
"JIANGXI HUABO LOCOMOTIVE PARTS CO., LTD.",江西华搏机车部件有限公司,E5,1728,[E5]1728
"QINGDAO VISASTONE INDUSTRY &amp; TRADE CO., LTD.",青岛信石工贸有限公司,E5,1730,[E5]1730
"FRANK BEARING TRADING (SHANGHAI) CO., LTD.",弗兰克轴承贸易（上海）有限公司,E5,1731,[E5]1731
"HANGZHOU TIANCI POWER TECHNOLOGY CO., LTD.",杭州天磁动力科技有限公司,E5,1732,[E5]1732
苏州智连共创电子科技有限公司,苏州智连共创电子科技有限公司,E5,1801,[E5]1801
"XINGTAI SANJIAN ELECTRIC BIKE MANUFACTURING CO., LTD.",邢台市三剑电动自行车制造有限公司,E5,1803,"[E5]1803,1811"
河北鼎宏机械配件有限公司,河北鼎宏机械配件有限公司,E5,1805,[E5]1805
"CLOUD DRIVE INTELLIGENT TECHNOLGY CO., LTD.",南京云驱智能科技有限公司,E5,1807,[E5]1807
温州艾锐德科技有限公司,温州艾锐德科技有限公司,E5,1813,[E5]1813
"NINGBO SIMING CHEMICAL CO., LTD.",宁波思铭化工有限公司,E5,1816,[E5]1816
"CIXI HUIYE MACHINERY TECHNOLOGY CO., LTD.",慈溪惠业机械科技有限公司,E5,1817,[E5]1817
"DEGSON TECHNOLOGY CO., LTD.",宁波高松技术有限公司,E6,0001,[E6]0001
"CHANGZHOU GREENPEDEL CO., LTD.",常州嘉罗车辆配件有限公司,E6,0005,[E6]0005
"KING CLEAN ELECTRI CO., LTD.",莱克电气股份有限公司,E6,0009,[E6]0009
慈溪托力自行车配件厂,慈溪托力自行车配件厂,E6,0013,[E6]0013
"SHENZHEN JIMI IOT CO., LTD.",深圳几米物联有限公司,E6,0017,[E6]0017
惠州市华利新材料有限公司,惠州市华利新材料有限公司,E6,0021,[E6]0021
"SHANDONG MTEN CO., LTD.",山东蒙特恩传动科技有限公司,E6,0023,[E6]0023
DAISAKU COMPANY LIMITED,株式会社大索,E6,0024,[E6]0024
"RUIAN TONGFAN LOCKSET INDUSTRY CO., LTD.",瑞安市同帆锁业有限公司,E6,0025,[E6]0025
"SHENZHEN CHANSON INTELLIGENT TECHNOLOGY CO., LTD.",深圳市创行智能科技有限公司,E6,0027,[E6]0027
杭州稻田增材技术有限公司,杭州稻田增材技术有限公司,E6,0029,[E6]0029
"DONGGUAN XUYI HARDWARE PLASTIC PRODUCTS CO., LTD.",东莞市旭意五金塑胶制品有限公司,E6,0030,[E6]0030
芸芸物联科技（苏州）有限公司,芸芸物联科技（苏州）有限公司,E6,0031,[E6]0031
"KUNSHAN YILIANSHENG INTELLIGENT TECHNOLOGY CO., LTD.",昆山亿联盛智能科技有限公司,E6,0105,[E6]0105
"TAIZHOU LUQIAO TONGSHANG MACHINARY TECHNOLOGY CO., LTD.",台州市路桥同尚机械科技有限公司,E6,0111,[E6]0111
"TIANJIN XINGANGYUN TECHNOLOGY CO., LTD.",天津市鑫港运科技有限公司,E6,0113,[E6]0113
跃成机电科技无锡有限公司,跃成机电科技无锡有限公司,E6,0116,[E6]0116
"NINGBO VSETT INTELLIGENT TECHNOLOGY CO., LTD.",宁波凹索智能科技有限公司,E6,0121,[E6]0121
"ZHEJIANG JINLIN SPORTS TECHNOLOGY CO., LTD.",浙江锦霖运动科技有限公司,E6,0126,[E6]0126
"WUXI SANDA MOTOR TECHNOLOGY CO., LTD.",无锡信安达电机科技有限公司,E6,0132,[E6]0132
丹阳市都盛电器有限公司,丹阳市都盛电器有限公司,E6,0136,[E6]0136
SHENZHEN TRITEK LIMITED,深圳市泰科动力系统有限公司,E6,0139,[E6]0139
"ANMDY INTELLIGENT TECHNOLOGY (SUZHOU) CO., LTD.",安沐迪智能科技（苏州）有限公司,E6,0142,[E6]0142
邢台治洋车业有限公司,邢台治洋车业有限公司,E6,0144,[E6]0144
"WANDA BATTERY INTELLIGENT TECHNOLOGY (KUNSHAN) CO., LTD.",万达电智能科技（昆山）有限公司,E6,0145,[E6]0145
"SPANNINGA BICYCLE COMPONENTS (FOSHAN) CO., LTD.",思邦自行车配件（佛山）有限公司,E6,0201,[E6]0201
"SHENZHEN FIRST POWER ENERGY CO., LTD.",深圳市一级动力能源有限公司,E6,0411,[E6]0411
KKE,金华凯凯壹科技有限公司,E6,0413,[E6]0413
"FOSHAN CITY SHUNDE DISTRICT CHENGDI ELECTRONIC TECHNOLOGY CO., LTD.",佛山市顺德区晟迪电子科技有限公司,E6,0416,[E6]0416
"NINGBO VCHAIN TECHNOLOGY CO., LTD.",宁波唯诚科技有限公司,E6,0421,[E6]0421
"NINGBO HUIDONG NEW ENERGY TECHNOLOGY CO., LTD.",宁波辉动新能源科技有限公司,E6,0423,[E6]0423
"NINGBO ROADSAN NEW ENERGY TECHNOLOGY CO., LTD.",宁波路尚新能源科技有限公司,E6,0426,[E6]0426
"ZHEJIANG XINZHENG INDUSTRY AND TRADE CO., LTD.",浙江鑫正工贸有限公司,E6,0429,[E6]0429
"EAZO TECHNOLOGY CO., LTD.",深圳易泽新能源科技有限公司,E6,0432,[E6]0432
"JIN XIN YU POWER (SHENZHEN) SUPPLY CO., LTD.",金鑫宇电源（深圳）有限责任公司,E6,0434,[E6]0434
"TIANJIN XIANZHONG NEW ENERGY TECHNOLOGY CO., LTD.",天津先众新能源科技股份有限公司,E6,0436,[E6]0436
"PUYUAN ELECTRIC MOTOR (SUZHOU) CO., LTD.",普源电机制造（苏州）有限公司,E6,0439,[E6]0439
"Z.S.F TECHNOLOGY (SHENZHEN) CO., LTD.",深圳市智盛富科技有限公司,E6,0442,[E6]0442
"NINGBO XOD ELECTRIC HYDRAULIC DISC BRAKES CO., LTD.",宁波小电骑行装备有限公司,E6,0444,[E6]0444
"KUNSHAN REENTION ELECTRICAL AND MECHANICAL CO., LTD.",昆山睿恩新机电有限公司,E6,0505,[E6]0505
"TIANJIN D-POWERCORE CO., LTD.",天津动芯科技有限公司,E6,0536,[E6]0536
"NINGBO RUNDO TECHNOLOGY CO., LTD.",宁波远多智能科技有限公司,E6,0601,[E6]0601
"QUZHOU BENNENG VEHICLE CO., LTD.",衢州奔能车业有限公司,E6,0705,[E6]0705
"SHANGHAI PYTES ENERGY CO., LTD.",上海派智能源股份有限公司,E6,0711,[E6]0711
"ZHEJIANG TIANHONG LITHIUM-ION BATTERY CO., LTD.",浙江天宏锂电股份有限公司,E6,0716,[E6]0716
"NINGBO XINTU INTELLIGENT &amp; TECHNOLOGY CO., LTD.",宁波新途智能科技有限公司,E6,0721,[E6]0721
"KUNSHAN SHANSHAN ELECTRONIC SCIENCE &amp; TECHNOLOGY CO., LTD.",昆山市山山电子科技有限公司,E6,0726,[E6]0726
"TIANJIN YOUPENG YONGYUE GONGMAO CO., LTD.",天津友鹏永悦工贸有限公司,E6,0732,[E6]0732
"CHANGZHOU BISEK CYCLE CO., LTD.",常州柏斯克车业有限公司,E6,0736,[E6]0736
"SHENZHEN MODIARY CO., LTD.",深圳市麦迪瑞科技有限公司,E6,0739,[E6]0739
"SHENZHEN RYDER ELECTRONICS CO., LTD.",深圳市瑞鼎电子有限公司,E6,0742,[E6]0742
"JIAXING JIAQI ELECTRONIC AND TECHNOLOGY CO., LTD.",嘉兴市佳祺电子科技有限公司,E6,0744,[E6]0744
"CHANGZHOU NCYCLEBIKE CO., LTD.",常州市恩赛克电动车科技有限公司,E6,0844,[E6]0844
"WUYI BOE SPORTS EQUIPMENT CO., LTD.",武义柏亦运动器材有限公司,E6,0901,[E6]0901
"JINHUA JOBO TECHNOLOGY CO., LTD.",金华市乔博电动科技有限公司,E6,0905,[E6]0905
"GUANGZHOU SYMBOL BICYCLE CO., LTD.",广州市鑫堡自行车有限公司,E6,0911,[E6]0911
"TAIZHOU LI JIA AUTOMOBILE INDUSTRY CO., LTD.",台州市立佳车业有限公司,E6,0916,[E6]0916
"JINHUA FEIRUI VEHICLE CO., LTD.",金华市飞瑞车业有限公司,E6,0921,[E6]0921
"ZHEJIANG BOCHUANG POWER CO., LTD.",浙江博创动力股份有限公司,E6,0926,[E6]0926
"JINHUA VISION INDUSTRY CO., LTD.",金华卓远实业有限公司,E6,0936,[E6]0936
"HANGZHOU MACFREY TECHNOLOGY CO., LTD.",杭州麦柯福瑞科技有限公司,E6,0939,[E6]0939
途屿电机（常州）有限公司,途屿电机（常州）有限公司,E6,0942,[E6]0942
"SHENZHEN DYU INTELLIGENT TRANSPORTATION TECHNOLOGY CO., LTD.",深圳市大鱼智行科技有限公司,E6,0944,[E6]0944
"SUZHOU LINKWE NEW ENERGY TECHNOLOGY CO., LTD.",苏州联为新能源科技有限公司,E6,1111,[E6]1111
"CHANGZHOU AIMOS TECHNOLOGY CO., LTD.",常州艾莫斯智能科技有限公司,E6,1113,[E6]1113
"NINGBO TEVERUN TECHNOLOGY CO., LTD.",宁波特佰轮科技有限公司,E6,1226,[E6]1226
"SUZHOU LONGYUE LITHIUM-POWER VEHICLE CO., LTD.",苏州龙跃锂动车辆有限公司,E6,1232,[E6]1232
"NINGBO VEKEN NEW ENERGY TECHNOLOGY CO., LTD.",宁波维科新能源科技有限公司,E6,1236,[E6]1236
"SUZHOU GRAND ELECTRONIC TECHNOLOGY CO., LTD.",苏州伟亿特电子科技有限公司,E6,1239,[E6]1239
"NINGBO SAFE BRAKES SYSTEMS CO., LTD.",宁波赛福汽车制动有限公司,E6,1242,[E6]1242
"WUXI KUNENG NEW ENERGY TECHNOLOGY CO., LTD.",无锡坤能新能源科技有限公司,E6,1244,[E6]1244
安徽宏舰电子科技有限公司,安徽宏舰电子科技有限公司,E6,1245,[E6]1245
"AIGENI TECHNOLOGY CO., LTD.",无锡艾格尼科技有限公司,E6,1301,[E6]1301
"HEBEI CONGHUI ELECTRIC VEHICLE CO., LTD.",河北聪慧电动车有限公司,E6,1344,[E6]1344
"YANGZHONG XINFU VEHICLE PARTS CO., LTD.",扬中市新富车辆配件有限公司,E6,1345,[E6]1345
"TIANJIN CLC TECHNOLOGY CO., LTD.",天津中投科技有限公司,E6,1405,[E6]1405
NINGBO MAIBAOTE JINCHUKOU YOUXIANGOGSI,宁波迈宝特进出口有限公司,E6,1411,[E6]1411
SEVENONE,昆山顺轮车业有限公司,E6,1416,[E6]1416
常州涛晨电子科技有限公司,常州涛晨电子科技有限公司,E6,1418,[E6]1418
"ZHEJIANG OVERFLY ELECTRIC VEHICLE CO., LTD.",浙江欧飞电动车有限公司,E6,1423,[E6]1423
"ZHEJIANG DECE INDUSTRY &amp; TRADE CO., LTD.",浙江德策工贸有限公司,E6,1526,[E6]1526
"JINHUA YIFEI ELECTRIC TECHNOLOGY CO., LTD.",金华市翼飞电动科技有限公司,E6,1532,[E6]1532
"YONGKANG WANYU INDUSTRY AND TRADE CO., LTD.",永康市万宇工贸有限公司,E6,1534,[E6]1534
"SHENZHEN ZHAOWEI MACHINERY &amp; ELEETRONIC CO., LTD.",深圳市兆威机电股份有限公司,E6,1536,[E6]1536
平乡县立超自行车厂,平乡县立超自行车厂,E6,1542,[E6]1542
"CHANGZHOU HEICHAO DRIVE TECHNOLOGY CO., LTD.",常州黑超驱动技术有限公司,E6,1544,[E6]1544
"XINGTAI XIAN'AO BICYCLE PARTS CO., LTD.",邢台先奥自行车配件有限公司,E6,1642,[E6]1642
"ZHEJIANG NANGE TECHNOLOGY CO., LTD.",浙江南戈科技有限公司,E6,1705,[E6]1705
"JINHUA SUNTIDE VEHICLE CO., LTD.",金华杉泰车业有限公司,E6,1709,[E6]1709
GUANGZHOU ELECTRONY CORPORATION,广州谐同电子科技有限公司,E6,1713,[E6]1713
HYLETON,深圳市海龙通科技有限公司,E6,1717,[E6]1717
"RDF (CHANGZHOU) ELECTRICAL TECHNOLOGY CO., LTD.",常州锐迪夫电子科技有限公司,E6,1719,[E6]1719
"LIYANG SINO CABLE ELECTRONICS CO., LTD.",溧阳斯诺凯博电子有限公司,E6,1721,[E6]1721
JINHUA FINKI TECHNOLOGY,金华锋骐科技有限公司,E6,1723,[E6]1723
"FOSHAN GUANGYUANXING ELECTRONICS CO., LTD.",佛山市广源兴电子有限公司,E6,1725,[E6]1725
"TÜV SÜD CERTIFICATION AND TESTING (CHINA) CO., LTD. SHANGHAI BRANCH",南德认证检测（中国）有限公司上海分公司,E6,1727,[E6]1727
华芯科技（恩施）有限公司,华芯科技（恩施）有限公司,E6,1729,[E6]1729
"JINHUA HEYING INTELLIGENT TECHNOLOGY CO., LTD.",金华和英智能科技有限公司,E6,1730,[E6]1730
深圳市金画王技术有限公司,深圳市金画王技术有限公司,E6,1731,[E6]1731
深圳市联科利隆电子科技有限公司,深圳市联科利隆电子科技有限公司,E6,1732,[E6]1732
"WELOCK (TIANJIN) INTELLIGENT TECHNOLOGY CO., LTD.",威洛克（天津）智能科技有限公司,E6,1801,[E6]1801
"ZHEJIANG XINGNENGWEI TECHNOLOGY CO., LTD.",浙江兴能威科技股份有限公司,E6,1805,[E6]1805
"NINGBO MEIWANG MOLD MACHINERY CO., LTD.",宁波美旺模具机械有限公司,E6,1807,[E6]1807
浙江方众机械科技有限公司,浙江方众机械科技有限公司,E6,1811,[E6]1811
"CHANGZHOU NAICISPORTS TECHNOLOGY CO., LTD.",常州耐驰车业有限公司,E7,0001,[E7]0001
"EIFI MOTOR CO., LTD.",翼飞智能运动科技（金华）有限公司,E7,0005,[E7]0005
"1856 TECHNOLOGY (SHENZHEN) CO., LTD.",壹捌伍陆科技（深圳）有限公司,E7,0007,[E7]0007
"HEBEI LESHUAI CYCLE CO., LTD.",河北乐帅车业有限公司,E7,0009,[E7]0009
"YONGKANG LINGQI TECHNOLOGY CO., LTD.",永康市凌骑科技有限公司,E7,0011,[E7]0011
浙江玖莱工贸有限公司,浙江玖莱工贸有限公司,E7,0013,[E7]0013
"UXI ELECTRIPET TECHNOLOGY CO., LTD.",无锡电宠科技有限公司,E7,0015,[E7]0015
无锡互天电子科技有限公司,无锡互天电子科技有限公司,E7,0017,[E7]0017
TIANJIN BEWO SCIENCE AND TECHNOLOGY COMPANY,天津比沃科技有限公司,E7,0020,[E7]0020
"ZHETAI VEHICLE (JIANGSU) CO., LTD.",哲泰车业（江苏）有限公司,E7,0021,[E7]0021
UL SOLUTIONS,苏州UL美华认证有限公司,E7,0023,[E7]0023
"TROTTER ECOTECH CO., LTD.",千代众享（常州）科贸有限公司,E7,0025,[E7]0025
浙江武义优胜健身器材有限公司,浙江武义优胜健身器材有限公司,E7,0029,[E7]0029
CORSA SPORTS LIMITED,东莞酷飒运动器材有限公司,E7,0031,[E7]0031
"DAAO ELECTRIC (JIANGSU) CO., LTD.",大澳电器（江苏）有限公司,E7,0105,[E7]0105
"TIANJIN HXY TECHNOLOGY DEVELOPMENT CO., LTD.",天津汇鑫垚科技发展有限公司,E7,0111,[E7]0111
天津海达智能科技有限公司,天津海达智能科技有限公司,E7,0113,[E7]0113
"HANGZHOU SEEMING-GOOD VEHICLES CO., LTD.",杭州斯敏格车业有限公司,E7,0116,[E7]0116
"NINGBO FASOK SPORTPRO CO., LTD.",宁波法索沃运动用品有限公司,E7,0119,[E7]0119
"ZHEJIANG YULUN TECHNOLOGY CO., LTD.",浙江御轮科技有限公司,E7,0121,[E7]0121
"SHENZHEN KIXIN ELECTRONICS CO., LTD.",深圳市开心电子有限公司,E7,0123,[E7]0123
"ZHIHANGDA TECHNOLOGY CO., LTD.",深圳市智航达科技有限公司,E7,0126,[E7]0126
"SHANGHAI YIJIN SPORTING EQUIPMENT CO., LTD.",上海弋锦运动器材有限公司,E7,0132,[E7]0132
"CHONGQING ZHENYOUJIN TECHNOLOGY CO., LTD.",重庆真有劲科技有限公司,E7,0136,[E7]0136
"LINHAI FENGLE POWER TECHNOLOGY CO., LTD.",临海丰乐动力科技有限公司,E7,0138,[E7]0138
"ZHUZHOU GEAR CO., LTD.",株洲齿轮有限责任公司,E7,0139,[E7]0139
"CHANGZHOU LVDONG ELECTRIC MACHINERY TECHNOLOGY CO., LTD.",常州绿动电机科技有限公司,E7,0142,[E7]0142
"CHANGZHOU HOTTECH CO., LTD.",常州霍亚智能科技有限公司,E7,0145,[E7]0145
"VELOTS (CHANGZHOU) TECHNOLOGY CO., LTD.",唯洛（常州）智能科技有限公司,E7,0201,[E7]0201
"CHENMAN CULTRUE &amp; MEDIA CO., LTD.",晨漫文化传媒（苏州）有限公司,E7,0238,[E7]0238
"WUXI SAIGE ELECTRIC VEHICLE TECHNOLOGY CO., LTD.",无锡赛鸽电动车科技有限公司,E7,0411,[E7]0411
"SUZHOU BAI AN XING MECHATRONICS TECH CO., LTD.",苏州百安行机电科技有限公司,E7,0416,[E7]0416
"WUXI YUMA POWER TECHNOLOGY CO., LTD.",无锡豫玛动力科技有限公司,E7,0418,[E7]0418
"ZHEJIANG MIHUNTER TECHNOLOGY CO., LTD.",浙江米航科技有限公司,E7,0421,[E7]0421
"JINHUA JOYOR VEHICLE CO., LTD.",金华九悦车业股份有限公司,E7,0423,[E7]0423
"SHENZHEN AIQI BICYCLE INDUSTRY CO., LTD.",深圳市爱骑车业有限公司,E7,0426,[E7]0426
"JINHUA OTMAR TECHNOLOGY CO., LTD.",金华澳特玛科技有限公司,E7,0436,[E7]0436
"ANHUI WEITE MOTOR TECHNOLOGY CO., LTD.",安徽微特电机科技有限公司,E7,0439,[E7]0439
"XINGTAI HUASAI ELECTRIC BICYCLE CO., LTD.",邢台桦赛电动自行车有限公司,E7,0442,[E7]0442
"JIANGXI OYF VEHICLE INDUSTRY CO., LTD.",江西欧亚非车业有限公司,E7,0445,[E7]0445
"ZHEJIANG JSL VEHICLE CO., LTD.",浙江九色鹿车业股份有限公司,E7,0532,[E7]0532
"HANGZHOU LIN’AN BEYONDER POWER CO., LTD.",杭州临安博达电源有限公司,E7,0542,[E7]0542
"HUIZHOU CODIFICE BIKES CO., LTD.",惠州市科迪斐车业有限公司,E7,0601,"[E7]0601,0905"
"ZHEJIANG LVJU VEHICLE INDUSTRY CO., LTD.",浙江绿驹车业有限公司,E7,0705,[E7]0705
"ZHEJIANG LUYUAN ELECTRIC VEHICLE CO., LTD.",浙江绿源信息科技有限公司,E7,0711,"[E7]0711,0911"
"SUZHOU ANSBERN SPORTS CO., LTD.",苏州安斯博运动器材有限公司,E7,0716,[E7]0716
"QUZHOU NAIJIATE VEHICLE CO., LTD.",衢州耐佳特车业有限公司,E7,0721,[E7]0721
"CHANGZHOU LINGHUI INTELLIGENT TECHNOLOGY CO., LTD.",常州领辉智能科技有限公司,E7,0726,[E7]0726
"ZHEJIANG XIAODU VEHICLE CO., LTD.",浙江小度车业有限公司,E7,0729,[E7]0729
"ZHONGXIN POWER (TIANJIN) BICYCLE CO., LTD.",中新动力（天津）自行车有限公司,E7,0736,[E7]0736
"CIXI LENJOY SPORTS CO., LTD.",慈溪乐享运动用品有限公司,E7,0742,[E7]0742
"NINGBO ZIXIN BICYCLE INDUSTRY CO., LTD.",宁波自信车业有限公司,E7,0744,[E7]0744
"M &amp; S E-DRIVING SYSTEM CO., LTD.",宁波麦思动力系统有限公司,E7,0901,[E7]0901
东莞市和裕智造科技有限公司,东莞市和裕智造科技有限公司,E7,0916,[E7]0916
"ZHEJIANG YUANDA VEHICLE CO., LTD.",浙江源达车业科技有限公司&nbsp;,E7,0921,[E7]0921
"DONGGUAN LVDAOXING TECHNOLOGY CO., LTD.",东莞市绿道行科技有限公司,E7,0924,[E7]0924
"CHONGQING YIZAO TECHNOLOGY CO., LTD.",重庆易造科技有限公司,E7,0926,[E7]0926
"CHONGQING MOBIMAX TECHNOLOGY CO., LTD.",重庆水蓝科技发展有限公司,E7,0932,[E7]0932
"ZHEJIANG HAYING INTELLIGENT TECHNOLOGY CO., LTD.",浙江哈鹰智能科技有限公司,E7,0936,[E7]0936
"ZISPEED TRANSMISSION TECHNOLOGY (SUZHOU) CO., LTD.",智速传动科技（苏州）有限公司,E7,0942,[E7]0942
"DACHENG COUNTY KAI FENG ELECTRIC VEHICLE PARTS CO., LTD.",大城县凯丰电动车配件有限公司,E7,0945,[E7]0945
"SHANGHAI OLBETTER HOME LIVING CO., LTD.",上海奥贝特家居有限公司,E7,1045,[E7]1045
"CHANGZHOU GUANMA ELECTROMECHANICAL CO., LTD.",常州灌玛机电有限公司,E7,1124,[E7]1124
"TIANJIN DOUBLE TREE INTERNATIONAL TRADE CO., LTD.",天津逸林湾进出口有限公司,E7,1226,[E7]1226
"SHENZHEN KLYDE ELECTRONICS CO., LTD.",深圳市科莱德电子有限公司,E7,1232,[E7]1232
"HUIYITE (KUNSHAN) PRECISION ELECTRONICS CO., LTD.",汇亿特（昆山）精密电子有限公司,E7,1234,[E7]1234
"NINGBO SUPERMAX VEHICLE CO., LTD.",宁波舒博曼斯车业有限公司,E7,1236,[E7]1236
WUXI UNITED MOBILITY TECHNOLOGY INC,无锡市联合力动车业有限公司,E7,1239,[E7]1239
"CYCLISTS' NETWORKING SPORTS TECHNOLOGY CO., LTD.",骑友网（杭州）体育科技有限公司,E7,1242,[E7]1242
浙江省自行车电动车行业协会,浙江省自行车电动车行业协会,E7,1244,[E7]1244
广州市领骑信息科技有限公司,广州市领骑信息科技有限公司,E7,1245,[E7]1245
"ZHEJIANG LANGXIANG INDUSTRIAL CO., LTD.",浙江朗翔实业有限公司,E7,1301,[E7]1301
"ZHEJIANG BAOGUILAI VEHICLE INDUSTRY CO., LTD.",浙江宝归来车业有限公司,E7,1305,[E7]1305
"SHENZHEN MINUO BICYCLE CO., LTD.",深圳市明诺自行车有限公司,E7,1311,[E7]1311
"HEBEI LIMMA ELECTRIC VEHICLE CO., LTD.",河北黎玛电动车有限公司,E7,1314,"[E7]1314,[E5]1729"
"HEBEI LIMMA ELECTRIC VEHICLE CO., LTD.",河北黎玛电动车有限公司,E5,1729,"[E7]1314,[E5]1729"
永康市一特电子有限公司,永康市一特电子有限公司,E7,1316,[E7]1316
"KUNSHAN CYCLISPORT CO., LTD.",昆山赛克力运动产品有限公司,E7,1318,[E7]1318
横店集团东磁股份有限公司,横店集团东磁股份有限公司,E7,1321,[E7]1321
"ZHEJIANG DIMAISHI INTELLIGENT TECHNOLOGY CO., LTD.",浙江迪迈仕智能科技有限公司,E7,1324,[E7]1324
"GUANGZHOU WHEELIVE INFORMATION TECHNOLOGY CO., LTD.",广州唯轮信息科技有限公司,E7,1342,[E7]1342
"PRO MEDIA CO., LTD.",贸易风国际有限公司,E7,1344,[E7]1344
江苏省自行车电动车协会,江苏省自行车电动车协会,E7,1345,[E7]1345
"SHANDONG GUANGYUN ELECTRIC VEHICLE TECHNOLOGY CO., LTD.",山东广运电动车科技有限公司,E7,1511,[E7]1511
"SGS-CSTC STANDARDS TECHNICAL SERVICES CO., LTD.",通标标准技术服务有限公司,E7,1514,[E7]1514
"GUANGZHOU QINGLONGLIN CLOTHING EQUIPMENT CO., LTD.",广州青龙林服饰有限公司,E7,1515,[E7]1515
"SHENZHEN LEIDESEN BIKE CO., LTD.",深圳雷德森自行车有限公司,E7,1516,[E7]1516
"SHENZHEN BLUE LIGHT CARBON TECHNOLOGY CO., LTD. / DENGFU SPORTS EQUIPMENT CO., LTD.",深圳市蓝光碳纤科技有限公司/深圳市登富体育用品有限公司,E7,1518,[E7]1518
"ANHUI SUER ELECTRONICS CO., LTD.",安徽速尔电子有限公司,E7,1521,[E7]1521
ROLLING SUNDAY,浙江洛林森德智车业有限公司,E7,1524,[E7]1524
"ALTON CO., LTD.",艾暾（天津）自行车有限公司,E7,1526,[E7]1526
惠州市名途电子有限公司,惠州市名途电子有限公司,E7,1529,[E7]1529
临沂浩都塑业有限公司,临沂浩都塑业有限公司,E7,1532,[E7]1532
"LINYI YOUYUAN VEHICLE INDUSTRY CO., LTD.",临沂优源车业有限公司,E7,1534,[E7]1534
宁波凯启镁科技有限公司,宁波凯启镁科技有限公司,E7,1536,[E7]1536
"KUNSHAN WEISHENGDE TESTING EQUIPMENT CO., LTD.",昆山威胜德检测设备有限公司,E7,1539,[E7]1539
WHEEL GIANT INC.,轮彦国际有限公司,E7,1542,[E7]1542
"INFOTRADE MEDIA CO., LTD.",贸易眼国际股份有限公司,E7,1543,[E7]1543
"DISCOVERY RESOURCES (SHENZHEN) ENTERPRISE SERVICES CO., LTD.",发现资源（深圳）企业服务有限公司,E7,1544,[E7]1544
"HUIZHOU JUFEI SPORTS TECHNOLOGY CO., LTD.",惠州巨飞运动科技有限公司,E7,1545,[E7]1545
"JINYUN YINGPAI SCIENCE AND TECHNOLOGY CO., LTD.",缙云盈派科技有限公司,E7,1546,[E7]1546
邯郸市永年区千盛金属制品有限公司,邯郸市永年区千盛金属制品有限公司,E7,1632,[E7]1632
"SHANGHAI ZHENGYUAN ELECTRONIC TECHNOLOGY CO., LTD.",上海正渊电子科技有限公司,E7,1633,[E7]1633
深圳市沃达孚科技有限公司,深圳市沃达孚科技有限公司,E7,1634,[E7]1634
ENDLESS RIDING,南京骑酷体育文化推广有限公司,E7,1642,[E7]1642
WILDTO (XIAMEN) TECHNOLOGY INC.,厦门市野途网络科技有限公司,E7,1643,[E7]1643
"HANGZHOU HUANXUN EXHIBITION CO., LTD.",环讯传媒（杭州寰讯展览有限公司）,E7,1644,[E7]1644
东莞市鸿德手袋制品有限公司,东莞市鸿德手袋制品有限公司,E7,1645,[E7]1645
脉康医疗器械（河北）有限公司,脉康医疗器械（河北）有限公司,E7,1646,[E7]1646
"YONGKANG TANGSHENG INDUSTRY CO., LTD.",永康市堂胜工贸有限公司,E7,1701,[E7]1701
"KUNSHAN BEST ELECTRONIC CO., LTD.",昆山百思特电子有限公司,E7,1703,[E7]1703
"XINGTAI TITANIUM BELL TECHNOLOGY CO., LTD.",邢台钛铃科技有限公司,E7,1704,[E7]1704
"TIANJIN RUIGAO TECHNOLOGY CO., LTD.",天津瑞高科技有限公司,E7,1707,[E7]1707
"JIANGSU JUNHUA HPP CO., LTD.",江苏君华特种高分子材料股份有限公司,E7,1709,[E7]1709
"DONGGUAN XINGNUO ELECTRONIC TECHNOLOGY CO., LTD.",东莞市星诺电子科技有限公司,E7,1710,[E7]1710
"YONGKANG DIYITONG LEISURE PRODUCTS CO., LTD.",永康市迪亿通休闲用品有限公司,E7,1711,[E7]1711
"FOSHAN DAHANG PRECISION TECHNOLOGY CO., LTD.",佛山市大航精密科技有限公司,E7,1713,[E7]1713
一速镁业（兰溪市）有限责任公司,一速镁业（兰溪市）有限责任公司,E7,1715,[E7]1715
WENLING YINGMA MACHINERY PARTS FACTORY,温岭市鹰马机械配件厂,E7,1719,[E7]1719
"FUXIN ELECTRIC VEHICLE, LINYI HIGH-TECH ZONE, SHANDONG",临沂高新区傅鑫电动车厂,E7,1720,[E7]1720
"XINGTAI TUBAI ELECTRIC BIYCLE CO., LTD.",邢台图柏电动自行车有限公司,E7,1721,"[E7]1721,1722"
"K-LITE (SHANGHAI) INDUSTRIAL CO., LTD.",上海科光实业有限公司,E7,1725,[E7]1725
TAICANG ACT SPORTING GOODS TESTING COMPANY,太仓型动运动用品检测有限公司,E7,1726,[E7]1726
宿迁致晖电子有限公司,宿迁致晖电子有限公司,E7,1727,[E7]1727
"SUZHOU MEIDE SPORTS TECHNOLOGY CO., LTD.",苏州镁德运动科技有限公司,E7,1728,[E7]1728
TIANJIN BUNNYHOP SPORTS AND MEDIA,天津兔跳体育文化传播有限公司,E7,1729,[E7]1729
UPTON TECHNOLOGY,上腾科技（广州）有限公司,E7,1730,[E7]1730
PT TERANG DUNIA INTERNUSA TBK,PT TERANG DUNIA INTERNUSA TBK,E7,1731,[E7]1731
"SHENZHEN YEESTEP TECHNOLOGY CO., LTD.",深圳市亦小步科技有限公司,E7,1801,[E7]1801
MKT,莱茵技术（苏州）有限公司,E7,1803,[E7]1803
"DONGGUAN MOTOVELO TECHNOLOGY CO., LTD.",东莞市摩乐出行科技有限公司,E7,1805,[E7]1805
"NINGBO XINQI SCIENCE AND TECHNOLOGY CO., LTD.",宁波新骑科技有限公司,E7,1807,[E7]1807
"ZHEJIANG AOHUANG INDUSTRY &amp; TRADE CO., LTD.",浙江奥煌工贸有限公司,E7,1811,[E7]1811
宁波哲可机械有限公司,宁波哲可机械有限公司,E7,1814,[E7]1814
"HANGZHOU SPIRIT RUN TECHNOLOGY CO., LTD.",杭州灵跑科技有限公司,E7,1815,[E7]1815
"METAV (CHONGQING) DIGITAL TECHNOLOGY CO., LTD.",米塔维（重庆）数字科技有限公司,E7,1817,[E7]1817
E-MA INTERNATIONAL CORP.,一马国际有限公司,N1,0001,[N1]0001
"DONGGUAN SHUANGCHENGQIBING SPORTS GOODS CO., LTD.",东莞市双城骑兵体育用品有限公司,N1,0003,[N1]0003
"DONGGUAN EANBURG SPORTING GOODS CO., LTD.",东莞伊恩伯格体育用品有限公司,N1,0006,[N1]0006
GAERNE SPA,Gaerne spa,N1,0007,[N1]0007
HORIM GLOBAL CORPORATION,HORIM GLOBAL CORPORATION,N1,0008,[N1]0008
SHANGHAI QY TRADING COMPANY,上海骑砚商贸有限公司,N1,0009,[N1]0009
"TUNAP (SHANGHAI) INT'L TRADE CO., LTD.",统耐保（上海）国际贸易有限公司,N1,0011,[N1]0011
"CHANGZHOU BOSHUO NEW ENERGY CO., LTD.",常州博硕新能源有限责任公司,N1,0013,[N1]0013
GUANGZONG COUNTY JIUYUAN PLASTIC PRODUCTS FACTORY,广宗玖源塑料制品厂,N1,0014,[N1]0014
义乌市赛刻户外用品有限公司,义乌市赛刻户外用品有限公司,N1,0015,[N1]0015
"JCADI TECHNOLOGY CO., LTD.",无锡捷凯瑞动力科技有限公司,N1,0016,[N1]0016
"FENGXIAN JINFEI VEHICLE PARTS CO., LTD.",丰县金飞车辆配件有限公司,N1,0017,[N1]0017
"GUANGZHOU SUNYUNSI SPORTS CO., LTD.",广州隼韵思体育用品有限公司,N1,0018,[N1]0018
"BAOJI HONGLONG NONFERROUS METAL MATERIALS CO., LTD.",宝鸡宏隆有色金属材料有限公司,N1,0019,[N1]0019
HEBEI DONGHAI PUMP FACTORY,唐山市丰润区东海气筒厂,N1,0021,[N1]0021
"XINGTAI SAFETY &amp; RIDE BICYCLE CO., LTD.",邢台安之行自行车有限公司,N1,0022,[N1]0022
"JIANGYIN KANGYIN AUTO INDUSTRY PARTS CO., LTD.",江阴市康寅车业部件有限公司,N1,0023,[N1]0023
"FOSHAN KEXIANG PRECISION COMPONENTS CO., LTD.",佛山市科翔精密零部件有限公司,N1,0024,[N1]0024
"GUANGZHOU SHEENBOW PIGMENT TECHONOLOGY CO., LTD.",广州鑫铂颜料科技有限公司,N1,0025,[N1]0025
"SHANGHAI UPIOT TECHNOLOGY CO., LTD.",上海量讯物联技术有限公司,N1,0026,[N1]0026
NINGHAI XIDIAN FANGYU ELECTRIC APPLIANCE FACTORY,宁海县西店方宇电器厂,N1,0027,[N1]0027
EVER SUN,宁波永隼电子科技有限公司,N1,0028,[N1]0028
"CIXI JIAMIN CYCLE CO., LTD.",慈溪市佳旻车业有限公司,N1,0029,[N1]0029
"XIAMEN JIADESHENG EYEWEAR CO., LTD.",厦门佳得胜眼镜有限公司,N1,0030,[N1]0030
"SHENZHEN BIOSLED TECHNOLOGY CO., LTD.",深圳市研色科技有限公司,N1,0031,[N1]0031
"SHANDONG JINGPIN ELECTRIC VEHICLE TECHNOLOGY CO., LTD.",山东京品电动车科技有限公司,N1,0032,[N1]0032
"SHANGHAI LIANYI BEARING TECHNOLOGY CO., LTD.",上海涟屹轴承科技有限公司,N1,0034,[N1]0034
超人慧行（深圳）科技有限公司,超人慧行（深圳）科技有限公司,N1,0035,[N1]0035
"XINGTAI JINTA BICYCLE CO., LTD.",邢台锦踏自行车有限公司,N1,0036,[N1]0036
WINLUCK CYCLE CORP.,得运国际股份有限公司,N1,0105,[N1]0105
VEE RUBBER CORPORATION LID.,VEE RUBBER CORPORATION LID.,N1,0107,[N1]0107
"CYZODA-HANGZHOU ZHONGYIDA TECHNOLOGY CO., LTD.",杭州中易达科技有限公司,N1,0110,[N1]0110
"SHENZHEN BAOLUJIE BICYCLE CO., LTD. DONGGUAN BRANCH",深圳市保路捷自行车有限公司东莞分公司,N1,0115,[N1]0115
"DONGGUAN XUANJING ELECTRONICS CO., LTD.",东莞市轩璟电子有限公司,N1,0117,[N1]0117
"XINGTAI JIEJIAN BICYCLE MANUFACTURING CO., LTD.",邢台捷健自行车制造有限公司,N1,0120,[N1]0120
"XINGTAI QILI BICYCLE ACCESSORIES CO., LTD.",邢台市齐利自行车配件有限公司,N1,0123,[N1]0123
LINER LNJECTION MOLDING FACTORY,平乡县麟儿注塑厂,N1,0126,[N1]0126
康帕斯（河北）橡胶有限公司,康帕斯（河北）橡胶有限公司,N1,0128,[N1]0128
GUANGZONG COUNTY JIEAO BICYCLE ACCESSORIES FACTORY,广宗县捷奥鞍座有限公司,N1,0129,[N1]0129
"BORAD SPORTS TECHNOLOGY (SHENZHEN) CO., LTD.",博拉德运动科技（深圳）有限公司,N1,0130,[N1]0130
"DONGGUAN SHUQI SPORTS PRODUCTS CO., LTD.",东莞市舒骑运动用品有限公司,N1,0132,[N1]0132
"CHANGZHOU CHINGYI ENERGY TECHNOLOGY CO., LTD.",常州橙易新能源科技有限公司,N1,0133,[N1]0133
"SHENGLONG MECHINERY CO., LTD.",盐城市晟隆机械有限公司,N1,0134,[N1]0134
"SHENZHEN OPUTE INDUSTRY MATERIALS CO., LTD.",深圳市欧普特工业材料有限公司,N1,0136,[N1]0136
"XIAMEN XINHAOYUE TECHNOLOGY CO., LTD.",厦门鑫皓月科技有限公司,N1,0138,[N1]0138
"XINGTAI KANGNUODA TECHNOLOGY CO., LTD.",邢台康诺达科技有限公司,N1,0140,[N1]0140
HEBEI GUANGZONG ZHIXIANG BICYCLE PARTS FACTORY,河北广宗县智翔自行车配件厂,N1,0141,[N1]0141
"NINGBO TIEKECHONG TUBE INDUSTRY CO., LTD.",宁波市铁壳虫管业有限公司,N1,0142,[N1]0142
"XIAMEN LUTAN SPORTS EQUIPMENT CO., LTD.",厦门鹭碳运动器材有限公司,N1,0143,[N1]0143
"LANGFANG ZHONGXIN ELECTRONIC TECHNOLOGY CO., LTD.",廊坊中芯电子科技有限公司,N1,0144,[N1]0144
"YONGKANG TUOXIN INTELLIGENT TECHNOLOGY CO., LTD.",永康市拓新智能科技有限公司,N1,0146,[N1]0146
"BEIJING HONOR THE UNKNOWN TECHNOLOGY CO., LTD.",北京致敬未知科技有限公司,N1,0147,[N1]0147
"SICHUAN REACH JIAYUAN MATHINERY CO., LTD.",四川瑞迪佳源机械有限公司,N1,0148,[N1]0148
VOOK,广州特稳科技有限公司,N1,0201,[N1]0201
无锡市奥特莱电机制造有限公司,无锡市奥特莱电机制造有限公司,N1,0228,[N1]0228
"XINGTAI KAIZHIYUE CHILDREN'S TOYS CO., LTD.",邢台市凯之岳儿童玩具有限公司,N1,0230,[N1]0230
"JIANGXI LIGHT SHARK TECHNOLOGY CO., LTD.",江西轻鲨科技有限公司,N1,0232,[N1]0232
"RUI'AN DONGXIANG HARDWARE ACCESSORIES CO., LTD.",瑞安市东翔五金配件有限公司,N1,0233,[N1]0233
"NINGBO YURUIJIA ELECTRONIC TECHNOLOGY CO., LTD.",宁波昱瑞佳电子科技有限公司,N1,0234,[N1]0234
"NINGBO KANGXUAN PLASTIC PRODUCTS CO., LTD.",宁波康炫塑料制品有限公司,N1,0236,[N1]0236
"JIAXING LANTUO VEHICLE INDUSTRY CO., LTD.",嘉兴市澜拓车业有限公司,N1,0238,"[N1]0238,0243"
"TIANCHANG NOCHENG NEW ENERGY CO., LTD.",天长市诺诚新能源有限公司,N1,0240,[N1]0240
"YUEQING HONGXUN TECHNOLOGY CO., LTD.",乐清市宏讯科技有限公司,N1,0241,[N1]0241
河北仕美高压气筒制造有限公司,河北仕美高压气筒制造有限公司,N1,0242,"[N1]0242,1803"
武义爱驰工贸有限公司,武义爱驰工贸有限公司,N1,0244,[N1]0244
"NINGBO MANER OUTDOOR PRODUCTS CO., LTD.",宁波曼尔户外用品有限公司,N1,0246,[N1]0246
"WUXI JIULAN ELECTRIC TECHNOLOGY CO., LTD.",久蓝电动科技（无锡）有限公司,N1,0247,[N1]0247
天津踏浪科技股份有限公司,天津踏浪科技股份有限公司,N1,0405,[N1]0405
"HEBEI BICYSTAR GROUP CO., LTD.",河北倍斯达集团有限公司,N1,0410,"[N1]0410,[E1]1144"
"HEBEI BICYSTAR GROUP CO., LTD.",河北倍斯达集团有限公司,E1,1144,"[N1]0410,[E1]1144"
"HEBEI XINUONUO VEHICLE INDUSTRY CO., LTD.",河北禧诺诺车业有限公司,N1,0420,[N1]0420
"HANGZHOU LONGLI INTELLIGENT TECHNOLOGY CO., LTD.",杭州龙砺智能科技有限公司,N1,0426,[N1]0426
PINGXIANG WENTIAN BASKET FACTORY,平乡县文天车筐厂,N1,0430,[N1]0430
"HEBEI JUYOU TECHNOLOGY CO., LTD.",河北巨优科技有限公司,N1,0433,[N1]0433
河北韩驰电动自行车有限公司,河北韩驰电动自行车有限公司,N1,0434,[N1]0434
"XINGTAI YOUCHENG VEHICLE INDUSTRY CO., LTD.",邢台优诚车业有限公司,N1,0436,[N1]0436
BATIC,深圳市建瓴科技有限公司,N1,0438,[N1]0438
"YONGKANG RUIXIAN INDUSTRY AND TRADE CO., LTD.",永康市锐贤工贸有限公司,N1,0440,[N1]0440
"TIANJIN YIHE TRICYCLE CO., LTD.",天津市意和三轮车有限公司,N1,0442,[N1]0442
"GUANGDONG YUECHENG PRECISION TECHNOLOGY CO., LTD.",广东悦成精密技术有限公司,N1,0443,[N1]0443
"DONGGUAN HXN POWER TECHNOLOGY CO., LTD.",东莞宏芯能科技有限公司,N1,0444,[N1]0444
"XIAJIN XINHUAYANG MACHINERY TECHNOLOGY CO., LTD.",夏津县鑫华洋机械科技有限公司,N1,0446,[N1]0446
"DONGGUAN YOUCAI ELECTRONICS CO., LTD.",东莞悠彩电子有限公司,N1,0447,[N1]0447
"XINGTAI HENG HAI CHILDREN'S TOY CO., LTD.",邢台恒海儿童玩具有限公司,N1,0449,[N1]0449
临沂建诚新能源车业有限公司,临沂建诚新能源车业有限公司,N1,0533,[N1]0533
"WUXI LINGMING ELECTRIC DRIVE TECHNOLOGY CO., LTD.",无锡菱铭电驱动科技有限公司,N1,0536,[N1]0536
深圳市冀德盛科技有限公司,深圳市冀德盛科技有限公司,N1,0538,[N1]0538
"FUSITE PRECISION MACHINERY TECHNOLOGY (WUXI) CO., LTD.",孚斯特精密机械科技（无锡）有限公司,N1,0540,[N1]0540
"SHENZHEN JINGAO SI INDUSTRIAL CO., LTD.",深圳市京奥斯实业有限公司,N1,0541,[N1]0541
"TIANCHANG LVPU ELECTRONICS CO., LTD.",天长市绿普尔电子有限公司,N1,0542,[N1]0542
"WUXI JIANMO ELECTRIC VEHICLE CO., LTD.",无锡建摩电动车有限公司,N1,0543,[N1]0543
"FOSHAN KOREWEI TECHNOLOGY CO., LTD.",佛山市科雷威科技有限公司,N1,0546,[N1]0546
JEZETEK,重庆九洲星熠导航设备有限公司,N1,0547,[N1]0547
郑州敖雄电子科技有限公司,郑州敖雄电子科技有限公司,N1,0548,[N1]0548
RIDE AVENTON INC.,RIDE AVENTON INC.,N1,0601,[N1]0601
INKODOP TECHNOLOGIES PRIVATE LIMITED,Inkodop Technologies Private Limited,N1,0720,[N1]0720
"TIANJIN MINGTAI BICYCLE INDUSTRY CO., LTD.",天津明泰车业有限公司,N1,0723,[N1]0723
"XINGTAI HUOLINGNIAO ELECTRIC BICYCLE CO., LTD.",邢台火灵鸟电动自行车有限责任公司,N1,0730,[N1]0730
"JIANGSU AITEFU STOCK CO., LTD.",江苏爱特福股份有限公司,N1,0733,[N1]0733
"ANHUI WUFUSHI TECHNOLOGY CO., LTD.",安徽屋伏石科技有限公司,N1,0736,[N1]0736
"XINGTAI MAIJING TECHNOLOGY CO., LTD.",邢台迈晶科技有限公司,N1,0738,[N1]0738
"LINYI LANSHENG NEW ENERGY ELECTRIC BIKE CO., LTD.",临沂揽胜新能源电动车有限公司,N1,0740,[N1]0740
"LINYI ZHONGYI TRADING CO., LTD.",临沂中义商贸有限公司,N1,0741,[N1]0741
苏州锐奥德贸易有限公司,苏州锐奥德贸易有限公司,N1,0742,[N1]0742
"DONGGUAN SHUNLIAN SPORTS GOODS CO., LTD.",东莞市顺联运动用品有限公司,N1,0746,[N1]0746
"LANGFANG KAICHAO PLASTIC PRODUCTS CO., LTD.",廊坊凯潮塑料制品有限公司,N1,0748,[N1]0748
"QINGHE COUNTY FANSHUN AUTO PARTS CO., LTD.",清河县帆顺汽车配件有限公司,N1,0749,[N1]0749
盈顺（邢台）车业有限公司,盈顺（邢台）车业有限公司,N1,0836,[N1]0836
"NINGBO MACHFALLY ELECTRIC APPLIANCE CO., LTD.",宁波麦创电器有限公司,N1,0838,[N1]0838
天津市拓宇科技有限公司,天津市拓宇科技有限公司,N1,0840,[N1]0840
东莞东祺星科技有限公司,东莞东祺星科技有限公司,N1,0846,[N1]0846
宁波炬通汽配有限公司,宁波炬通汽配有限公司,N1,0847,[N1]0847
"SHENZHEN RRJ-DISPLAY TECHNOLOGY CO., LTD.",深圳日日佳显示技术有限公司,N1,0848,[N1]0848
TINY GROUP,安徽阿蒂娜机电科技有限公司,N1,0901,[N1]0901
天津皓轮自行车有限公司,天津皓轮自行车有限公司,N1,0905,[N1]0905
CEPHAS CORP.,Cephas corp.,N1,0910,[N1]0910
"ZHEJIANG JIUZHOU NEW ENERGY TECHNOLOGY CO., LTD.",浙江九洲新能源科技有限公司,N1,0915,[N1]0915
"XIAMEN GOOSYNN TECHNOLOGY CO., LTD.",厦门毂行科技有限公司,N1,0920,[N1]0920
"BAOJI GUAN HENG TITANIUM INDUSTRY CO., LTD.",宝鸡冠恒钛业股份有限公司,N1,0923,[N1]0923
"WENZHOU NAIBAO LOCK CO., LTD.",温州耐保锁业有限公司,N1,0926,[N1]0926
"FENGYANG LS LIGHT ALLOY PRECISE FORMING CO., LTD.",凤阳爱尔思轻合金精密成型有限公司,N1,0928,[N1]0928
"YUANMAOXIN (TIANJIN) TECHNOLOGY CO., LTD.",源茂鑫（天津）科技有限公司,N1,0930,[N1]0930
"CHANGZHOU DASEN MACHINERY CO., LTD. ,JIANGSU,CHINA",常州市大森机械有限公司,N1,0933,[N1]0933
"WEIQIN OUTDOOR PRODUCTS CO., LTD.",东莞市威勤户外用品有限公司,N1,0936,[N1]0936
"JIANGSU HUYUE STANDARD PARTS CO., LTD.",江苏虎跃标准件有限公司,N1,0938,[N1]0938
"SHENZHEN PENGYIFA PRECISION MOULD CO., LTD.",深圳市鹏亿发精密模具有限公司,N1,0940,[N1]0940
"TIANJIN LINDA TECHNOLOGY CO., LTD.",天津市林达科技有限公司,N1,0942,[N1]0942
文安县聚朗科技有限公司,文安县聚朗科技有限公司,N1,0946,[N1]0946
"JINHUA YUEBU AUTOMOBILE CO., LTD.",金华悦步车业有限公司,N1,0948,[N1]0948
"FOSHAN LIFENG MOTOR MANUFACTURING CO., LTD.",佛山厉风电机制造有限公司,N1,1038,[N1]1038
"ZHONG SHAN JIYANG PHOTOELECTRIC TECHNOLOGY CO., LTD.",中山市激扬光电科技有限公司,N1,1040,[N1]1040
"SUZHOU TREE FROG SPORTS EQUIPMENT CO., LTD.",苏州绿树蛙运动器材有限责任公司,N1,1042,[N1]1042
"HANDAN BEIKE INTELLIGENT TECHNOLOGY CO., LTD.",邯郸市贝可智能科技有限公司,N1,1046,[N1]1046
"DONGGUAN YUESHUN ELECTRONIC TECHNOLOGY CO., LTD.",东莞市粤顺电子科技有限公司,N1,1049,[N1]1049
JIANGMEN SHENGTAO SPORTS EQUIPMENT COMPANY LIMITED,江门市盛韬运动器材有限公司,N1,1210,[N1]1210
"IRIDING (SHENZHEN) TECHNOLOGY CO., LTD.",骑记（深圳）科技有限公司,N1,1217,[N1]1217
"SHENZHEN VAN GOGH PRECISION TECHNOLOGY CO., LTD.",深圳市凡高精密科技有限公司,N1,1220,[N1]1220
"LIANYUNGANG YIGIPAO OUTDOOR PRODUCTS CO., LTD.",连云港一骑跑户外用品有限公司,N1,1223,[N1]1223
"XINGTAI XIDENGHUI SADDLE CO., LTD.",邢台喜登辉鞍座有限公司,N1,1226,"[N1]1226,1532"
东莞市超光速科技有限公司,东莞市超光速科技有限公司,N1,1228,[N1]1228
"HEBEI LEHECHUANG CHILDREN'S PRODUCTS CO., LTD.",河北乐合创儿童用品有限公司,N1,1230,[N1]1230
"WUXI BENJU ELECTRONIC PRODUCTS CO., LTD.",无锡德睿聚电子科技有限公司,N1,1232,[N1]1232
"JINHUA KINGPLAY SCIENCE AND TECHNOLOGY CO., LTD.",金华市金雷科技有限公司,N1,1233,[N1]1233
"PINGXIANG LVJUN BICYCLE CO., LTD.",平乡县绿骏自行车有限公司,N1,1236,[N1]1236
"HUIZHOU EVIC ELECTRONIC CO., LTD.",惠州市亿瑞科电子有限公司,N1,1238,[N1]1238
"YIWU MEILONG SPORTS GOODS CO., LTD.",义乌美龙体育用品有限公司,N1,1240,"[N1]1240,1048"
"DONGGUAN ZHONGDA SENSING TECHNOLOGY CO., LTD.",东莞众达传感科技有限公司,N1,1242,[N1]1242
河东区友成电动车厂,河东区友成电动车厂,N1,1243,[N1]1243
"JIEYANG&nbsp;TIEQI&nbsp;MOTORCYCLE&nbsp;ACCESSORIES&nbsp;TRADING&nbsp;CO., LTD.",揭阳市铁骑摩托车配件贸易有限公司,N1,1244,[N1]1244
台州烨君机车部件有限公司,台州烨君机车部件有限公司,N1,1246,[N1]1246
"XINGTAI LAISEN BICYCLE PARTS CO., LTD.",邢台市莱森自行车零件有限公司,N1,1247,[N1]1247
东莞市精聚五金制品有限公司,东莞市精聚五金制品有限公司,N1,1248,[N1]1248
"DONGGUAN YUFENG TECHNOLOGY CO., LTD.",东莞市驭峰科技有限公司,N1,1249,[N1]1249
COLNAGO ERNESTO E C. SRL,Colnago Ernesto E C. SRL,N1,1301,[N1]1301
无锡岚途车业有限公司,无锡岚途车业有限公司,N1,1315,[N1]1315
"CHANGZHOU KERUIQI SPORTS GOODS CO., LTD.",常州科锐奇体育用品有限公司,N1,1323,[N1]1323
"XINGTAI SHI SUTI BICYCLE CO., LTD.",邢台市速缇自行车有限公司,N1,1330,[N1]1330
"SHANDONG CHAOWEI YUANLI ENERGY CO., LTD.",山东超威原力能源有限公司,N1,1333,[N1]1333
"GUANGDONG COBOST TECHNOLOGY CO., LTD.",广东可波斯特科技有限公司,N1,1336,[N1]1336
福州利菱橡塑有限公司,福州利菱橡塑有限公司,N1,1338,[N1]1338
"YONGKANG TOMI INDUSTRY AND TRADE CO., LTD.",永康市托米工贸有限公司,N1,1340,[N1]1340
"SHANGHAIZICHENGARMENTCO., LTD.",上海梓辰服饰有限公司,N1,1342,[N1]1342
"WENZHOU XINWEILMPORT AND EXPORTCO., LTD.",温州兴远户外用品有限公司,N1,1344,[N1]1344
"GUANGZHOU 621 APPAREL CO., LTD.",广州六二一服饰有限公司,N1,1346,[N1]1346
"YONGKANG TONGBO TECHNOLOGY CO., LTD.",永康市童博科技有限公司,N1,1347,[N1]1347
"HEBEI MINGWO MACHINERY MANUFACTURING CO., LTD.",河北铭沃机械制造有限公司,N1,1349,[N1]1349
EURO-CYCLES SA,EURO-CYCLES,N1,1505,[N1]1505
ALLEN.BIKE,ALLEN.BIKE,N1,1510,[N1]1510
BANANA GROUP LIMITED,Banana Group Limited,N1,1512,[N1]1512
"SHANDONG CHAOWEI FUSHIDA NEW ENERGY TECHNOLOGY CO., LTD.",山东超威富士达新能源科技有限公司,N1,1515,[N1]1515
"GUANGDONG DEXINGHAO BICYCLE CO., LTD.",广东德幸好自行车有限公司,N1,1517,[N1]1517
"GUANGZHOU KONGLI FORMULA SPORTS DEVELOPMENT CO., LTD.",广州空力公式体育发展有限公司,N1,1520,[N1]1520
"DONGGUAN OUYI INDUSTRIAL CO., LTD.",东莞市欧艺标牌有限公司,N1,1523,[N1]1523
"JIANXIKA (TIANJIN) INTELLIGENT TECHNOLOGY CO., LTD.",简西卡（天津）智能科技有限公司,N1,1526,[N1]1526
"ANHUI HONGGUANG ELECTRONICS CO., LTD.",天长市宏光电子有限责任公司,N1,1528,[N1]1528
"NINGBO CHUANGHONYI BEARING CO., LTD.",宁波庄宏亿轴承有限公司,N1,1530,[N1]1530
"LINYI YUNHONG CAR INDUSTRY CO., LTD.",临沂云鸿车业有限公司,N1,1533,[N1]1533
"NINGBO SHILONG BEARING CO., LTD.",宁波实隆轴承有限公司,N1,1536,[N1]1536
"DONGGUAN CHAMRIDER TECHNOLOGY CO., LTD.",东莞市创易达科技有限公司,N1,1538,[N1]1538
HENGKUAN BICYCLE ACCESSORIES FACTORY,河北省恒宽自行车配件厂,N1,1540,[N1]1540
"WENZHOU YAQI TECHNOLOGY CO., LTD.",温州雅琪科技有限公司,N1,1541,[N1]1541
"XIAMEN KEET SPORTS TECHNOLOGY CO., LTD.",厦门科伊特运动科技有限公司,N1,1542,[N1]1542
"HUBO SPORTS PRODUCTS CO., LTD.",广东钜保运动用品有限公司,N1,1543,[N1]1543
PINGXIANG COUNTY YUETU BICYCLE PARTS FACTORY,平乡县悦途自行车配件厂,N1,1544,[N1]1544
"XINGTAI SIMOER STEEL BALL CO., LTD.",邢台丝摩尔钢球有限公司,N1,1546,[N1]1546
"CHANGZHOU FOUND ENVIRONMENTAL TECHNOLOGY CO., LTD.",常州方德环境科技有限公司,N1,1548,[N1]1548
"NINGBO JINTA IMPORT AND EXPORT CO., LTD.",宁波金达进出口有限公司,N1,1623,[N1]1623
"CIXI BANMA IMPORT AND EXPORT CO., LTD.",慈溪市斑马进出口有限公司,N1,1626,[N1]1626
"TIANJIN SHENGKUO TRADING CO., LTD.",天津市盛阔商贸有限公司,N1,1628,[N1]1628
"JIANG DING TECHNOLOGIES (HUIZHOU) CO., LTD.",将顶科技（惠州）有限公司,N1,1632,[N1]1632
"NANTONG ZOMART SPORTS TECHNOLOGY CO., LTD.",南通卓玛特运动科技有限公司,N1,1636,[N1]1636
深圳市几乐创新科技有限公司,深圳市几乐创新科技有限公司,N1,1638,[N1]1638
"XINGTAI HANTES VEHICLE INDUSTRY CO., LTD.",邢台翰特斯车业有限公司,N1,1640,[N1]1640
"GHENGFENG SHOCK-ABSORBING SPORTS EQUIPMENT CO., LTD.",东莞市恒峰避震运动器材有限公司,N1,1642,[N1]1642
"FOSHAN SHUNDE GUANYUDA POWER SUPPLY CO., LTD.",佛山市顺德区冠宇达电源有限公司,N1,1643,[N1]1643
SHENGYOUBEI,邢台圣优贝车业有限公司,N1,1644,[N1]1644
"XINGTAI MAOZHOU TECHNOLOGY CO., LTD.",邢台茂洲科技有限公司,N1,1646,[N1]1646
"QUANZHOU LEYI OUTDOOR PRODUCTS CO., LTD.",泉州市乐益户外用品有限公司,N1,1647,[N1]1647
常州海恒电子料技有限公司,常州海恒电子料技有限公司,N1,1649,[N1]1649
"GUANGZHOU SAIJING TRADING CO., LTD.",广州赛竞贸易有限公司,N1,1701,[N1]1701
BUILDVIEW LIMITED,创文集团有限公司,N1,1704,[N1]1704
RIDUCK INC.,Riduck Inc.,N1,1706,[N1]1706
"MONOERIC INTERNATIONAL CO., LTD.",扬均企业股份有限公司,N1,1708,[N1]1708
LI YI DA LTD.,利易达有限公司,N1,1709,[N1]1709
VITTORIA SOURCING ASIA,VITTORIA SOURCING ASIA,N1,1711,[N1]1711
"SHENZHEN HUILI PRECISION HARDWARE PRODUCTS CO., LTD.",深圳市辉利精工五金制品有限公司,N1,1713,[N1]1713
文安县冠亚五金制品厂,文安县冠亚五金制品厂,N1,1714,[N1]1714
"XINGTAI SHUANGYI CAR INDUSTRY CO., LTD.",邢台双艺车业有限公司,N1,1715,[N1]1715
"SHENZHEN MAHIM SPORTS TECHNOLOGY CO., LTD.",深圳玛希姆运动科技有限公司,N1,1716,[N1]1716
"CHANGZHOU SUTE BEARING MANUFACTURE CO., LTD.",常州苏特轴承制造有限公司,N1,1717,[N1]1717
"CHANGZHOU JIELING BEARING CO., LTD.",常州市杰灵轴承有限公司,N1,1718,[N1]1718
"XI'AN TITAN CYCLES CO., LTD.",西安尼泰工贸有限公司,N1,1719,[N1]1719
"XINGTAI SPORK SPORTING GOODS CO., LTD.",邢台斯伯克体育用品有限公司,N1,1720,[N1]1720
"AOSI STAR (TIANJIN) TECHNOLOGY CO., LTD.",奥斯之星（天津）科技有限公司,N1,1721,[N1]1721
"GUANGZONG COUNTY AOQI TIRE MANUFACTURING CO., LTD.",广宗县澳奇轮胎制造有限公司,N1,1723,[N1]1723
昆山市宝佳隆机械设备有限公司,昆山市宝佳隆机械设备有限公司,N1,1724,[N1]1724
"ZHEJIANG SANJIU TOOLS CO., LTD.",永康三久工具有限公司,N1,1725,[N1]1725
厦门博新特复材科技有限公司,厦门博新特复材科技有限公司,N1,1726,[N1]1726
"TELI NEW ENERGY (HUIZHOU) CO., LTD.",特力新能源（惠州）有限公司,N1,1727,[N1]1727
"TIANJIN ZHENMA TECHNOLOGY CO., LTD.",天津真玛科技有限公司,N1,1728,[N1]1728
"CHANGDE HONGYUANLI ELECTRONICS TECHNOLOGY CO., LTD.",常德市红源利电子科技有限公司,N1,1729,[N1]1729
ANCHANG WALL TECHNOLOGY,天津安昌华尔科技有限公司,N1,1730,[N1]1730
"DONGGUAN CYS SPORTS GOODS CO., LTD.",东莞市春源尚运动用品有限公司,N1,1731,[N1]1731
"NINGHAI JIEBO ALUMINIUM CO., LTD.",宁海县杰波铝业有限公司,N1,1732,[N1]1732
"WENZHOU HONGCHENG LOCK CO., LTD.",温州红成锁业有限公司,N1,1733,[N1]1733
"HEBEI TONGLE BICYCLE CO., LTD.",河北童乐自行车有限公司,N1,1734,[N1]1734
"DONGGUAN YONGBAO SPORTS GOODS CO., LTD.",东莞市永宝运动用品有限公司,N1,1736,[N1]1736
"EYESCARE OPTICAL CO., LTD.",艾视科（厦门）光学有限公司,N1,1801,[N1]1801
"HUZHOU WUXING HENGYU GLOVE CO., LTD.",湖州吴兴恒裕手套有限公司,N1,1804,[N1]1804
安徽欣越电子有限公司,安徽欣越电子有限公司,N1,1805,[N1]1805
"DONGGUAN MEICHENG SPORTS GOODS CO., LTD.",东莞市美成运动用品有限公司,N1,1806,[N1]1806
"HUZHOU RUIBANG GLOVE CO., LTD.",湖州瑞邦手套有限公司,N1,1807,[N1]1807
CIXISHI JINGNIU CHEZHOU PEIJIANCHANG,慈溪市金牛车轴配件厂,N1,1808,[N1]1808
"NINGBO MUPIN ELECTRICAL APPLIANCE TECHNOLOGY CO., LTD.",宁波慕品电器科技有限公司,N1,1811,[N1]1811
"SHANGHAI LUNJINGHE TECHNOLOGY CO., LTD.",上海伦景和科技有限公司,N1,1812,[N1]1812
"DONGGUAN ZITENG SPORTS PRODUCTS CO., LTD.",东莞市紫藤运动用品有限公司,N1,1813,[N1]1813
GO COOL,果壳造物（苏州）材料科技有限公司,N1,1814,[N1]1814
"SICHUAN XINGGUANG INTELLIGENT ELECTRONICS CO., LTD.",四川星光智能电子有限公司,N1,1816,[N1]1816
"GUANGZHOU BAOLAY GLASSES TECHNOLOGY CO., LTD.",广州宝来眼镜科技有限公司,N1,1817,[N1]1817
FOX SHIELD,福建泉州星骑科技有限公司,N1,1818,[N1]1818
"SHENZHEN WEITEBAO TRADING CO., LTD.",深圳威特豹贸易有限公司,W1,0001,[W1]0001
"XIAMEN BAIYEXING OUTDOOR PRODUCTS CO., LTD.",厦门佰业兴户外用品有限公司,W1,0005,[W1]0005
"WUHAN GRANDPINE TRADING CO., LTD. / SHENZHEN SINOPINE TRADING CO., LTD.",武汉金松源商贸有限公司,W1,0007,[W1]0007
"SENICX TECHNOLOGY (SHANGHAI) CO., LTD.",驭勇科技（上海）有限公司,W1,0009,[W1]0009
"YANTAI CHANGHONG PLASTIC PRODUCTS CO., LTD.",烟台长虹塑料制品有限公司,W1,0011,[W1]0011
"TIANJIN HYSIN ACHIEVEMENT TECHNOLOGIES CO., LTD.",天津华信常阳科技有限公司,W1,0013,[W1]0013
"CHONGQING HUAJIE BICYCLE CO., LTD.",禾诘企业有限公司/重庆华诘自行车有限公司,W1,0017,[W1]0017
"HUIZHOU SHUNLI SPORTS GOODS CO., LTD.",惠州市顺利体育用品有限公司,W1,0021,[W1]0021
AMAZING INDUSTRIES,AMAZING INDUSTRIES,W1,0023,[W1]0023
珠海市铭庆发展有限公司,珠海市铭庆发展有限公司,W1,0025,[W1]0025
APRO,野宝科技,W1,0027,[W1]0027
"JIANGXI MOLICSYN BICYCLE CO., LTD.",江西魔立刻自行车有限公司,W1,0029,[W1]0029
ASIA BICYCLE TRADING COMPANY,台湾恺拓有限公司,W1,0031,[W1]0031
SHIMANO (SHANGHAI) SALES CORPORATION,禧玛诺（上海）贸易有限公司,W1,0105,[W1]0105
"YIWU ROCK SPORTING GOODS CO., LTD.",义乌洛克体育用品有限公司,W1,0111,[W1]0111
S-PARTS,西安本物商贸有限公司,W1,0115,[W1]0115
"LIANYUNGANG SHENYING CARBON BIKE CO., LTD.",连云港神鹰碳纤维自行车有限公司,W1,0118,[W1]0118
"TIANJIN FUSHENGDA SPORTS &amp; LEISURE EQUIPMENT CO., LTD.",天津福盛达运动器材有限公司,W1,0121,[W1]0121
"GATES TRADE (SHANGHAI) CO., LTD.",盖茨贸易（上海）有限公司,W1,0126,[W1]0126
"SHANGHAI FUJIE SPORTS CO., LTD.",上海富杰实业有限公司,W1,0131,[W1]0131
"HUIZHOU PMT SPORTS GOODS CO., LTD.",惠州市品美特运动用品有限公司,W1,0133,[W1]0133
"TIANJIN MARUISHI BICYCLE CO., LTD.",天津玛瑞仕自行车有限公司,W1,0136,[W1]0136
"TAIWAN BICYCLE INTELLIGENT CO., LTD.",特购国际贸易有限公司,W1,0138,[W1]0138
SANTIC INTERNATIONAL GMBH,厦门森地客户外用品有限公司,W1,0142,[W1]0142
COLMAX INTERNATIONAL LIMITED TAIWAN BRANCH (H.K.),香港商歌美斯国际股份有限公司台湾分公司,W1,0145,[W1]0145
"GUANGZHOU TRINX SPORTS TECHNOLOGY CO., LTD.",广州市千里达运动科技有限公司,W1,0201,[W1]0201
"SHENZHEN SUBITE BICYCLE INDUSTRY DEVELOPMENT CO., LTD.",深圳市速比特车业发展有限公司,W1,0315,[W1]0315
厦门银贝斯体育用品有限公司,厦门银贝斯体育用品有限公司,W1,0318,[W1]0318
"HANGZHOU YONGHUA BICYCLE CO., LTD.",杭州勇华车业有限公司,W1,0326,[W1]0326
RETYRE AS,reTyre AS,W1,0331,[W1]0331
"JIRE (WENZHOU) COMMERCIAL AND TRADING CO., LTD.",吉热（温州）商贸有限公司,W1,0333,[W1]0333
"CHENG SHIN RUBBER IND. CO., LTD.",正新橡胶工业股份公司,W1,0336,[W1]0336
YUANDONGLANJIAN,天津市远东蓝剑科技有限公司,W1,0342,[W1]0342
SOVEREIGN EXPORTS,SOVEREIGN EXPORTS,W1,0345,[W1]0345
宁波百琦自行车有限公司,宁波百琦自行车有限公司,W1,0505,[W1]0505
"SHANGHAI DIDONG SPORTS GOODS CO., LTD.",上海迪动体育用品有限公司,W1,0511,[W1]0511
"ROTOR COMPONENTES TECNOLOGICOS, SL","ROTOR COMPONENTES TECNOLOGICOS, SL",W1,0513,[W1]0513
"XIAMEN HONGJIWEIYE INDUSTRIAL CO., LTD.",厦门鸿基伟业复材科技股份有限公司,W1,0515,[W1]0515
"HANGZHOU JIUQI CULTURE AND SPORTS CO., LTD.",杭州九骑文化体育有限公司,W1,0521,[W1]0521
ARMOR MANUFACTURING CORPORATION,铁甲工业股份有限公司,W1,0526,[W1]0526
"SHANDONG TAISHAN RUIBAO COMPOSITE MATERIAL CO., LTD.",山东泰山瑞豹复合材料有限公司,W1,0531,[W1]0531
"SHENZHEN NEW CANGHAI MACHINERY CO., LTD.",深圳市新沧海机械有限公司,W1,0536,[W1]0536
"KUNSHAN CITY SANHAL ELECTRICAL CO., LTD.",昆山市三海机电有限公司,W1,0539,[W1]0539
HARTEX RUBBER PRIVATE LIMITED,HARTEX RUBBER PRIVATE LIMITED,W1,0542,[W1]0542
SPEEDWAYS TYRE LTD.,SPEEDWAYS TYRE LTD,W1,0545,[W1]0545
RALSON (INDIA) LIMITED,RALSON（INDIA）LIMITED,W1,0713,[W1]0713
"TIANJIN BORUITE BICYCLE CO., LTD.",天津市博瑞特自行车有限公司,W1,0715,[W1]0715
MICROSHIFT,台湾微转股份有限公司,W1,0736,[W1]0736
"CHING TONG SHAN ENTERPRISE (HUIZHOU) CO., LTD.",金同山车业（惠州）有限公司,W1,0738,[W1]0738
"XM RUDY SPORTING GOODS CO., LTD.",厦门陆迪体育用品有限公司,W1,0743,[W1]0743
"SHENZHEN JUCHUANG BICYCLE CO., LTD.",深圳市聚创车业有限公司,W1,0745,[W1]0745
"ALTALIST CO., LTD.",至高株式会社,W1,0901,[W1]0901
"HOLLAND MECHANICS CHINA S.E.M CO., LTD.",荷兰机械（中国）专用设备制造有限公司,W1,0905,[W1]0905
SELLEROYAL GROUP,赛勒罗亚车业（中国）有限公司,W1,0911,[W1]0911
"CHENGSHIN RUBBERIND.,LTD.",厦门正新橡胶工业有限公司,W1,0915,[W1]0915
"SHENZHEN CHUANG XIN WEI BICYCLE CO., LTD.",深圳市创新维自行车有限公司,W1,0921,[W1]0921
"S-RIDE BICYCLE COMPONENTS (FOSHAN) CO., LTD.",速瑞达自行车零件（佛山）有限公司,W1,0926,[W1]0926
"FOREVER NEW ENERGY TECHNOLOGY (TIANJIN) CO., LTD.",永久新能源科技（天津）有限公司,W1,0931,[W1]0931
"JIANGSU QYH CARBON TECH CO., LTD.",江苏祺洋航碳纤科技有限公司,W1,0936,[W1]0936
"SHENZHEN MINJUN ELECTRONIC TECHNOLOGY CO., LTD.",深圳市旻君电子科技有限公司,W1,0938,[W1]0938
"JODDY INDUSTRIES CO., LTD.",南京锦泰行运动车有限公司,W1,0942,[W1]0942
"KUNSHAN TIBO SPORTS CO., LTD.",昆山拓步户外运动用品有限公司,W1,0945,[W1]0945
"KARASAWA TRAFFIC EQUIPMENT (TAI ZHOU) CO., LTD.",唐泽交通器材（泰州）有限公司,W1,1105,[W1]1105
"NINGBO C.STAR TECHNOLOGY CO., LTD. / NINGBO POWER BICYCLE COMPONENTS CO., LTD.",宁波彰星智能科技有限公司/宁波力盟机械有限公司,W1,1111,"[W1]1111,[E2]0726"
"NINGBO C.STAR TECHNOLOGY CO., LTD. / NINGBO POWER BICYCLE COMPONENTS CO., LTD.",宁波彰星智能科技有限公司/宁波力盟机械有限公司,E2,0726,"[W1]1111,[E2]0726"
"SATE-LITE (FOSHAN) PLASTICS CO., LTD.",赛特莱特（佛山）塑胶制品有限公司,W1,1113,[W1]1113
"SHENZHEN JIANKUN SPORTING GOODS CO., LTD.",深圳市健坤运动器材有限公司,W1,1121,[W1]1121
FSA S.R.L.,FSA S.R.L.,W1,1126,[W1]1126
AVON CYCLES LTD.,AVON CYCLES LTD,W1,1131,[W1]1131
SOLEHRE BROTHERS INDUSTRIES,SOLEHRE BROTHERS INDUSTRIES,W1,1133,[W1]1133
"GUANGZHOU PARTNER SUSPENSION FORK INDUSTRY CO., LTD.",广州市完美车业有限公司,W1,1136,[W1]1136
GUANGSHI (CHANGZHOU) INFORMATION TECHNOLOGE LTD.,广世（常州）信息科技有限公司,W1,1138,[W1]1138
RANGPUR METAL INDUSTRIES LIMITED,RANGPUR METAL INDUSTRIES LIMITED,W1,1142,[W1]1142
"TIANJIN NEWSPEED CYCLE CO., LTD.",天津新速度自行车有限公司,W1,1145,[W1]1145
"MAGURA (SHANGHAI) CO., LTD.",玛古拉商贸（上海）有限公司,W1,1301,[W1]1301
迪脉（上海）企业管理有限公司,迪脉（上海）企业管理有限公司,W1,1305,[W1]1305
"DDK GROUP CO., LTD. TAIWAN BRANCH (CAYMAN)",英属开曼群岛商锋明国际股份有限公司台湾分公司,W1,1311,[W1]1311
厦门途酷斯体育用品有限公司,厦门途酷斯体育用品有限公司,W1,1312,[W1]1312
"YOUNG SING BALL BEARING CO., LTD.",永兴轴承有限公司,W1,1313,[W1]1313
"SENSAH SMART SPORT EQUIPMENTS CO., LTD.",广东顺德顺泰智能运动器材有限公司,W1,1315,[W1]1315
"NINGBO TOPRIGHT LEISURE PRODUCTS CO., LTD.",宁波途锐达休闲用品有限公司,W1,1321,[W1]1321
SHENZHEN JIAWO BICYCLE FACTORY,深圳市佳沃自行车厂,W1,1326,[W1]1326
东莞市骏奔五金机械有限公司,东莞市骏奔五金机械有限公司,W1,1331,[W1]1331
"TIANJIN JIABAO ELECTRIC BICYCLE CO., LTD.",天津市佳宝电动自行车有限公司,W1,1333,"[W1]1333,1721,[W2]0736"
"TIANJIN JIABAO ELECTRIC BICYCLE CO., LTD.",天津市佳宝电动自行车有限公司,W2,0736,"[W1]1333,1721,[W2]0736"
"TENVELS (XINGTAI) BICYCLE TECHNOLOGY CO., LTD.",探为来（邢台）自行车科技有限公司,W1,1336,"[W1]1336,[E1]1142"
"TENVELS (XINGTAI) BICYCLE TECHNOLOGY CO., LTD.",探为来（邢台）自行车科技有限公司,E1,1142,"[W1]1336,[E1]1142"
HEMC INTERNATIONAL LIMITED,谷圍有限公司,W1,1338,[W1]1338
"TAICANG KINIGFORCE CHINA CO., LTD.",太仓劲力商贸有限公司,W1,1342,[W1]1342
"XINGTAI TIANZHENG BICYCLE CO., LTD.",邢台天正自行车有限公司,W1,1345,[W1]1345
"XIAMEN KOMCAS SPORTS CO., LTD.",厦门康卡斯体育有限公司,W1,1511,[W1]1511
"WENZHOU LIBANG ENTERPRISE CO., LTD.",温州力邦企业有限公司,W1,1513,[W1]1513
"HUIZHOU MOTACHIE BICYCLE CO., LTD.",惠州市朦太奇自行车有限公司,W1,1515,[W1]1515
"XIAMEN APEX TECHNOLOGY CO., LTD.",厦门纬衡科技有限公司,W1,1518,[W1]1518
"TIANJIN WEIWANGDA TECHNOLOGY DEVELOPMENT CO., LTD.",天津市伟旺达科技发展有限公司,W1,1519,"[W1]1519,[N1]1215"
"TIANJIN WEIWANGDA TECHNOLOGY DEVELOPMENT CO., LTD.",天津市伟旺达科技发展有限公司,N1,1215,"[W1]1519,[N1]1215"
"SHENZHEN GBC UNITED ENTERPRISES CO., LTD.",深圳新益瑞企业管理有限公司,W1,1526,[W1]1526
PACIFIC CYCLES. INC,太平洋自行车股份有限公司/上海市鸿太贸易有限公司,W1,1531,[W1]1531
"TIANJIN QFAMS BICYCLE CO., LTD.",天津市全福车业有限公司,W1,1536,[W1]1536
杭州海美特商贸有限公司,杭州海美特商贸有限公司,W1,1538,[W1]1538
MOON SPORT LTD.,Moon Sport Ltd,W1,1542,[W1]1542
DOLOMITI PADS SRL,DOLOMITI PADS SRL,W1,1543,[W1]1543
"ZUATU CYCLING INTERNATIONAL D.O.O.,","Zuatu cycling international d.o.o.,",W1,1544,[W1]1544
"FUJIAN CARBON WHEEL SPORTS GOODS CO., LTD.",福建碳轮体育用品有限公司,W1,1545,[W1]1545
"VIETNAM-SINGAPORE INDUSTRIAL PARK J.V. CO., LTD.",越南-新加坡工业园区集团,W1,1700,[W1]1700
"SALLOY BIKE (KUNSHAN) CO., LTD. / SALLOY (TIANJIN) CO., LTD.",昆山顶亨自行车配件有限公司/天津市顶佑商贸有限公司,W1,1701,[W1]1701
"SHENZHEN XINJIE LEOPARD CAR CO., LTD.",深圳市鑫杰豹车业有限公司,W1,1709,[W1]1709
EASTERN SOLAR BICYCLE CO.,深圳市镇洋兄弟单车有限公司,W1,1711,[W1]1711
"MEIPIN (XIAMEN) RUBBER INDUSTRIAL CO., LTD. / YING PAIO ENTERPRISE CO., LTD. (TAIWAN)",美品（厦门）橡胶制品有限公司/营标企业有限公司（台湾）,W1,1712,[W1]1712
"SPORT MANIAINTERNATIONAL CO., LTD.",美尼亚国际有限公司,W1,1715,[W1]1715
"TIANJIN HUITENG BICYCLE PARTS CO., LIMITED",天津辉腾自行车有限公司,W1,1717,[W1]1717
"ZHEJIANG HANGYI BICYCLE MANUFACTURING CO., LTD.",浙江杭依自行车制造有限公司,W1,1722,[W1]1722
"QUANZHOU 3VELO TRADING CO., LTD.",泉州三唯乐贸易有限公司,W1,1725,[W1]1725
NAVIHOOD EUROPE,Navihood Europe,W1,1727,[W1]1727
"THE HONG KONG UNIVERSITY OF SCIENCE AND TECHNOLOGY, AERODYNAMICS AND ACOUSTICS FACILITY",香港科技大学空气动力学和声学实验中心,W1,1728,[W1]1728
"HSING TAINDUSTRIAL (SHEN ZHENCO., LTD.",信大塑胶五金（深圳）有限公司,W1,1729,[W1]1729
DR CHEM SPECIALIZED RESTORATION LTD.,化学式专业护理有限公司,W1,1730,[W1]1730
"KUNSHAN LANDON TRADE CO., LTD.",昆山联敦贸易有限公司,W1,1731,[W1]1731
"GUANGZHOU YINXIN PLASTIC PRODUCTS CO., LTD.",广州银辛塑料制品有限公司,W1,1801,[W1]1801
XXF,昆山昶铕顺箱包有限公司,W1,1805,"[W1]1805,[E2]1812"
XXF,昆山昶铕顺箱包有限公司,E2,1812,"[W1]1805,[E2]1812"
LIGHTSKIN (EVERGREEN I &amp; D),LightSKIN（Evergreen I&amp;D）,W1,1807,[W1]1807
CCN SPORT LIMITED,深圳市驰恩体育用品有限公司,W1,1811,[W1]1811
F.L.R SHOES LTD.,F.L.R SHOES LTD,W1,1815,[W1]1815
ASIA CYCLE INDSUTRIES,ASIA CYCLE INDSUTRIES,W1,1816,[W1]1816
BARLAS GROUP,Barlas Group,W1,1817,[W1]1817
"GREAT COMBINATION ENTERPRISE CO., LTD.",综和企业股份有限公司,W1,1818,[W1]1818
VELOMARCHE DI DANIELE OLIVA &amp; C. SAS,VELOMARCHE DI DANIELE OLIVA &amp; C. SAS,W1,1819,[W1]1819
连云港金悠惠商贸有限公司,连云港金悠惠商贸有限公司,W2,0001,[W2]0001
河北信隆车业有限公司,河北信隆车业有限公司,W2,0005,[W2]0005
"BAOJI SPEEDLONG METAL PRODUCTS CO., LTD.",宝鸡速朗金属制品股份有限公司,W2,0007,[W2]0007
"SHENZHEN REBORN BICYCLE CO., LTD.",深圳市锐博恩自行车有限公司,W2,0009,[W2]0009
INTERTEK,上海天祥质量技术服务有限公司,W2,0011,[W2]0011
"JIANGSU SUNTORI VEHICLE METAL CO., LTD.",江苏顺得利金属有限公司,W2,0013,[W2]0013
"CANGZHOU RONGJIAN METAL PRODUCTS CO., LTD.",沧州荣建金属制品有限公司,W2,0017,[W2]0017
HANDAN BEAUTIFUL BIRD,邯郸市靓鸟车业有限公司,W2,0020,[W2]0020
上海开驰自行车辐条有限公司,上海开驰自行车辐条有限公司,W2,0021,[W2]0021
"HANGZHOU HONGSHI TECHNOLOGY CO., LTD.",杭州鸿石科技有限公司,W2,0025,[W2]0025
"XIAMEN ZHOUHUI NEW MATERIAL TECHNOLOGY CO., LTD.",厦门宙晖新材料科技有限公司,W2,0027,[W2]0027
"RAYON (TIANJIN) CYCLE CO., LTD.",瑞龙（天津）国际贸易有限公司,W2,0029,[W2]0029
河北省邢台市平乡县盛大儿童玩具厂,河北省邢台市平乡县盛大儿童玩具厂,W2,0031,[W2]0031
"TIANJIN GOLDEN WHEEL BICYCLE GROUP. CO., LTD.",天津市金轮信德车业有限公司/金玖（天津）科技有限公司,W2,0105,"[W2]0105,[W2]0110"
"TIANJIN GOLDEN WHEEL BICYCLE GROUP. CO., LTD.",天津市金轮信德车业有限公司/金玖（天津）科技有限公司,W2,0110,"[W2]0105,[W2]0110"
JOY KIE CORPORATION LIMITED,久祺股份有限公司,W2,0112,"[W2]0112,[W3]0029"
JOY KIE CORPORATION LIMITED,久祺股份有限公司,W3,0029,"[W2]0112,[W3]0029"
"LAUX (ITALY) INTERNATIONAL CO., LTD. / TIANJIN LAUX SPORT EQUIPMENT CO., LTD. / LUAX NEW ENERGY TECHNOLOGY (TIANJIN) CO., LTD. / TIANJIN KMK TECHNOLOGY CO., LTD.",雷克斯（意大利）国际集团有限公司/天津雷克斯运动器材有限公司/雷克斯新能源科技（天津）有限公司/天津柯米克科技有限公司,W2,0116,[W2]0116
"GOLDEN INTERNATIONAL SPORTING GOODS CO., LTD.",高登智信（北京）国际贸易有限公司,W2,0121,[W2]0121
"TIANJIN SHINEWING BICYCLE CO., LTD.",天津光合翼车业有限公司,W2,0123,[W2]0123
天津市利雅得工贸有限公司,天津市利雅得工贸有限公司,W2,0126,[W2]0126
"TIANJIN HUAGUAN BICYCLE PARTS CO., LTD.",天津华冠自行车配件有限公司,W2,0131,[W2]0131
"TIANJIN JINSHIDA BICYCLE CO., LTD. / TIANJIN MINGSHENG SPORTS EQUIPMENT CO., LTD.",天津市金世达自行车有限公司/天津市铭盛运动器材有限公司,W2,0134,[W2]0134
"TIANJIN PROGRESSER INDUSTRY CO., LTD.",天津市克兰佰瑞自行车股份有限公司,W2,0136,[W2]0136
"XINGTAI SIXING CYCLE CO., LTD.",邢台四星车业有限公司,W2,0141,[W2]0141
"TIANJIN FENGYUN BICYCLE CO., LTD.",天津市峰云自行车有限公司,W2,0145,[W2]0145
"TIANJIN SIHAIHENGTONG BICYCLE CO., LTD.",天津市四海亨通自行车股份有限公司,W2,0201,[W2]0201
"HANDAN YOUHUA VEHICLE CO., LTD.",邯郸市友华车业有限公司,W2,0331,[W2]0331
"ANHUI YOUKEN TRADE CO., LTD.",安徽优肯贸易有限公司,W2,0521,[W2]0521
"HANGZHOU MINKI BICYCLE CO., LTD. / HANGZHOU WINNER INTL' CO., LTD.",杭州名骐自行车有限公司/杭州威燕进出口有限公司,W2,0526,[W2]0526
"HEBEI AMANI VEHICLE INDUSTRY CO., LTD.",河北阿玛尼车业有限公司,W2,0528,[W2]0528
"HANGZHOU HED TECHNOLOGY CO., LIMITED",杭州孩爱镫科技有限公司,W2,0531,[W2]0531
"TIANJIN MELAS BICYCLE CO., LTD.",天津泓远天晟自行车有限公司,W2,0536,[W2]0536
"CHENGCOU METAL PRODUCTS NANTONG CO., LTD.",政科金属制品南通有限公司,W2,0541,[W2]0541
"YBN INDUSTRIAL (SHENZHEN) CO., LTD. / ALHONGA ENTERPRISE CO., LTD.",深圳市雅邦传动有限公司/弘家金属工业股份有限公司,W2,0543,[W2]0543
"NINGBO KENGEWA CHILDREN'S PRODUCTS CO., LTD.",宁波肯吉娃儿童用品有限公司,W2,0601,[W2]0601
"HANGZHOU YONGDI BICYCLE CO., LTD. / HANGZHOU FUQI IMP. &amp; EXP. CO., LTD.",杭州新永迪车业有限公司/杭州富祺进出口有限公司,W2,0721,[W2]0721
"SENWELL INDUSTRIES CO., LIMITED",盛为实业有限公司,W2,0731,[W2]0731
"HEBEI BDF BICYCLE TECHNOLOGY CO., LTD.",河北贝多福自行车科技有限公司,W2,0734,[W2]0734
河北创仟儿童玩具有限公司,河北创仟儿童玩具有限公司,W2,0738,[W2]0738
DRIVETRAIN TECH SOLUTION INC.,传诚技研有限公司,W2,0741,[W2]0741
"CO-LUCK ENTERPRISE CO., LTD.",集优企业股份有限公司,W2,0742,[W2]0742
"ZHANGPU YUAN WEN SHING TECHNOLOGY CO., LTD.",漳浦源文兴科技有限公司,W2,0743,[W2]0743
"ZHANGPU WEIBO BICYCLE CO., LTD.",漳浦玮柏自行车有限公司,W2,0745,[W2]0745
"ALUFORCE INT'L CO., LTD.",元富五金制品（漳州）有限公司,W2,0841,[W2]0841
HEBEI HONOR MECHANICAL MOULD INC.,河北欧耐机械模具股份有限公司,W2,0901,[W2]0901
"HANGZHOU YONGWEI BICYCLE CO., LTD.",杭州永威自行车有限公司,W2,0905,[W2]0905
"HEBEI SKYS BICYCLE CO., LTD.",河北天王自行车科技有限公司/河北天天自行车有限公司,W2,0911,[W2]0911
"WANYI BICYCLE GUANGZONG CO., LTD.",万怡自行车广宗有限公司,W2,0916,[W2]0916
TIANJIN GRANMAX TECHNOLOGY COMPANY LIMITED,天津歌瑞思科技有限公司,W2,0921,[W2]0921
宁波南洋车业有限公司,宁波南洋车业有限公司,W2,0923,"[W2]0923,[W1]0742"
宁波南洋车业有限公司,宁波南洋车业有限公司,W1,0742,"[W2]0923,[W1]0742"
"HEBEI HENGCHI BICYCLE PARTS (GROUP) CO., LTD.",河北恒驰自行车零件（集团）有限公司,W2,0926,"[W2]0926,[E3]0714"
"HEBEI HENGCHI BICYCLE PARTS (GROUP) CO., LTD.",河北恒驰自行车零件（集团）有限公司,E3,0714,"[W2]0926,[E3]0714"
"XIANGJIN (TIANJIN) CYCLE CO., LTD.",祥锦（天津）车业有限公司,W2,0931,[W2]0931
"TIANJIN CHINTONE BICYCLE CO., LTD.",天津钦通自行车有限公司,W2,0936,[W2]0936
"EASKY (TIANJIN) BICYCLE CO., LTD.",亿泽（天津）自行车有限公司,W2,0941,[W2]0941
"ZHEJIANG ZL BICYCLE CO., LTD.",浙江卓洛运动器材有限公司,W2,0943,[W2]0943
"HEBEI YESFREE BICYCLE MANUFACTORY CO., LTD.",河北亿丰童车有限公司,W2,1105,[W2]1105
"SHENZHEN XUTONG INDUSTRIAL CO., LTD.",深圳市胥同实业有限公司/厦门圣意隆体育用品有限公司,W2,1131,[W2]1131
"TIANJIN YINGFEINI BICYCLE CO., LTD.",天津市英菲尼自行车有限公司,W2,1133,[W2]1133
SHANGHAI FIVE SIXTY INTERNATIONAL TRADE LTD.,上海五甲子国际贸易有限公司,W2,1136,[W2]1136
杭州临安锐拓车业有限公司,杭州临安锐拓车业有限公司,W2,1141,[W2]1141
"ZHEJIANG XINGJIE BICYCLE CO., LTD.",浙江兴捷车业有限公司,W2,1143,[W2]1143
"XINGTAI MEISIDA CYCLE CO., LTD.",邢台美斯达车业有限公司,W2,1301,[W2]1301
"XINGTAI JIUQI CYCLES CO., LTD.",邢台市久骐车业有限公司,W2,1405,"[W2]1405,[E3]0118"
"XINGTAI JIUQI CYCLES CO., LTD.",邢台市久骐车业有限公司,E3,0118,"[W2]1405,[E3]0118"
天津瀛通车业,天津瀛通车业,W2,1411,[W2]1411
广州绿骑客贸易有限公司/台弘,广州绿骑客贸易有限公司/台弘,W2,1413,[W2]1413
"TIANJIN FEIJIA BICYCLE PRODUCTION &amp; TRADE CO., LTD.",天津市菲佳自行车工贸有限公司/佳菲（天津）运动器材股份有限公司,W2,1416,[W2]1416
"TIANJIN EASUN BICYCLE CO., LTD.",天津福祥运动器材有限公司,W2,1421,[W2]1421
"HEBEI XINGZHENG AUTOMOBILE INDUSTRY CO., LTD.",河北兴正车业有限公司,W2,1423,[W2]1423
"XINGTAI OUMEIYA CYCLE CO., LTD.",邢台欧美亚车业有限公司,W2,1431,[W2]1431
"TIANJIN AIWEIJITE PRODUCTS CO., LTD.",天津艾维纪特贸易有限公司,W2,1433,[W2]1433
"BENGBU FURUI ELECTROMECHANICAL TECHNOLOGY CO., LTD.",蚌埠福瑞机电科技有限责任公司/蚌埠新福瑞贸易有限公司,W2,1436,[W2]1436
"ZHEJIANG WANLUN IND. &amp; TRADE CO., LTD. / HANGZHOU PULLY IMPORT AND EXPORT CO., LTD. / JIANDE XINRONG SPOKES CO., LTD.",浙江万轮工贸有限公司/杭州彪立进出口有限公司/建德欣荣辐条有限公司,W2,1438,[W2]1438
"TIANJIN ZYX BICYCLE CO., LTD.",天津自由行车业有限公司,W2,1441,[W2]1441
"XINGTAI ZHONGZHOU BICYCLE CO., LTD.",邢台钟洲车业有限公司,W2,1513,[W2]1513
"TIANJIN CHENHAO AUTOMOBILE CO., LTD.",天津辰昊车业有限公司,W2,1526,[W2]1526
"TIANJIN JINJIA SPORT EQUIPMENT CO., LTD.",天津金嘉运动器材有限公司,W2,1631,[W2]1631
XINGTAI YAXIN BICYCLE PARTS FACTORY,邢台市亚欣自行车配件厂,W2,1641,[W2]1641
"TIANJIN CREST BICYCLE CO., LTD.",天津泰峰车业有限公司,W2,1643,[W2]1643
"PESU CYCLE (SHENZHEN) TECHNOLOGY CO., LTD.",倍速出行（深圳）科技有限公司,W2,1701,[W2]1701
"DASHENG METAL CO., LTD.",达升金属制品有限公司,W2,1703,[W2]1703
"YUYAO XINFENG BEARING CO., LTD.",余姚市新丰轴承有限公司,W2,1704,[W2]1704
"JINKE KAI (TANGSHAN) TECHNOLOGY CO., LTD.",金泽凯（唐山）科技有限公司（唐山铧锋金属制品有限责任公司）,W2,1706,[W2]1706
"XING TAI XIANG TIAN BLCYCLE PARTS CO., LTD.",邢台翔天自行车零件有限公司,W2,1709,[W2]1709
"SHENZHEN ODIER SPORTS TECHNOLOGY CO., LIMITED",深圳偶地运动科技有限公司,W2,1711,[W2]1711
"XINGTAI BANGTAI BICYCLE PARTS CO., LTD.",邢台邦泰自行车配件有限公司,W2,1713,[W2]1713
惠阳钰城泰化工有限公司,惠阳钰城泰化工有限公司,W2,1715,[W2]1715
"IGUS (SHABGHAI) MOTION PLASTICS CO., LTD.",易格斯（上海）拖链系统有限公司,W2,1717,[W2]1717
慈溪市永钻车业有限公司,慈溪市永钻车业有限公司,W2,1719,[W2]1719
"SHENZHEN YUANMAO NEW TECHNOLOGY CO., LTD.",深圳源茂新科技有限公司,W2,1720,[W2]1720
"TAIZHOU CITY LIDE MACHINERY CO., LTD.",泰州市立得机械有限公司,W2,1721,[W2]1721
XINGTAI YIDA CHEYE YOUXIANGONGSI,邢台宜达车业有限公司,W2,1723,[W2]1723
"XINGTAI HUASHENG AUTOMOBILE CO., LTD.",邢台华圣车业有限责任公司,W2,1725,[W2]1725
GUANGZONGXIAN BOCHUANG CHEYE YOUXIANGONGSI,广宗县博创车业有限公司,W2,1729,[W2]1729
邢台金鸽自行车制造有限公司,邢台金鸽自行车制造有限公司,W2,1731,[W2]1731
"KUNSHAN DOODLE ELECTROMECHANICAL SCIENCE-TECHNOLOGY CO., LTD.",昆山嘟嘟机电科技有限公司,W2,1801,[W2]1801
"KUNSHAN BAIYANCHEN PLASTIC MOLD CO., LTD.",昆山百彦宸塑胶模具有限公司,W2,1803,[W2]1803
"TIANJIN PEERLESS TECHNICAL CO., LTD.",天津比尔莱斯科技有限公司,W2,1811,"[W2]1811,[W2]1804"
"TIANJIN PEERLESS TECHNICAL CO., LTD.",天津比尔莱斯科技有限公司,W2,1804,"[W2]1811,[W2]1804"
"XINGTAI YOUWANG BICYCLE CO., LTD.",邢台优旺自行车有限公司,W3,0001,[W3]0001
"XINGTAI PENGSHUAI BICYCLE PARTS CO., LTD.",邢台鹏帅自行车有限公司,W3,0005,"[W3]0005,0023"
"FENGMING KIDS BIKE (HEBEI) MANUFACTURING CO,.LTD.",平乡县凤鸣童车厂,W3,0007,[W3]0007
"HEBEI YASSAT BICYCLE MFG. CO., LTD.",河北雅洒特自行车制造有限公司,W3,0009,[W3]0009
"HEBEI TIANBEN BICYCLE CO., LTD.",河北天本车业有限公司,W3,0013,"[W3]0013,[E3]1707"
"HEBEI TIANBEN BICYCLE CO., LTD.",河北天本车业有限公司,E3,1707,"[W3]0013,[E3]1707"
HEBEI HENGLAI CHEYE YOUXIANGONGSI,河北恒莱车业有限公司,W3,0017,[W3]0017
"CHANGJIANG BICYCLE CO., LTD.",邢台市长江车业有限公司,W3,0021,"[W3]0021,0916"
GUANG HUI ZI XING CHE ZHI ZAO YOU XIAN GONG SI,广宗县光辉自行车制造有限公司,W3,0025,[W3]0025
GUANGZONG COUNTY QING HUAN FU LUN TUI FACTORY,广宗县庆环辅轮腿厂,W3,0027,[W3]0027
"XINGTAI YOUDIAN BICYCLE CO., LTD.",邢台优典自行车有限公司,W3,0031,[W3]0031
"ROYALBABY CYCLE BEIJING CO., LTD.",北京优贝百祺科技股份有限公司,W3,0105,[W3]0105
邢台圣德玛自行车有限公司,邢台圣德玛自行车有限公司,W3,0108,[W3]0108
"HEBEI DATOO CHILDREN BICYCLE CO., LTD.",河北大图儿童自行车有限公司,W3,0111,[W3]0111
"YIBAIXIN BICYCLE INDUSTRY CO., LTD.",平乡县伊佰信车业有限公司,W3,0116,[W3]0116
"XINGTAI CHITAI BICYCLE MANUFACTURING CO., LTD.",邢台市驰泰自行车制造有限公司,W3,0121,[W3]0121
"HE BEI JIUSHENG BICYCLE CO., LTD.",河北久盛车业有限公司,W3,0126,"[W3]0126,[E6]1701"
"HE BEI JIUSHENG BICYCLE CO., LTD.",河北久盛车业有限公司,E6,1701,"[W3]0126,[E6]1701"
美凯琪（天津）科技有限公司,美凯琪（天津）科技有限公司,W3,0132,[W3]0132
JINBANG,文安县金邦塑料制品有限公司,W3,0134,[W3]0134
"XINGTAI YATONG BICYCLE CO., LTD.",邢台亚通自行车车业有限公司,W3,0136,[W3]0136
"XINGTAI BOMAN IMPORT AND EXPORT CO., LTD.",邢台博嫚进出口有限公司,W3,0139,[W3]0139
"XINGTAI SHICHEN CHILDREN'S TOYS CO., LTD.",邢台世晨儿童玩具有限公司,W3,0142,[W3]0142
"ANHUI GEMSUM IMP. &amp; EXP. CO., LTD.",安徽省珏盛进出口有限公司,W3,0144,[W3]0144
大连瑞达自行车有限公司,大连瑞达自行车有限公司,W3,0201,[W3]0201
"HEBEI ACE BEAUTY TECHNOLOGY CO., LTD.",河北爱思美科技有限公司,W3,0411,[W3]0411
"XINGTAI TONGBAO CHILDREN TOYS CO., LTD.",邢台彤宝贸易有限公司,W3,0416,[W3]0416
"HEBEI HONGTU BABY TOYS CO., LTD.",河北宏途儿童用品有限公司,W3,0421,[W3]0421
"HEBEI QIKE TECHNOLOGY CO., LTD.",河北骑客科技有限公司,W3,0426,[W3]0426
"HEBEI YIHAO BICYCLE CO., LTD.",河北怡豪自行车有限公司,W3,0432,[W3]0432
"HEBEI HENGRUN BICYCLE MANUFACTURING CO., LTD.",河北恒润自行车制造有限公司,W3,0436,[W3]0436
"QUZHOU HONGYA BIKE PARTS CO., LTD.",曲周县宏亚自行车配件有限公司,W3,0439,[W3]0439
邢台维克多车业有限公司,邢台维克多车业有限公司,W3,0442,[W3]0442
"HEBEI LIFENG BICYCLE CO., LTD.",河北利丰自行车有限公司,W3,0601,[W3]0601
"HEBEI XIAOTIANHANG BICYCLE CO., LTD.",河北小天航自行车有限公司,W3,0605,"[W3]0605,[W5]0544"
"HEBEI XIAOTIANHANG BICYCLE CO., LTD.",河北小天航自行车有限公司,W5,0544,"[W3]0605,[W5]0544"
"XINGTAI SHANGXUE BICYCLE CO., LTD.",邢台尚学车业有限公司,W3,0711,[W3]0711
"HEBEI TIANYUAN TECHNOLOGY CO., LTD.",河北天元科技有限公司,W3,0716,"[W3]0716,[E2]0029,[E4]0444"
"HEBEI TIANYUAN TECHNOLOGY CO., LTD.",河北天元科技有限公司,E2,0029,"[W3]0716,[E2]0029,[E4]0444"
"HEBEI TIANYUAN TECHNOLOGY CO., LTD.",河北天元科技有限公司,E4,0444,"[W3]0716,[E2]0029,[E4]0444"
"XINGTAI OUYATE BICYCLE CO., LTD.",邢台市欧亚特车业有限公司,W3,0721,[W3]0721
TPT CYCLE (TIANJIN) LIMITED,天津荣知园自行车有限公司,W3,0726,[W3]0726
"XINGTAI XINWANG TRADE &amp; AGENT CO., LTD.",邢台鑫旺贸易代理有限公司,W3,0732,[W3]0732
"XINGTAI NUOLONG CYCLE CO., LTD.",邢台诺隆科技有限公司,W3,0736,[W3]0736
"HEBEI MAIBANGKE AUTOMOBILE INDUSTRY CO., LTD.",河北迈邦克车业有限公司,W3,0742,[W3]0742
"HEBEI HONGTENG BICYCLE CO., LTD.",河北鸿腾自行车有限公司,W3,0901,[W3]0901
"HEBEI TIENIU BICYCLE INDUSTRY CO., LTD.",河北铁牛自行车业有限公司,W3,0905,[W3]0905
"XINGTAI WANTAI BICYCLE CO., LTD.",邢台万泰车业有限公司,W3,0911,[W3]0911
"NINGBO VALUE BICYCLE CO., LTD.",宁波伟力车业有限公司,W3,0921,[W3]0921
"XINGTAI SIRIS BICYCLE TECHNOLOGY CO., LTD.",邢台赛瑞斯自行车科技有限公司,W3,0926,[W3]0926
河北柒克车业有限公司,河北柒克车业有限公司,W3,0932,[W3]0932
"HEBEI BEIYAQI BICYCLE CO., LTD.",河北贝亚琪童车有限公司,W3,0936,[W3]0936
"XINGTAI SHUOPAI BICYCLE MANUFACTURING CO., LTD.",邢台硕湃自行车制造有限公司,W3,0939,[W3]0939
GL,平乡县工力飞轮有限公司,W3,0942,"[W3]0942,0739,[W4]1426,[E2]0007"
GL,平乡县工力飞轮有限公司,W4,1426,"[W3]0942,0739,[W4]1426,[E2]0007"
GL,平乡县工力飞轮有限公司,E2,0007,"[W3]0942,0739,[W4]1426,[E2]0007"
广宗凯狮儿童自行车制造有限公司,广宗凯狮儿童自行车制造有限公司,W3,1205,[W3]1205
"WENZHOU DORICH INDUSTRY CO., LTD.",温州德润国际贸易有限公司,W3,1211,[W3]1211
PINGXIANG ZHENHAOWAN,平乡县真好玩儿童玩具厂,W3,1536,[W3]1536
"XINGTAI BOHONG IMPORT AND EXPORT CO., LTD.",邢台博红进出口有限公司,W3,1539,[W3]1539
"HEBEI CHIJIU TECHNOLOGY CO., LTD.",河北驰久科技有限公司,W3,1542,"[W3]1542,[W3]1244"
"HEBEI CHIJIU TECHNOLOGY CO., LTD.",河北驰久科技有限公司,W3,1244,"[W3]1542,[W3]1244"
"XINGTAI FEITIAN BICYCLE CO., LTD.",邢台市飞天自行车有限公司,W3,1701,[W3]1701
"XINGTAI QIANGYU VEHICLE INDUSTRY CO., LTD.",邢台强宇车业有限公司,W3,1707,[W3]1707
"TIANJIN HUIZHU INDUSTRIAL CO., LTD.",天津辉柱贸易有限公司,W3,1709,[W3]1709
"XINGTAI YANGCHUANG BICYCLE TECHNOLOGY CO., LTD.",邢台扬创自行车科技有限公司,W3,1712,[W3]1712
"XINGTAI SAIGUAN CYCLE CO., LTD.",邢台赛冠自行车有限公司,W3,1715,[W3]1715
"XINGTAI HAORUI BICYCLE CO., LTD.",邢台皓睿自行车有限公司,W3,1717,[W3]1717
广宗县世宝自行车配件厂,广宗县世宝自行车配件厂,W3,1719,[W3]1719
GUANGZONG COUNTY SHUNLI BICYCLE SHOCK ABSORBER FACTORY,广宗县顺利自行车配件厂,W3,1720,[W3]1720
KADINGMAO,曲周县卡丁猫童车厂,W3,1721,[W3]1721
邢台市荣腾儿童玩具有限公司,邢台市荣腾儿童玩具有限公司,W3,1725,[W3]1725
"YING JIANG FITTINGS OF VEHICLE CO., LTD.",慈溪市颖江车辆配件有限公司,W3,1727,[W3]1727
PINGXIANG SHENGRUI,平乡县晟瑞自行车配件厂,W3,1728,[W3]1728
XINGTAISHI KAIXIANG ZIXINGCHE PEIJIAN YOUXIANGONGSI,邢台市凯翔自行车配件有限公司,W3,1729,[W3]1729
"GUANGZONG COUNTY JULONG BICYCLE CO., LTD.",广宗县巨龙车业有限公司,W3,1731,[W3]1731
邢台达盛儿童玩具有限公司,邢台达盛儿童玩具有限公司,W3,1801,[W3]1801
TENGCHEN,平乡县腾晨自行车配件厂,W3,1804,[W3]1804
"XINGTAI DAXIN VEHICLE INDUSTRY CO., LTD.",邢台大信车业有限公司,W3,1805,[W3]1805
"PINGXIANG COAN TY ZHUTECHILD REN TOY CO., LTD.",平乡县卓特儿童玩具有限公司,W3,1806,[W3]1806
"XINGTAI CHANGLI BICYCLE MANUFACTURING CO., LTD.",邢台昶力自行车制造有限公司,W3,1811,[W3]1811
"SHANGHAI BAOQI BABY GOODS CO., LTD.",上海宝骑儿童用品有限公司,W3,1813,[W3]1813
"XINGTAI SHUAIDIAN VEHICLE INDUSTRY CO., LTD.",邢台帅点车业有限公司,W3,1814,[W3]1814
LINYI LUCKY WOVEN HANDICRAFT FACTORY,临沂市罗庄区幸运编织工艺品厂,W3,1817,[W3]1817
"SHANGHAI HUADE YAOXING PLASTIC TECHNOLOGY CO., LTD.",上海华德耀兴塑胶科技有限公司,W4,0001,[W4]0001
GUANGDONG GRAND BILLION ELECTRONICS TECHNOLOGY LTD.,广东浩亿光电科技有限公司,W4,0003,[W4]0003
BOTOU AIDI BICYCLE PARTS FACTORY,泊头市爱迪车业配件厂,W4,0005,[W4]0005
"NINGBO FERTS BICYCLE ACCESSORY CO., LTD.",宁波福致自行车附件有限公司,W4,0007,[W4]0007
"GUANGZHOU SOMTA OPTICAL TECHNOLOGY CO., LTD.",广州尚达光学科技有限公司,W4,0009,[W4]0009
"SHENZHEN BIKEVEE ELECTRONICS CO., LTD.",深圳市博时利电子有限公司,W4,0012,[W4]0012
XIDIAN TIANQI,宁县县西店天奇户外用品厂,W4,0013,[W4]0013
"BOTOU XINNUO BICYCLE BELL CO., LTD.",泊头市鑫诺车业有限公司,W4,0015,[W4]0015
"SHANGHAI SUNRISE TRADING CO., LTD.",上海晨瑞商贸有限公司,W4,0017,[W4]0017
"SHENZHEN YI PAIER ELECTRONIC TECHNOLOGY CO., LTD.",深圳市易派尔电子科技有限公司,W4,0021,[W4]0021
"LOUDI ZHUORUI TECHNOLOGY CO., LTD.",娄底市卓瑞科技有限公司,W4,0022,[W4]0022
"KUNSHAN CHAONUO PLASTIC PRODUCTS CO., LTD.",昆山超诺塑胶制品有限公司,W4,0023,[W4]0023
"UTS SPORT CO., LTD.",广州市联胜体育用品有限公司,W4,0025,[W4]0025
"SUZHOU INDUSTRIAL PARK XINXING BELL CO., LTD.",苏州工业园区新兴车铃有限公司,W4,0027,[W4]0027
"XINGTAI AILI INFLATOR CO., LTD.",邢台艾利气筒制造有限公司,W4,0029,[W4]0029
MARVEL OUTDOOR PRODUCTS LTD.,安徽酷贝童车有限公司,W4,0031,[W4]0031
"HANGZHOU LAMEDA SPORTS CO., LTD.",杭州兰帕达体育用品有限公司,W4,0105,[W4]0105
STRATEGIC SPORTS LTD.,东莞韬略运动器材有限公司,W4,0111,[W4]0111
"JINHUA UNISKY TOOLS CO., LTD.",金华市天裕工具有限公司,W4,0113,[W4]0113
"WUHAN QIWU TECHNOLOGY CO., LTD.",武汉齐物科技有限公司,W4,0116,[W4]0116
"JINGZHOU TAIKE SPORT EQUIPMENT CO., LTD.",荆州市泰克体育用品有限公司,W4,0121,[W4]0121
邢台市虹飞车业有限公司/河北金力自行车零件有限公司,邢台市虹飞车业有限公司/河北金力自行车零件有限公司,W4,0126,"[W4]0126,0329"
"CHANGZHOU FENGYU HARDWARE TECHNOLOGY CO., LTD.",常州市丰宇五金工艺有限公司,W4,0132,[W4]0132
深圳市加雪龙科技有限公司,深圳市加雪龙科技有限公司,W4,0136,[W4]0136
深圳市捷步宝运动科技有限公司,深圳市捷步宝运动科技有限公司,W4,0139,[W4]0139
"LIAN YANG PLASTIC (SHEN ZHEN) CO., LTD.",联扬塑胶（深圳）有限公司,W4,0142,[W4]0142
"HEBEI GOOD PUMP TECHNOLOGY CO., LTD.",河北好泵科技有限公司（原乐驰科技）,W4,0144,[W4]0144
"HEBEI XINGBAIKE BICYCLE MANUFACTURING CO., LTD.",河北星佰客自行车制造有限公司,W4,0201,[W4]0201
PINGXIANG YAFENG SADDLE FACTORY,平乡县亚凤鞍座厂,W4,0305,[W4]0305
"DONGYANGSHI XINNUO LEISURE PRODUCTS MANUFACTURING CO., LTD.",东阳市欣诺休闲用品制造有限公司,W4,0311,[W4]0311
"XINGTAI LIETU BICYCLE PARTS CO., LTD.",邢台猎途自行车配件有限公司,W4,0316,[W4]0316
"CIGNA SPORTS CO., LTD.",广东信诺体育用品有限公司,W4,0321,"[W4]0321,0621"
"SHANGHAI DABUZIDUO INFORMATION &amp; TECHNOLOGY CO., LTD.",上海大不自多信息科技有限公司,W4,0326,[W4]0326
"JIAXING OSKAR-BEBEHUT SPORTS TECHNOLOGY CO., LTD.",嘉兴奥拜运动科技有限公司,W4,0432,[W4]0432
"NEW AN LUN LAMP (SHEN ZHEN) CO., LTD.",新全轮车灯（深圳）有限公司,W4,0436,[W4]0436
广州席凡丝服饰有限公司,广州席凡丝服饰有限公司,W4,0439,[W4]0439
"NINGBO ZHENHAI DADI BICYCLE CO., LTD.",宁波市镇海大地车业有限公司,W4,0442,[W4]0442
"JIASHAN LEADBIKE CO., LTD.",嘉善力动户外用品有限公司,W4,0444,[W4]0444
"WENZHOU SENDE LOCKS CO., LTD.",温州森德锁具有限公司,W4,0536,[W4]0536
"NINGBO ZHENHAI HUALONG PLASTIC PRODUCTS CO., LTD.",宁波市镇海华隆塑胶制品有限公司,W4,0601,[W4]0601
"YONGKANG ZHUFENG INFLATOR CO., LTD.",永康市珠峰气筒有限公司,W4,0605,[W4]0605
"WENZHOU JINFU LOCKS CO., LTD.",温州市金福锁业有限公司,W4,0611,[W4]0611
"JIAXING HUAXIN ELECTRONIC ACCESSARY AND BICK CO., LTD.",嘉兴市华欣电子车业有限公司,W4,0616,[W4]0616
宁波安途户外用品有限公司,宁波安途户外用品有限公司,W4,0618,[W4]0618
"YIWU LEDONG IMPORT AND EXPORT CO., LTD.",义乌市乐动进出口有限公司,W4,0626,[W4]0626
"HANGZHOU XINHAI INDUSTRIAL CO., LTD.",杭州欣海实业有限公司,W4,0732,[W4]0732
"YONGKANG MINGDA IMP. &amp; EXP. CO., LTD.",永康市名大进出口有限公司,W4,0736,[W4]0736
"SHANGHAI ZHENGXING BICYCLE CO., LTD.",上海正行自行车有限公司,W4,0739,"[W4]0739,[E5]1723"
"SHANGHAI ZHENGXING BICYCLE CO., LTD.",上海正行自行车有限公司,E5,1723,"[W4]0739,[E5]1723"
"WENZHOU YUNXIAO BICYCLE PARTS CO., LTD.",温州云霄车辆配件有限公司,W4,0742,[W4]0742
"ZHUHAI SAFETY HELMETS MFG CO., LTD.",珠海市恒基业安全头盔有限公司,W4,0744,[W4]0744
WENZHOU OUHAI CIHU DAILY LOCK FACTORY,温州市瓯海慈湖日用锁厂,W4,0901,[W4]0901
"ZHEJIANG ZHONGLI GROUP CO., LTD.",浙江中立集团有限公司,W4,0905,[W4]0905
"JIASHAN SHENGGUANG ELECTRONICS CO., LTD.",嘉善声光电子有限公司,W4,0911,[W4]0911
"CIXI CITY XURI LOCKS CO., LTD.",慈溪市旭日锁具有限公司,W4,0916,[W4]0916
"WENZHOU TONGYONG LOCKS CO., LTD.",温州市通用锁具有限公司,W4,0921,[W4]0921
"JIAXING XINGCHENG ELECTRONICS CO., LTD.",嘉兴星程电子有限公司,W4,0926,[W4]0926
"WENZHOU JINJIAN SMART LOCK CO., LTD.",温州金锏智能锁具有限公司,W4,0932,[W4]0932
FIDLOCK INDUSTRIAL (SHENZHEN) LIMITED,斐得洛扣实业（深圳）有限公司,W4,0934,[W4]0934
"BOTOU ANNUO BICYCLE CO., LTD.",泊头市安诺车业有限责任公司,W4,0936,[W4]0936
"NINGBO EASTPOWER ELECTRONICS CO., LTD.",宁波意沃电子有限公司,W4,0939,[W4]0939
"WENZHOU HONGAN HARDWARE CO., LTD.",温州市弘安五金有限公司,W4,0942,[W4]0942
"HUIZHOU LANOVA OUTDOOR PRODUCTS CO., LTD.",惠州市乐德沃户外用品有限公司,W4,0944,[W4]0944
BÜCHEL,南京凌旭工贸实业有限公司,W4,1232,[W4]1232
"SHENZHEN SOONA INDUSTRIAL &amp; TRADING CO., LTD.",深圳市苏那工贸有限公司,W4,1234,[W4]1234
河北鸿鼎运动用品有限公司,河北鸿鼎运动用品有限公司,W4,1236,[W4]1236
"CHENGDU CHENDIAN INTELLIGENT TECHNOLOGY CO., LTD.",成都晨电智能科技有限公司,W4,1239,[W4]1239
"WENZHOU YIMIN LOCKS CO., LTD.",温州益民锁业有限公司,W4,1242,[W4]1242
"WENZHOU GOLDENKEY LOCK INDUSTRIAL CO., LTD.",温州金钥匙锁业有限公司,W4,1244,[W4]1244
浙江珠峰工贸有限公司,浙江珠峰工贸有限公司,W4,1301,[W4]1301
"ZHEJIANG KANGJIAGN SPORTS &amp; EQUIPMENT CO., LTD.",浙江康匠运动器械有限公司（珠光气筒厂）,W4,1305,[W4]1305
"XIAOQI SPORTS GOODS (ZHEJIANG) CO., LTD.",小骑运动用品（浙江）有限公司,W4,1308,[W4]1308
"HEBEI MEIDE BICYCLE CO., LTD.",河北美德车业有限公司,W4,1311,[W4]1311
"NINGBO FANCHENG INDUSTRY TRADE CO., LTD.",宁波市繁诚工贸实业有限公司,W4,1316,[W4]1316
"BEIJING HONOR TRADE CO., LTD.",北京欧耐经贸有限公司,W4,1321,[W4]1321
"WENZHOU DALISHI TECHNOLOGY CO., LTD.",温州达利仕科技有限公司,W4,1429,[W4]1429
HONGLEXIN COMPOSITE MATERIALS TECHNOLOGY,厦门鸿乐鑫复材科技有限公司,W4,1505,[W4]1505
武义新明珠气筒制造有限公司,武义新明珠气筒制造有限公司,W4,1511,[W4]1511
"INTERNATIONAL PNY SPORTS CO., LIMITED",广州市凯洛斯体育用品有限公司,W4,1513,[W4]1513
"NINGBO KAIWEI BICYCLE PARTS CO., LTD. / NINGBO DETAI MACHINE INDUSTRY CO., LTD.",宁波凯威车料有限公司/宁波德泰机械实业有限公司,W4,1516,[W4]1516
"FULL MARK (KUNSHAN) CO., LTD.",昆山十全塑胶五金产品有限公司,W4,1521,[W4]1521
"ANSHENG PRECISION METAL PRODUCTS CO., LTD.",太仓安笙精密金属制品有限公司,W4,1532,[W4]1532
"HEBEI WANHAO BICYCLE MANUFACTURING CO., LTD.",河北万豪自行车制造有限公司,W4,1534,[W4]1534
SOKIND CYCLING TECH LIMITED,泉州舒康服饰有限公司,W4,1536,[W4]1536
"NINGBO KAISHENG ELECTRICAL APPLIANCE CO., LTD.",宁波凯盛电器有限公司,W4,1539,[W4]1539
"CHANGZHOU EASTEK INTERNATIONAL CO., LTD.",常州东岩国际贸易有限公司,W4,1542,[W4]1542
"CHANGZHOU JCL VEHICLE CO., LTD.",常州市璟程乐车业有限公司,W4,1544,[W4]1544
"CHANGZHOU HAOTU BASKET OF FITTINGS CO., LTD.",常州新区昊图自行车配件有限公司,W4,1644,[W4]1644
广州市博顿运动装备股份有限公司,广州市博顿运动装备股份有限公司,W4,1701,[W4]1701
"ENCHESS INTERNATIONAL CO., LTD.",鸿馼有限公司,W4,1703,[W4]1703
邯郸市安骑骑行装备有限公司,邯郸市安骑骑行装备有限公司,W4,1705,[W4]1705
"CIXI SHENGHUI BICYCLE CO., LTD.",慈溪市胜辉车业有限公司,W4,1707,[W4]1707
"XIAMEN KINGUARD LOCKS CO., LTD.",厦门金佳德锁业有限公司,W4,1709,[W4]1709
"JINHUA DONEN SPORT CO., LTD.",金华市达恩运动用品有限公司,W4,1711,[W4]1711
"SHENZHEN COOSPO TECH CO., LTD.",深圳市酷思运动科技有限公司,W4,1715,[W4]1715
"CANGZHOU KMT TECHNOLOGY CO., LTD.",沧州康美特科技有限公司,W4,1717,[W4]1717
"XINGTAI JIAGUAN TECHNOLOGY CO., LTD.",邢台佳冠科技有限公司,W4,1719,[W4]1719
"DONGGUAN YAQI OUTDOOR PRODUCTS CO., LTD.",东莞市雅琪户外用品有限公司,W4,1723,[W4]1723
STANCE,斯坦斯商贸有限公司,W4,1725,[W4]1725
"NINGBO AUDE ELECTRONICS CO., LTD.",宁波市鄞州奥多电器有限公司,W4,1727,[W4]1727
河北省双娃自行车有限公司,河北省双娃自行车有限公司,W4,1729,[W4]1729
"GUANGZHOU XUNQI GLASSES CO., LTD.",广州市迅奇眼镜有限公司,W4,1731,[W4]1731
"NINGBO THAINHUAMBO TRADING CO., LTD.",宁波赛恩万博贸易有限公司,W4,1801,[W4]1801
"BOTOU TAIHE BICYCLE BELL CO., LTD.",泊头市太和车铃有限公司,W4,1803,[W4]1803
"DONGGUAN YIYANG SPORTS CO., LTD.",东莞市亿扬运动用品有限公司,W4,1805,[W4]1805
"GUANGZHOU HAOQIANG SPORTS GOODS CO., LTD.",广州市豪强体育用品有限责任公司,W4,1806,[W4]1806
GUANGZONGXIAN ZHOMGDA ZIXC,广宗县中达自行车配件厂,W4,1807,[W4]1807
PINGXIANG ZHUOXUN BICYCLE PARTS FACTORY,平乡县卓迅自行车配件厂,W4,1811,[W4]1811
"JIAXING BOSCHEN HARDWARE &amp; PLASTIC CO., LTD.",嘉兴市博盛五金塑料股份有限公司,W4,1813,[W4]1813
"ZHONGSHAN FIELDWALK PLASTIC PRODUCTS CO., LTD.",中山闪耀户外用品有限公司,W4,1814,[W4]1814
"HANGZHOU SIKE BOYU BROTHERS CLOTHING CO., LTD.",杭州丝科博煜兄弟服饰有限公司,W4,1815,[W4]1815
"NINGBO UNIT AUTO MOBILE ACCESSORIES CO., LTD.",宁波尤利特汽车用品股份有限公司,W4,1816,[W4]1816
"WENZHOU JINQIU LOCK CO., LTD.",温州市金球锁业有限公司,W4,1817,[W4]1817
上海晨依服饰有限公司,上海晨依服饰有限公司,W4,1820,[W4]1820
"TSB TECHNOLOGY CO., LTD.",陕西泰世邦科技实业有限公司,W5,0001,[W5]0001
ITM BIKE CONSULTANCY SRL,ITM BIKE CONSULTANCY SRL,W5,0003,[W5]0003
"SHENZHEN SANDIAN TECHNOLOGY CO., LTD.",深圳市善电科技有限公司,W5,0005,[W5]0005
"HUIZHOU WINFORCE COMPOSITE TECHNOLOGY CO., LTD.",惠州市怡丰复材科技有限公司,W5,0007,"[W5]0007,0121"
"ALU MEGA INDUSTRIAL CO., LTD.",铝大股份有限公司,W5,0009,[W5]0009
"GUANGZHOU SUNOK GLASSES CO., LTD.",广州尚诺克眼镜有限公司,W5,0010,[W5]0010
"ZHEJIANG MINGXIN SPORTS GOODS CO., LTD.",浙江铭鑫体育用品有限公司,W5,0011,[W5]0011
"WENZHOU CONCENT LOCKS CO., LTD.",温州康升特锁业有限公司,W5,0013,[W5]0013
"NINGBO CYCLE SPORTS EQUIPMENT CO., LTD.",宁波赛客运动器材有限公司,W5,0017,[W5]0017
"SUZHOU XUANCHENG SPORTS EQUIPMENT TECHNOLOGY CO., LTD.",苏州轩诚运动器材科技有限公司,W5,0019,[W5]0019
"JIAXING BEIAN SPORTS TECHNOLOGY CO., LTD.",嘉兴贝安运动科技有限公司,W5,0021,[W5]0021
HEIBEI JINGDA,河北晶大车业有限公司,W5,0025,[W5]0025
欧宇诺自行车配件厂,欧宇诺自行车配件厂,W5,0028,[W5]0028
"GUANGZHOU TEWSN SPORTS CO., LTD.",广州市途士恩体育用品有限公司,W5,0030,[W5]0030
"SHANGHAI MONTASEN MATERNAL AND CHILDREN PRODUCT CO., LTD.",上海萌大圣母婴儿童用品有限公司,W5,0105,[W5]0105
"ZHEJIANG FEISHEN VEHICLE CO., LTD.",浙江飞神车业有限公司,W5,0111,"[W5]0111,[E6]0932"
"ZHEJIANG FEISHEN VEHICLE CO., LTD.",浙江飞神车业有限公司,E6,0932,"[W5]0111,[E6]0932"
"GALAXY BICYCLE CO., LTD.",鹤山市格莱仕车业有限公司,W5,0116,[W5]0116
TOSUOD,义乌市塔斯体育用品有限公司,W5,0123,[W5]0123
SHUNDE MOON HELMET.COM,佛山市顺德区跨速头盔有限公司,W5,0126,[W5]0126
"XIAMEN PANDA PODIUM TECHNOLOGY CO., LTD.",厦门磐搭冠科技有限公司,W5,0129,[W5]0129
"HEBEI HONGCHI BICYCLE CO., LTD.",河北宏驰自行车有限公司,W5,0132,[W5]0132
"DIVANO TECHNOLOGY CO., LTD.",台湾加乘兴业有限公司,W5,0134,[W5]0134
"SHANGHAI RALLEX INDUSTRIAL CO., LTD.",上海彦锐实业有限公司,W5,0136,[W5]0136
"SHENZHEN JIEMEISHENG SPORTS EOUIPMENT CO., LTD.",深圳捷美盛体育器材有限公司,W5,0139,[W5]0139
"SHENZHEN MOGUBROTHERS TECHNOLOY CO., LTD.",深圳市蘑菇兄弟科技有限公司,W5,0140,[W5]0140
"XIAMEN RIDING BEAUTY SPORTS TECHNOLOGY CO., LTD.",厦门骑形体育科技有限公司,W5,0142,[W5]0142
"HANGZHOU KING PALACE SPORTS EQUIPMENT CO., LTD.",杭州金宸运动器材有限公司,W5,0144,[W5]0144
"FACTOR BIKES CHINA CO., LTD.",上海菲克特自行车有限公司,W5,0201,[W5]0201
UNIVERSAL CYCLE CORPORATION,广州环球自行车工业有限公司,W5,0505,[W5]0505
广州可欣体育用品有限公司,广州可欣体育用品有限公司,W5,0511,[W5]0511
"SHENZHEN SUPERLINK BICYCLE CO., LTD.",深圳市顺联车业有限公司,W5,0513,[W5]0513
"BEIJING POWERPOOL SPORTS DEVELOPMENT CO., LTD.",北京力方力合体育发展有限公司,W5,0516,[W5]0516
深圳市新赫琦科技有限公司,深圳市新赫琦科技有限公司,W5,0518,[W5]0518
"QINGDAO MAGENE INTELLIGENCE TECHNOLOGY CO., LTD.",青岛迈金智能科技股份有限公司,W5,0521,[W5]0521
"HEFEI LIGHT-CARBON BICYCLE CO., LTD.",合肥莱特卡本自行车有限公司,W5,0526,[W5]0526
"GUANGZHOU MONTON SPORTS GOODS CO., LTD.",广州市脉腾运动用品有限公司,W5,0532,[W5]0532
JETSON TRADING,上海铨轮贸易有限公司,W5,0534,[W5]0534
"DONGGUAN FROG SPORTS TECHNOLOGY CO., LTD.",东莞市青蛙运动科技有限公司,W5,0536,[W5]0536
"YONGKANG SHENFENG INDUSTRY &amp; TRADE CO., LTD.",永康市神蜂工贸有限公司,W5,0539,[W5]0539
"TIANJIN OVERFLY VEHICLE CO., LTD.",天津飞越车业有限公司,W5,0542,[W5]0542
"TIANJIN SANHESHUN INDUSTRY &amp; TRADE CO., LTD.",天津市三合顺工贸有限公司,W5,0726,[W5]0726
"RAVEMEN (HK) ELECTRONICS CO., LTD.",深圳市中科锐电子有限公司,W5,0732,[W5]0732
NANJING YONGLU TEXTILE LTD.,南京永禄纺织品有限公司,W5,0734,[W5]0734
深圳市龙岗区黑石运动器材有限公司,深圳市龙岗区黑石运动器材有限公司,W5,0736,[W5]0736
"XIAMEN XUTU OPTICAL GLASSES CO., LTD.",厦门旭途光学眼镜有限公司,W5,0739,[W5]0739
"ZHEJIANG VEONINSERT SPORTS TECHNOLOGY CO., LTD.",浙江威隆运动科技股份有限公司,W5,0742,[W5]0742
"SHUZTUNG MACHINERY (KUNSHAN) CO., LTD.",旭东机械（昆山）有限公司,W5,0744,[W5]0744
上海哈啰普惠科技有限公司,上海哈啰普惠科技有限公司,W5,0905,[W5]0905
"DONGGUAN ZHICHENG SPORTS TECHNOLOGY CO., LTD.",东莞市志诚运动科技有限公司,W5,0913,[W5]0913
"TIANJIN HOLYLION BICYCLE CO., LTD.",天津市圣狮自行车有限公司,W5,0916,[W5]0916
"HENZHEN KUOTA TRADING CO., LTD.",深圳扩塔贸易有限公司,W5,0918,[W5]0918
大鹅车业（深圳）有限公司,大鹅车业（深圳）有限公司,W5,0921,[W5]0921
"HEBEI HUAGAISI ELECTRIC VEHICLE TECHNOLOGY CO., LTD.",河北华盖斯电动车科技有限公司,W5,0923,[W5]0923
"SHENZHEN ANTAI SPORTS EQUIPMENT CO., LTD.",深圳市安泰运动器材有限公司,W5,0926,[W5]0926
"EK (XIAMEN) COMPOSITES TECHNOLOGY CO., LTD.",易凯科越（厦门）复材科技有限公司,W5,0932,[W5]0932
"KUNSHAN WANTONGHE MACHINERY CO., LTD.",昆山市万同和机械有限公司,W5,0934,[W5]0934
"XINGTAI BAOLIN BICYCLE CO., LTD.",邢台宝琳车业有限公司,W5,0936,[W5]0936
"YI MING TECHNOLOGY CO., LTD.",亿铭材料科技有限公司,W5,0939,[W5]0939
"NINGBO TIANQI TECHNOLOGY CO., LTD.",宁波天旗科技有限公司,W5,0942,[W5]0942
河北昇宏车业有限公司,河北昇宏车业有限公司,W5,1023,[W5]1023
"NINGBO JULONG MACHINERY CO., LTD.",宁波巨隆机械股份有限公司,W5,1305,[W5]1305
高乐普电气（苏州）有限公司,高乐普电气（苏州）有限公司,W5,1309,[W5]1309
"HEBEI YIHE BICYCLE CO., LTD.",河北怡合自行车有限公司,W5,1313,"[W5]1313,[N1]0415"
"HEBEI YIHE BICYCLE CO., LTD.",河北怡合自行车有限公司,N1,0415,"[W5]1313,[N1]0415"
"XIAMEN ELITE SPORTING GOODS CO., LTD.",厦门缘安复材科技有限公司,W5,1316,[W5]1316
"SHANGHAI PARAGON INDUSTRY IMP &amp; EXP CO., LTD.",上海彩森进出口有限公司,W5,1321,[W5]1321
"HANGZHOU XIBU TECHNOLOGY CO., LTD.",杭州犀步科技有限公司,W5,1326,[W5]1326
XINGTAI LECHI HIGH-PRESSURE PUMP FACTORY,邢台乐驰高压气筒制造厂（普通合伙）,W5,1332,[W5]1332
"CANGZHOU KAIZE TECHNOLOGY CO., LTD.",沧州开泽科技有限公司,W5,1334,[W5]1334
"GUANGZHOU INCOLOR SPORTS PRODUCTS CO., LTD.",广州英凯路体育用品有限公司,W5,1336,[W5]1336
"FOSHAN DASHUO MENTAL PRODUCT CO., LTD.",佛山市大硕金属制品有限公司,W5,1339,[W5]1339
"TOP RIDER (TIANJIN) BICYCLE CO., LTD.",途瑞达（天津）车业有限公司,W5,1342,[W5]1342
TIANJIN OCEAN BICYCLE INUDSTRY GROUP LIMITED,天津拓凯新材料科技有限公司,W5,1344,[W5]1344
JAUBLE,天津新聚友运动器材有限公司,W5,1513,[W5]1513
"HEBEI GREENSKY BICYCLE CO., LTD.",河北绿驰车业集团有限公司,W5,1516,[W5]1516
"QUANZHOU YUAN XING LIGHT INDUSTRY DEVELOPMENT CO., LTD.",泉州市元兴轻工发展有限公司,W5,1518,[W5]1518
SHANGHAI ONQUOR SPORTS TECHNOLOGY LTD.,上海盎刻运动科技有限公司,W5,1521,[W5]1521
"SHENZHEN EXPLORER OUTDOOR PRODUCTS CO., LTD.",深圳探索者户外用品有限公司,W5,1523,[W5]1523
"ZHEJIANG GOCCIA ELECTRIC TECHNOLOGY CO., LTD.",浙江凯驰电动科技有限公司,W5,1526,[W5]1526
"DONGGUAN HONGTU SPORTING CO., LTD.",东莞市宏途运动用品有限公司,W5,1532,[W5]1532
"CHINA SHENZHEN CYLION TECHNOLOGY INTL CO., LTD.",深圳市赛领车业科技有限公司,W5,1534,[W5]1534
"TIANJIN ANSHILI SCIENCE AND TECHNOLOGY CO., LTD.",天津安士力科技有限公司,W5,1536,[W5]1536
"HONG FU SPORTS EQUIPMENT CO., LTD.",深圳市鸿富体育用品有限公司,W5,1539,[W5]1539
"XINGTAI HEFENGYUAN IMP. &amp; EXP. CO., LTD.",邢台合丰源进出口贸易有限公司,W5,1542,[W5]1542
"COSMOS E-BIKE CO., LTD.",宇宙电动科技（杭州）有限公司,W5,1544,[W5]1544
天津永鑫运动器材有限公司,天津永鑫运动器材有限公司,W5,1701,[W5]1701
CYBREI,厦门市益百克运动器材有限公司,W5,1705,[W5]1705
"OUTCYCLE TRADING CO., LTD.",拜奥睿思（深圳）贸易有限公司,W5,1707,[W5]1707
"DURMAS ENTERPRISE CO., LTD.",哲三贸易有限公司,W5,1709,[W5]1709
"GUANGZHOU SIDEBIKE SPORT CO., LTD.",广州市赛铂客体育用品有限公司,W5,1711,[W5]1711
"GUANGZHOU LANGSTON ELECTRONIC TECHNOLOGY CO., LTD.",广州市兰士顿电子科技有限公司,W5,1713,[W5]1713
"SHENZHEN WILDFIRES OUTDOOR PRODUCTS CO., LTD.",深圳市野火户外用品有限公司,W5,1715,[W5]1715
EAST MELA,东方梅拉有限公司,W5,1717,[W5]1717
"RED STAR LOCKS CO., LTD.",佛山市南海红星锁业有限公司,W5,1719,[W5]1719
惠州市智联运动科技有限公司,惠州市智联运动科技有限公司,W5,1721,[W5]1721
EASTPARTS INTERNATIOANL LTD.,宁波锦路车业有限公司,W5,1723,[W5]1723
骑行宝（上海）体育用品有限公司,骑行宝（上海）体育用品有限公司,W5,1725,[W5]1725
"WENZHOU ANTONG LOCKS CO., LTD.",温州市安通锁业有限公司,W5,1727,[W5]1727
"LEAD TREND TECHNOLOGY CO., LTD.",天之健（宁波）工具制造有限责任公司,W5,1729,[W5]1729
HIMALAYA OUTDOOR PRODUCTION CO,中山喜玛拉雅户外,W5,1731,[W5]1731
"BNINGO INNRACK TECHNOLOGY CO., LTD.",宁波逸路客科技有限公司,W5,1801,[W5]1801
"SHENZHEN KING-SERRY ELECTRONICS CO., LTD.",深圳市金西瑞电子有限公司,W5,1805,[W5]1805
"WUHAN MY KILOMETRE SPORTS CULTURE DEVELOPMENT CO., LTD.",武汉市劢励体育文化发展有限公司,W5,1806,[W5]1806
"FUSHUN SHUNDE XIANGSHUNHONG SPORTING GOODS CO., LTD.",佛山市顺德区翔顺宏运动器材有限公司,W5,1807,[W5]1807
"DONGGUAN WENCAN SPORTING GOODS CO., LTD.",东莞文灿体育用品有限公司,W5,1808,[W5]1808
"FARSPORTS (XIAMEN) TECHNOLOGY CO., LTD.",方远复材（厦门）科技有限公司,W5,1811,[W5]1811
河北澳明车业有限公司,河北澳明车业有限公司,W5,1813,[W5]1813
"DONGGUAN CITY FAST SPORTS PRODUCTS CO., LTD.",东莞市迅捷运动用品有限公司,W5,1815,[W5]1815
"NINGBO CHEPARK INDUSTRY AND TRADE CO., LTD.",宁波双伟工贸有限公司,W5,1816,[W5]1816
MONU SPORTS,东莞魔诺运动科技有限公司,W5,1817,[W5]1817
,河北多乐儿童玩具有限公司,W3,1532,[W3]1532
,邯郸市路驰童车有限公司,W3,1521,[W3]1521
,邢台市天星儿童玩具有限公司,W3,1226,[W3]1226
,河北库比车业有限公司,W3,1511,[W3]1511
,厦门凯迪尔进出口有限公司,W3,1523,[W3]1523
,宁波童萌车业有限公司,W3,1232,[W3]1232
,河北井昌车业有限公司,W3,1236,[W3]1236
,邢台市布鲁顿自行车制造有限公司,W3,1516,[W3]1516
,邢台铁友车业有限公司,W3,1234,[W3]1234
,河北金赛克自行车制造有限公司,W3,1513,[W3]1513
,邢台恒鹏车业有限公司,W3,1239,[W3]1239
,广宗县东尼兔儿童玩具有限公司,W3,1526,[W3]1526
,邢台海龙车业有限公司,W3,1218,[W3]1218
,广宗县恒威车业有限公司,W3,1321,[W3]1321
,河北百美气筒制造有限公司,W3,1242,[W3]1242
,邢台市森金儿童玩具有限公司,W3,1216,[W3]1216
,河北拓步车业有限公司,W3,1301,[W3]1301
,邢台毅明自行车有限公司,W3,1213,[W3]1213
,河北万美自行车有限公司,W3,1505,[W3]1505
,杭州慧同科技有限公司,W3,1339,[W3]1339
